{"Wheat": {"RUS": 5.070987583348453e-06, "UKR": 1.0446520804931903e-05, "CHN": 1.3628664508353132e-05, "CAN": 2.293373506943372e-05, "IND": 6.466334185653757e-05, "USA": 7.942543980984617e-05, "AUS": 0.0072729556337941}, "Rice; paddy": {"THA": 7.95775459694178e-08, "TLS": 4.9032475554151e-06}, "Barley": {"CAN": 1.0982146228250417e-07, "DEU": 1.472348925191334e-07, "GBR": 2.6701225772544644e-07, "CHN": 4.353748234692693e-07, "FRA": 1.1632737165609729e-06, "USA": 7.966780496821614e-06, "AUS": 0.0001203401572652}, "Maize": {"TLS": 0.0123632277771293}, "Potatoes": {"CAN": 2.5779179490359364e-08, "BGD": 1.050837616211051e-06, "USA": 2.542182843652967e-06, "IDN": 7.180291999377611e-06, "CHN": 1.933603020921401e-05, "TLS": 0.0007279835515705}, "Sweet potatoes": {"TLS": 0.0012024452032397}, "Cassava": {"TLS": 6.247622410814898e-05}, "Roots and tubers nes": {"TLS": 0.000130984132922}, "Beans; dry": {"TLS": 0.003655368800583}, "Chick peas": {"CAN": 5.445642903077091e-10, "TUR": 5.5061132664319515e-09, "PRT": 8.630958764718351e-09, "USA": 2.234184817819437e-08, "ETH": 4.880384462698039e-08, "MMR": 7.393467929277816e-08, "IND": 1.7373926107177496e-07, "ARG": 2.2974551080735654e-07, "MEX": 3.2384640526441204e-07, "AUS": 9.91247144325625e-07}, "Lentils": {"USA": 6.36355278818768e-09, "CAN": 8.057726919857204e-09, "IND": 1.5510712346325494e-08, "MWI": 2.833615982374501e-08, "NPL": 1.953181897963709e-07, "MMR": 2.796547651639118e-07, "AUS": 7.801094403220348e-07}, "Nuts nes": {"TUR": 2.141488481142253e-08, "CHN": 3.10192437061277e-08, "ESP": 1.7803886636001525e-07, "IDN": 5.65807494885192e-06}, "Soybeans": {"USA": 1.0186790721091596e-05, "ARG": 2.35000905974055e-05, "IDN": 5.042929331844905e-05, "BRA": 5.583739553582775e-05, "TLS": 0.0005823548002191}, "Groundnuts; with shell": {"TLS": 0.0009301229837917}, "Coconuts": {"TLS": 0.003232012420034}, "Oil palm fruit": {"IDN": 0.000933744661783}, "Olives": {"TUR": 1.650529889239041e-07, "GRC": 2.024810981341282e-07, "TUN": 2.678205014697076e-07, "ITA": 6.825564931488987e-07, "ESP": 2.360572452562008e-06, "PRT": 2.6866278140624498e-06}, "Sunflower seed": {"RUS": 2.8305998741913864e-08, "TUR": 4.187388843468583e-08, "MDA": 6.448087133544715e-08, "ROU": 8.204271356135362e-08, "CHN": 1.3939008905693346e-07, "BGR": 1.500733952611779e-07, "UKR": 2.722348962363241e-07, "ESP": 4.181613619947975e-07, "FRA": 4.3983258656215766e-07, "ARG": 7.075929211739142e-07, "AUS": 0.0}, "Rapeseed": {"CAN": 3.2193345283659367e-10, "CZE": 6.14918083089446e-10, "POL": 8.360979266242323e-10, "FRA": 2.3501053019036404e-09, "UKR": 3.348007894013799e-09, "DEU": 4.744998827967516e-09, "IND": 7.810418522362935e-09, "AUS": 3.8819766788271924e-07}, "Sesame seed": {"BGD": 1.2840404666186365e-08, "CHN": 1.815818423254618e-08, "NGA": 3.067672938508531e-08, "SDN": 5.208367089986976e-08, "BFA": 5.5520421853313394e-08, "PAK": 8.542070956808043e-08, "MMR": 1.5028041276876152e-07, "LKA": 2.193220522637961e-07, "IND": 3.215105916194303e-07, "TZA": 3.987732996394191e-07, "UGA": 4.439349599420114e-07}, "Mustard seed": {"RUS": 5.927957222182935e-09, "ROU": 1.0859660391496612e-08, "CZE": 2.578347801633316e-08, "DEU": 3.3158922066883966e-08, "USA": 3.5222408036520785e-08, "UKR": 6.188133498587539e-08, "CAN": 7.543710441054392e-08, "FRA": 1.9596754365003482e-07, "CHN": 2.219459907751285e-07, "NPL": 1.4732899821561355e-06}, "Cabbages and other brassicas": {"TLS": 0.0001051659995147}, "Lettuce and chicory": {"USA": 3.2156055586571222e-09, "SGP": 3.739886103522872e-09, "THA": 4.7216423169762965e-09, "CHN": 5.733474395787988e-09, "MYS": 1.136428437131798e-07}, "Tomatoes": {"PRT": 6.382471469402081e-08, "MYS": 7.747147226529569e-08, "TLS": 4.479481814455368e-05}, "Cauliflowers and broccoli": {"CHN": 8.017021249804371e-08, "AUS": 9.557328096584688e-08}, "Cucumbers and gherkins": {"TLS": 6.525989057704186e-05}, "Chillies and peppers; green": {"IND": 9.754200446252109e-09, "CHN": 3.2124311651706654e-08, "THA": 1.4742513087471396e-07, "MYS": 3.121961866223854e-07}, "Onions; shallots; green": {"CHN": 3.769573987653109e-07, "THA": 6.520951171832526e-06}, "Onions; dry": {"NLD": 1.5154672088524654e-08, "USA": 7.91581597096149e-08, "MMR": 3.70823126192295e-07, "IDN": 1.3136449321301726e-06, "IND": 2.348546537621654e-06, "CHN": 6.7011275011504735e-06}, "Garlic": {"CHN": 5.298535500791187e-06, "TLS": 0.0001501825263682}, "Leeks; other alliaceous vegetables": {"CHN": 1.7804591726629993e-07}, "Beans; green": {"TLS": 0.001775360242338}, "Carrots and turnips": {"CHN": 1.9258171727403562e-07, "AUS": 4.172587788657693e-07}, "Maize; green": {"USA": 2.7045968046655027e-08, "CHN": 5.417229499936804e-08, "IDN": 2.2067457376514145e-07, "THA": 4.198374438675285e-07}, "Mushrooms and truffles": {"ESP": 6.27582951839905e-10, "CHN": 4.2323657107895066e-08, "IDN": 9.748984915783277e-08}, "Vegetables; fresh nes": {"IDN": 1.993211680190028e-05, "TLS": 0.0037781303407312}, "Bananas": {"TLS": 0.000520172270245}, "Oranges": {"USA": 1.860823151436126e-06, "CHN": 2.0715253093167266e-06, "ZAF": 2.2671972904057303e-06, "TLS": 0.0001260901587819}, "Tangerines; mandarins; clementines; satsumas": {"PAK": 9.923226915010581e-08, "ARG": 1.9075037388707186e-07, "CHN": 6.889548061757806e-06}, "Lemons and limes": {"EGY": 4.4867115598276226e-10, "USA": 3.334669047252149e-09, "IND": 8.572160310382917e-09, "ARG": 1.5500928177448626e-08, "CHN": 2.929671481238353e-08, "MEX": 3.0227301436602137e-08, "THA": 3.0334417982204274e-08, "TUR": 4.193687033418658e-08, "MYS": 1.5968406768657676e-07, "ZAF": 6.481254823734759e-07}, "Grapefruit (inc. pomelos)": {"ISR": 1.8907780653705319e-10, "TUR": 7.646227914386426e-10, "CYP": 8.352836445520482e-10, "CHN": 1.4410284989276094e-09, "USA": 1.3515215439928296e-08, "VNM": 1.4136324203132109e-08, "THA": 3.3348357791518275e-08, "MYS": 9.609591354491382e-08, "ZAF": 1.500429938303188e-07}, "Apples": {"FRA": 1.1426055354857557e-07, "USA": 2.765594788591352e-07, "NZL": 5.135222027950585e-07, "ZAF": 3.008932371962121e-06, "CHN": 1.4026173619864012e-05}, "Pears": {"USA": 4.1376801998965505e-09, "ARG": 7.755208080432216e-08, "ZAF": 3.167815125150961e-07, "CHN": 5.67546853120573e-07}, "Grapes": {"ITA": 8.395200783971848e-08, "CHN": 1.9644148332394773e-07, "USA": 2.3878128217768445e-07, "FRA": 2.422245710981232e-07, "ZAF": 5.748118920177131e-07, "ESP": 8.022436496459834e-07, "CHL": 1.4508291834475555e-06, "AUS": 3.4714807246117616e-06, "PRT": 5.554569579695856e-06}, "Melons; other (inc.cantaloupes)": {"ESP": 9.779573863929087e-10, "BRA": 4.255378348682681e-09, "IDN": 5.2216608295086565e-09, "HND": 7.844347887522509e-09, "AUS": 2.339599779427383e-08, "CHN": 3.371987311097608e-08}, "Mangoes; mangosteens; guavas": {"TLS": 0.0003883714964931}, "Avocados": {"TLS": 0.0001734356998082}, "Pineapples": {"IDN": 2.505972076966117e-07, "TLS": 9.51962338778068e-07}, "Persimmons": {"ISR": 1.2152750465086148e-10, "NZL": 5.880086934503582e-10, "KOR": 1.2472680623180364e-09, "ESP": 1.515784998916099e-09, "CHN": 1.947800584762736e-09}, "Kiwi fruit": {"ITA": 9.497252045596477e-09, "CHL": 4.667328236281968e-08, "NZL": 5.036018651906756e-08}, "Papayas": {"TLS": 4.426474172528243e-05}, "Fruit; tropical fresh nes": {"TLS": 0.0001375663189974}, "Fruit; fresh nes": {"TUR": 3.651992794366966e-07, "ESP": 8.790647106093723e-07, "MYS": 3.159960261764336e-06, "ZAF": 3.983198823165772e-06, "VNM": 4.630768325834806e-06, "THA": 5.573050901287731e-06, "CHN": 9.278608749532624e-06, "IDN": 1.750628120449972e-05}, "Coffee; green": {"IDN": 0.0003422334267748, "TLS": 0.0114959363762875}, "Cocoa; beans": {"IDN": 1.941346719875728e-05, "TLS": 0.0010811945414855}, "Tea": {"THA": 3.410542757805961e-07, "VNM": 4.592725635528353e-06, "IDN": 3.9521556688863264e-05}, "Pepper (piper spp.)": {"VNM": 3.088355621225042e-07, "IDN": 2.1534335439653807e-05}, "Chillies and peppers; dry": {"ESP": 1.5709001258140913e-08, "THA": 3.2371243574630666e-08, "VNM": 9.073663421037284e-08, "CHN": 1.3507624176913626e-07, "PER": 2.854547942351398e-07,