{"Wheat": {"RUS": 3.551099633329271e-06, "CHN": 7.838578875498002e-06, "UKR": 8.44268976779322e-06, "CAN": 1.900275505562648e-05, "USA": 4.252564371112266e-05, "IND": 6.179715517234842e-05, "AUS": 0.0040558067169269}, "Rice; paddy": {"THA": 7.601039239598935e-08, "TLS": 2.922770564433361e-06}, "Barley": {"GBR": 8.917665056478929e-08, "CAN": 9.19448731244641e-08, "DEU": 1.0723173760503108e-07, "CHN": 1.590765742276257e-07, "FRA": 3.982297987094672e-07, "USA": 2.561980067960606e-06, "AUS": 6.844635970812773e-05}, "Maize": {"TLS": 0.007085510734913}, "Potatoes": {"CAN": 2.122572436990457e-08, "BGD": 9.834485712749728e-07, "USA": 1.032527449759851e-06, "IDN": 5.609930177501132e-06, "CHN": 9.44833770033114e-06, "TLS": 0.0004045706372924}, "Sweet potatoes": {"TLS": 0.0006682486453635}, "Cassava": {"TLS": 0.0001579084498869}, "Roots and tubers nes": {"TLS": 0.0003310619629269}, "Beans; dry": {"TLS": 0.0020654570803322}, "Chick peas": {"CAN": 4.68037607212179e-10, "TUR": 3.895866715759227e-09, "PRT": 4.821656650457208e-09, "USA": 1.0287042128665893e-08, "ETH": 3.3789238374566673e-08, "MMR": 7.169511053156276e-08, "ARG": 1.196568362790494e-07, "IND": 1.629133477710345e-07, "MEX": 1.8696618709564984e-07, "AUS": 4.769064046210147e-07}, "Lentils": {"USA": 2.9300232952064797e-09, "CAN": 6.925388414668396e-09, "IND": 1.4544220224405653e-08, "MWI": 1.907313366902724e-08, "NPL": 1.4272453201192426e-07, "MMR": 2.711836920223622e-07, "AUS": 3.753243482461712e-07}, "Nuts nes": {"CHN": 1.3182512824235852e-08, "TUR": 1.5904584994531154e-08, "ESP": 1.1676089149872437e-07, "IDN": 4.407116087705915e-06}, "Soybeans": {"USA": 6.820766861970635e-06, "ARG": 1.542815939545791e-05, "BRA": 2.076156983487481e-05, "IDN": 3.907752827237617e-05, "TLS": 0.0003337543617463}, "Groundnuts; with shell": {"TLS": 0.0005330643848363}, "Coconuts": {"TLS": 0.0017803949501685}, "Oil palm fruit": {"IDN": 0.0007340855089252}, "Olives": {"GRC": 8.318741529863643e-08, "TUR": 1.149017166263398e-07, "TUN": 2.1602446593398545e-07, "ITA": 4.761869476075487e-07, "PRT": 1.3422000992625598e-06, "ESP": 1.6137593770468454e-06}, "Sunflower seed": {"RUS": 2.0483767217366583e-08, "TUR": 2.8433198980716608e-08, "MDA": 5.4863502064358894e-08, "CHN": 5.9300683922079243e-08, "ROU": 6.231597754386598e-08, "BGR": 1.0455685703797644e-07, "FRA": 1.4157153309264446e-07, "UKR": 2.2135369521796237e-07, "ESP": 2.857058619905638e-07, "ARG": 3.9924812256042346e-07, "AUS": 0.0}, "Rapeseed": {"CAN": 2.854526109466626e-10, "CZE": 4.691181092743926e-10, "POL": 6.608649248672451e-10, "FRA": 1.0339917271064748e-09, "UKR": 2.714974980194234e-09, "DEU": 3.484631814897941e-09, "IND": 7.208258786926071e-09, "AUS": 2.494341052649481e-07}, "Sesame seed": {"CHN": 6.554608656634288e-09, "BGD": 1.1820391691340944e-08, "NGA": 1.822734423143718e-08, "BFA": 3.032724655069543e-08, "SDN": 4.0593586489571524e-08, "PAK": 8.0185558330724e-08, "MMR": 1.4647031293692078e-07, "LKA": 1.8125461457796745e-07, "TZA": 1.8402249260347565e-07, "IND": 2.992545737115637e-07, "UGA": 3.227730648522215e-07}, "Mustard seed": {"RUS": 3.562340253771474e-09, "ROU": 7.006436675911969e-09, "USA": 1.8107459078710572e-08, "CZE": 1.971453656953752e-08, "DEU": 2.4343013441557252e-08, "FRA": 3.8129706850864776e-08, "UKR": 5.038716752524488e-08, "CAN": 6.322587143887459e-08, "CHN": 8.011644192002671e-08, "NPL": 9.403262848005358e-07}, "Cabbages and other brassicas": {"TLS": 6.001449839807903e-05}, "Lettuce and chicory": {"USA": 1.3059611024760364e-09, "CHN": 3.154759329080286e-09, "SGP": 3.739886103522872e-09, "THA": 4.469387939245182e-09, "MYS": 1.07878654226293e-07}, "Tomatoes": {"PRT": 3.6898365227192624e-08, "MYS": 7.35419661796127e-08, "TLS": 2.556281073904361e-05}, "Cauliflowers and broccoli": {"AUS": 3.591903861371537e-08, "CHN": 4.411247148471695e-08}, "Cucumbers and gherkins": {"TLS": 3.724150026211114e-05}, "Chillies and peppers; green": {"IND": 9.166124680722213e-09, "CHN": 1.7675926476266352e-08, "THA": 1.3954892337017252e-07, "MYS": 2.963609794243258e-07}, "Onions; shallots; green": {"CHN": 2.074152230093393e-07, "THA": 6.172568475805054e-06}, "Onions; dry": {"NLD": 9.293383607354068e-09, "USA": 3.214868106134092e-08, "MMR": 3.581643824549287e-07, "IDN": 1.0544121704429816e-06, "IND": 2.2069538657666165e-06, "CHN": 3.687196111862197e-06}, "Garlic": {"CHN": 2.9154406469250056e-06, "TLS": 8.570383041791252e-05}, "Leeks; other alliaceous vegetables": {"CHN": 9.796712773552376e-08}, "Beans; green": {"TLS": 0.001013134995259}, "Carrots and turnips": {"CHN": 1.0596523630189977e-07, "AUS": 1.568171986828315e-07}, "Maize; green": {"USA": 1.7190486677001323e-08, "CHN": 2.808456236541197e-08, "IDN": 1.647539234276631e-07, "THA": 3.9368070955942354e-07}, "Mushrooms and truffles": {"ESP": 3.8102033883381767e-10, "CHN": 2.3287965182161865e-08, "IDN": 7.825134549865042e-08}, "Vegetables; fresh nes": {"IDN": 1.5998742144526533e-05, "TLS": 0.0021560447133837}, "Bananas": {"TLS": 0.0002979718629681}, "Oranges": {"ZAF": 6.614045437821675e-07, "USA": 8.020085700985542e-07, "CHN": 8.803537963242586e-07, "TLS": 6.945835992765749e-05}, "Tangerines; mandarins; clementines; satsumas": {"PAK": 9.337352400625437e-08, "ARG": 9.559837161269452e-08, "CHN": 2.9279100592439706e-06}, "Lemons and limes": {"EGY": 4.4867115598276226e-10, "USA": 1.437231234077542e-09, "ARG": 7.768600721730251e-09, "IND": 7.952217184896827e-09, "CHN": 1.2450475014190416e-08, "MEX": 1.4419064231488548e-08, "THA": 2.8812679609495807e-08, "TUR": 3.1146024109311866e-08, "MYS": 1.5033372617397044e-07, "ZAF": 1.890762399888508e-07}, "Grapefruit (inc. pomelos)": {"ISR": 1.714476404685358e-10, "TUR": 5.67876422510803e-10, "CHN": 6.124061839537984e-10, "CYP": 8.180181868828143e-10, "USA": 5.825012764477561e-09, "VNM": 1.3358495984923572e-08, "THA": 3.1675423906716665e-08, "ZAF": 4.377171686910982e-08, "MYS": 9.046899269658949e-08}, "Apples": {"FRA": 2.1845272055534493e-08, "NZL": 1.0716538084330786e-07, "USA": 1.1919621271684821e-07, "ZAF": 8.777893089281418e-07, "CHN": 5.960822751532456e-06}, "Pears": {"USA": 1.783326361821676e-09, "ARG": 3.8866779073567934e-08, "ZAF": 9.24139829605111e-08, "CHN": 2.4119523159549765e-07}, "Grapes": {"FRA": 4.6310485025998937e-08, "ITA": 6.332902250110511e-08, "CHN": 8.348341428512304e-08, "USA": 1.0291393598463493e-07, "ZAF": 1.6768862542725766e-07, "CHL": 4.406949566250205e-07, "ESP": 5.261249166934275e-07, "AUS": 1.8690711923922448e-06, "PRT": 2.818889857504927e-06}, "Melons; other (inc.cantaloupes)": {"ESP": 6.413609489744711e-10, "BRA": 1.6190562316732964e-09, "IDN": 4.0671899284297885e-09, "HND": 4.959738427395775e-09, "AUS": 1.2596580238664644e-08, "CHN": 1.4330222359007304e-08}, "Mangoes; mangosteens; guavas": {"TLS": 0.0002139393545828}, "Avocados": {"TLS": 9.553925046929836e-05}, "Pineapples": {"IDN": 1.951920035626276e-07, "TLS": 5.244005036011869e-07}, "Persimmons": {"ISR": 1.1019592571979679e-10, "NZL": 1.2270973918908007e-10, "CHN": 8.277734438321106e-10, "ESP": 9.940773686794527e-10, "KOR": 1.202017791502336e-09}, "Kiwi fruit": {"ITA": 7.1642323271474325e-09, "NZL": 1.0509513587301949e-08, "CHL": 1.4177189417677344e-08}, "Papayas": {"TLS": 2.43837932520628e-05}, "Fruit; tropical fresh nes": {"TLS": 7.578014803972876e-05}, "Fruit; fresh nes": {"TUR": 2.712292422252185e-07, "ESP": 5.765054641960462e-07, "ZAF": 1.162009945750315e-06, "MYS": 2.974927978695528e-06, "CHN": 3.943209576306271e-06, "VNM": 4.375967839933207e-06, "THA": 5.293476544050276e-06, "IDN": 1.363577086371211e-05}, "Coffee; green": {"IDN": 0.0002728094727382, "TLS": 0.0065852521647275}, "Cocoa; beans": {"IDN": 1.5475337404718937e-05, "TLS": 0.000619343954399}, "Tea": {"THA": 3.264995471118924e-07, "VNM": 4.385873959191841e-06, "IDN": 3.1504389105673865e-05}, "Pepper (piper spp.)": {"VNM": 2.9333188372459973e-07, "IDN": 1.6842044348374107e-05}, "Chillies and peppers; dry": {"ESP": 9.537303339056592e-09, "THA": 3.0641805519795094e-08, "CHN": 7.432370050720716e-08, "VNM": 8.73273234339764e-08,