{"Wheat": {"RUS": 0.0010376217190725, "UKR": 0.0020340842558145, "CAN": 0.0021346778650701, "USA": 0.0023066169313669, "AUS": 0.0255862376157627, "BGD": 0.0298553348318853, "IND": 0.0468395320258989}, "Rice; paddy": {"BGD": 0.0001190336671046}, "Barley": {"DEU": 3.1846413518240804e-07, "CAN": 1.925525231537248e-06, "FRA": 3.1090067466685783e-06, "IND": 4.754821773240425e-06, "BGD": 4.3177597692712e-05, "USA": 0.000197372541268}, "Maize": {"IND": 0.0020872617697966, "BGD": 0.002258331259255}, "Oats": {"FIN": 1.1512979217848272e-08, "IRL": 2.6021225226351722e-08, "GBR": 1.5266255561312618e-06, "AUS": 0.0001344706287979}, "Millet": {"BGD": 0.001542680266902}, "Sorghum": {"AUS": 1.8938731963326184e-06, "BGD": 1.1355788707463938e-05, "IND": 1.8969901742199483e-05}, "Canary seed": {"THA": 7.545808409666695e-05}, "Potatoes": {"BGD": 0.0872799007236038}, "Sweet potatoes": {"BGD": 0.0050446169270912}, "Cassava": {"KHM": 1.109066542172698e-08, "THA": 3.2996057630435413e-07}, "Beans; dry": {"BGD": 0.0143883091511844}, "Broad beans; horse beans; dry": {"AUS": 1.2376315788187198e-05}, "Peas; dry": {"CAN": 0.0023549905393742, "BGD": 0.002446398591885, "AUS": 0.0301598688444314}, "Chick peas": {"BGD": 0.0013670626479471, "AUS": 0.5010015578320315}, "Pigeon peas": {"BGD": 0.0001030704033222}, "Lentils": {"CAN": 0.001976638808718, "NPL": 0.0185125222176248, "BGD": 0.0296034000046248, "AUS": 0.3482831270526754}, "Pulses nes": {"BGD": 0.0228254211076799}, "Almonds; with shell": {"AUS": 5.72686807663932e-06, "USA": 6.852833524928208e-05}, "Walnuts; with shell": {"CHN": 4.45435961810979e-07, "USA": 2.037815578855388e-06, "IND": 2.518822599735772e-06}, "Pistachios": {"AFG": 5.381892268416355e-07, "PAK": 7.519104456433104e-07, "USA": 1.1314595884945063e-06, "IRN": 4.567568116276819e-06, "TUR": 2.990553708754848e-05}, "Areca nuts": {"THA": 0.0028874255763819, "IDN": 0.0205481253066574, "BGD": 0.0476610725393803}, "Soybeans": {"CAN": 0.0002401147735976, "USA": 0.0015911181492824, "BGD": 0.0072433145002194, "URY": 0.010006314611546, "ARG": 0.0103530506737717, "IND": 0.0117095571634923, "BRA": 0.0164129909180941, "PRY": 0.0432807408642648}, "Groundnuts; with shell": {"BGD": 0.0029003814613996}, "Coconuts": {"IND": 0.0005378983822797, "IDN": 0.0007760736189998, "BGD": 0.0081995571997727}, "Oil palm fruit": {"MYS": 0.0237962360858685, "IDN": 0.0302259196796315}, "Olives": {"TUR": 3.3157099382297485e-06, "TUN": 5.93685250111591e-06, "GRC": 6.836894204793924e-06, "ITA": 1.830729996765985e-05, "ESP": 0.0001151817108713}, "Sunflower seed": {"MDA": 1.7758805610896933e-06, "HUN": 1.819028412443766e-06, "ROU": 3.449330816139224e-06, "BGR": 3.993676776635919e-06, "FRA": 4.103395238399293e-06, "CHN": 6.961798582550582e-06, "TUR": 9.947220651675987e-06, "ITA": 1.4358301902569435e-05, "RUS": 1.4417057760718129e-05, "UKR": 2.910506188756869e-05, "ARG": 5.318308763541518e-05}, "Rapeseed": {"IND": 0.0118301041058433, "AUS": 0.0169353099014199, "BGD": 0.0268929492021282}, "Sesame seed": {"BGD": 0.0013285092563762}, "Mustard seed": {"RUS": 1.813215838553107e-07, "UKR": 5.040927915099385e-07, "CAN": 5.290546267433159e-07, "NPL": 4.166753411014403e-05}, "Cabbages and other brassicas": {"BGD": 0.0033605535186291}, "Asparagus": {"ESP": 2.8715159145818833e-08, "THA": 3.221056794768861e-07}, "Lettuce and chicory": {"BGD": 0.0007670646947698}, "Spinach": {"BGD": 0.0016727705760012}, "Tomatoes": {"IND": 0.0002333088447542, "BGD": 0.0048914507822123}, "Cauliflowers and broccoli": {"BGD": 0.0033808473326167}, "Pumpkins; squash and gourds": {"BGD": 0.0098718409087038}, "Cucumbers and gherkins": {"BGD": 0.002781058400155}, "Onions; dry": {"IND": 0.0049440844640534, "BGD": 0.0290293112765185}, "Garlic": {"IND": 0.0004968593877651, "CHN": 0.0009987551928625, "BGD": 0.0110682308499608}, "Beans; green": {"BGD": 0.0038228702047207}, "Peas; green": {"CHN": 1.2164847059822682e-05, "CAN": 1.9384973558291387e-05, "USA": 3.1193245610782666e-05, "MEX": 7.01400226166459e-05, "GTM": 7.683146916882442e-05}, "Carrots and turnips": {"IND": 6.801297593148598e-06, "CHN": 0.0001178491187805}, "Mushrooms and truffles": {"CHN": 1.2956361347560404e-06}, "Vegetables; fresh nes": {"PAK": 0.0006201986543969, "BGD": 0.0316343535074256}, "Bananas": {"BGD": 0.0112623111920597}, "Oranges": {"EGY": 3.513268821284052e-05, "BGD": 0.0003294799906995, "IND": 0.0005352950035181, "ZAF": 0.0021340647265657}, "Tangerines; mandarins; clementines; satsumas": {"PAK": 2.273292679579777e-05, "CHN": 0.0007604626863089, "BGD": 0.0012307203172121}, "Lemons and limes": {"BGD": 0.017157076411631}, "Grapefruit (inc. pomelos)": {"BGD": 0.0033467774092548}, "Apples": {"ZAF": 0.0005359956546581, "BRA": 0.0006127342831936, "IND": 0.0018600112895688, "CHN": 0.0026175875710728}, "Pears": {"CHN": 9.76835802608242e-05}, "Apricots": {"TUR": 0.0001161616350026, "AFG": 0.0001460105697539, "IND": 0.0003277380642949, "PAK": 0.0055898180356284}, "Plums and sloes": {"IND": 0.0004684249324251}, "Strawberries": {"NLD": 2.500615710678495e-09, "ESP": 5.409771808285972e-09, "MEX": 9.05373911440899e-08, "USA": 1.5136934556910541e-07}, "Berries nes": {"BGD": 0.000938137997589}, "Grapes": {"AFG": 1.334310792829363e-05, "USA": 1.9692280734323216e-05, "CHN": 8.708106211227277e-05, "IND": 0.0005571905213158}, "Watermelons": {"IND": 5.594545090187248e-08}, "Melons; other (inc.cantaloupes)": {"BGD": 0.0048334338473021}, "Figs": {"CHN": 6.30371394853087e-08, "SYR": 8.342332119549661e-08, "TUN": 1.0710128389455626e-07, "IRN": 3.428878027419683e-07, "TUR": 7.557664939185693e-07}, "Mangoes; mangosteens; guavas": {"BGD": 0.0321440311483926}, "Pineapples": {"BGD": 0.0036700161106978}, "Dates": {"EGY": 3.208947911099421e-06, "SAU": 2.591409974815907e-05, "TUN": 3.356086240527427e-05, "DZA": 3.824976986282232e-05, "PAK": 0.0007077223351301}, "Papayas": {"BGD": 0.0047387644145824}, "Fruit; tropical fresh nes": {"BGD": 0.02792693432963}, "Fruit; fresh nes": {"IND": 0.0004555311100493, "BGD": 0.0231824800182917}, "Coffee; green": {"CHN": 5.40451302856292e-06, "MYS": 1.0873325096861118e-05, "UGA": 4.727418894944685e-05, "VNM": 5.3809374035963856e-05, "BRA": 9.05695130671896e-05, "IND": 0.0002182234486354, "IDN": 0.0002856775965596}, "Cocoa; beans": {"CMR": 4.3660158861465925e-05, "NGA": 7.188319493442285e-05, "PNG": 7.247011618429693e-05, "GHA": 0.0003910537023007, "CIV": 0.0004835300144536, "IDN": 0.0005973865644205, "ECU": 0.0006118257038874}, "Tea": {"IND": 0.0020849820078742, "BGD": 0.0051288750109108}, "Pepper (piper spp.)": {"MYS": 3.302061156902596e-06, "IND": 4.2472568755812245e-05, "VNM": 7.171210367446416e-05, "IDN": 0.0001348331584904, "LKA": 0.0009752136189765}, "Chillies and peppers; dry": {"IND": 0.0036381154502615, "BGD": 0.0186164998797987}, "Cinnamon (cannella)": {"IDN": 7.343227476282797e-05, "CHN": 0.0015497290337136}, "Cloves": {"COM": 0.0, "TZA": 7.120837080456735e-05, "IDN": 0.0001620918591213, "LKA": 0.0007425575750383, "MDG": 0.0214090323167608}, "Nutmeg; mace and cardamoms": {"IND": 8.785476357385499e-05, "LKA": 0.0004833616909248, "IDN": 0.0008958690345506, "GTM": 0.0229287442482517}, "Anise; badian; fennel; coriander": {"IRN": 2.7324658029152483e-05, "SYR": 0.0002119302211251, "TUR": 0.0002810256317681, "IND": 0.0017562075823787}, "Ginger": {"IND": 0.0001651078581846, "IDN": 0.0003422443934039, "CHN": 0.0021164877189341, "BGD": 0.0023379700637196}, "Spices nes": {"IND": 0.000322348545328, "BGD": 0.0127283945683745}, "Meat; cattle": {"POL": 5.821205286058818e-08, "ALB": 2.7273885116057806e-10, "SWE": 1.3953896789237351e-09, "DNK": 1.4314540288890295e-09, "SVK": 2.06871022245371e-10, "FIN": 3.9059030151280847e-11, "VNM": 7.127925045153818e-09, "GBR": 1.6449470808169097e-06, "BGR": 5.340432201845237e-12, "DEU": 1.0675548921238992e-07, "UKR": 1.364322024591585e-07, "LVA": 1.9080160052215605e-10, "LTU": 8.988806789501274e-10, "CZE": 3.3731162783024804e-10, "FRA": 9.432833287470858e-07, "USA": 1.9173225284821488e-06, "ROU": 1.6743224572188393e-09,