{"Wheat": {"NLD": 1.202558940072528e-06, "LVA": 1.2390049639450813e-06, "BEL": 7.144985543561089e-06, "CAN": 8.235442504131056e-06, "DEU": 1.1733714409818864e-05, "USA": 0.0001147920791745, "FRA": 0.0002265437049024}, "Barley": {"NLD": 1.0844859936323119e-07, "GBR": 5.194954539575992e-07, "BEL": 8.195424413020289e-07, "DEU": 1.2317699370678447e-06, "FRA": 3.5244470952233845e-05}, "Oats": {"DNK": 1.7104039624598444e-08, "SWE": 4.235844496125529e-08, "FIN": 7.264538897910213e-08, "POL": 1.1498746963933045e-07, "FRA": 2.0309472390034283e-07, "DEU": 1.2560404663971858e-06, "NLD": 0.0}, "Potatoes": {"CAN": 8.859807928736088e-08, "BEL": 4.607725706048954e-07, "DEU": 7.362378891994343e-07, "FRA": 2.181726360492968e-06, "NLD": 2.2579179727354008e-06, "USA": 3.2528004331667187e-06}, "Sweet potatoes": {"SUR": 0.0}, "Cassava": {"THA": 1.35821221480752e-07, "SUR": 3.894484829214252e-06}, "Roots and tubers nes": {"GUY": 8.401825358937612e-08, "SUR": 1.0424990841102e-06}, "Beans; dry": {"CAN": 1.1493841412076221e-07, "NLD": 4.457657598402555e-07, "MMR": 3.428472689039653e-06, "USA": 7.318903550046155e-06, "THA": 8.785091406163532e-06, "ETH": 1.0133512415246178e-05, "CHN": 1.3822333314031826e-05, "BRA": 0.0001039202228995, "PER": 0.0001146036760977}, "Peas; dry": {"CAN": 5.404812100680579e-06, "USA": 7.1288142125909534e-06}, "Chick peas": {"USA": 2.5622881215214145e-07, "AUS": 2.798339772304892e-06, "IND": 3.4340291353756646e-06}, "Pulses nes": {"SUR": 0.0}, "Cashew nuts; with shell": {"BFA": 7.750760063853063e-09, "IND": 3.616633444260033e-08, "GHA": 7.928854112836066e-08, "TZA": 2.518985203103064e-07, "CIV": 2.9163413131338305e-07, "MEX": 3.360224137325169e-07, "VNM": 4.3269482958576006e-07, "BRA": 5.689315844959808e-07}, "Almonds; with shell": {"AUS": 1.2066280489341917e-07, "ESP": 1.590009194170047e-07, "USA": 2.3694111359620414e-07}, "Nuts nes": {"TUR": 2.1354095982369698e-07, "CHN": 2.778121372448092e-07, "THA": 1.004361094230942e-06, "MEX": 7.336667104064103e-06, "USA": 8.230928453449357e-06, "GHA": 1.1083256056453905e-05, "IDN": 3.1708556383992e-05}, "Soybeans": {"CAN": 2.08923960063464e-06, "USA": 5.111894994690697e-05, "PRY": 6.728362672094504e-05, "ARG": 9.540562668994785e-05, "BRA": 0.000512107200817}, "Groundnuts; with shell": {"BRA": 1.023994471527701e-05, "USA": 2.3516229771728635e-05, "CHN": 3.882940467355038e-05, "SUR": 0.0}, "Coconuts": {"SUR": 2.5172095283225515e-06}, "Oil palm fruit": {"SUR": 3.4096667556509257e-06, "IDN": 4.914331170270155e-06, "COL": 2.247547087375373e-05, "MYS": 4.627252213544454e-05}, "Olives": {"TUR": 5.292169931002634e-07, "TUN": 8.556324825121992e-07, "GRC": 1.282920011564943e-06, "ITA": 1.74415816019475e-06, "MAR": 3.8971928942520605e-06, "ESP": 6.0451595363326696e-06, "USA": 0.0}, "Sunflower seed": {"CAN": 3.739375492522809e-07, "RUS": 7.472944446344993e-07, "USA": 1.4672126833734247e-06, "HUN": 1.8704952627243024e-06, "ROU": 2.4578967246726426e-06, "BGR": 4.304346032715936e-06, "FRA": 4.906108352272382e-06, "UKR": 5.921227370434666e-06, "ARG": 7.982926052445354e-05}, "Sesame seed": {"BGD": 9.691512404604388e-08, "PAK": 1.637815166718222e-07, "BFA": 2.435726765007112e-07, "THA": 2.44237256460859e-07, "SDN": 2.671921620910716e-07, "UGA": 3.699050293445334e-07, "PRY": 4.250446319570494e-07, "NGA": 4.254507055200182e-07, "CHN": 5.811530394202111e-07, "LKA": 6.207638442994166e-07, "MMR": 6.548152145662322e-07, "MEX": 7.768045692868974e-07, "TZA": 9.734850549328694e-07, "ETH": 1.2058856790770628e-06, "IND": 1.3649937302925925e-06}, "Mustard seed": {"CAN": 7.693729803043321e-07, "NPL": 5.4967563697207616e-05}, "Cabbages and other brassicas": {"USA": 5.407801378996818e-07, "MEX": 6.528625832376369e-07, "SUR": 7.114347812080677e-07}, "Lettuce and chicory": {"MEX": 4.4487640739049057e-08, "USA": 2.314960232761517e-07}, "Tomatoes": {"ESP": 9.86937125338056e-08, "USA": 2.849541987794484e-07, "SUR": 1.4730072351187066e-06, "CHN": 2.889835062777252e-06, "ITA": 3.5546967593087755e-06}, "Cauliflowers and broccoli": {"USA": 8.938823473046682e-07}, "Cucumbers and gherkins": {"SUR": 9.46431712011834e-07}, "Onions; dry": {"EGY": 6.93453359028203e-08, "FRA": 4.04731587650392e-07, "NLD": 1.648920382618946e-06}, "Garlic": {"CHN": 1.963014427839385e-05}, "Beans; green": {"SUR": 2.533556860973622e-06}, "Maize; green": {"CHN": 3.595882799017154e-07, "USA": 9.735505481094933e-07, "THA": 1.2994645898656948e-05}, "Mushrooms and truffles": {"BEL": 1.049150709626558e-10, "POL": 2.60083989612598e-10, "NLD": 2.9082751875483363e-10, "CHN": 1.1038822725632605e-07}, "Vegetables; fresh nes": {"POL": 8.01924652859546e-07, "NLD": 1.2823971504592554e-06, "TUR": 2.302558110289737e-06, "BEL": 2.82513912652746e-06, "ESP": 5.722533859109398e-06, "ITA": 6.607498653783888e-06, "FRA": 6.63949814825226e-06, "IND": 8.792866887734402e-06, "SUR": 1.1730193072325408e-05, "CHN": 3.347185513986453e-05, "MEX": 5.546477794342056e-05}, "Bananas": {"SUR": 1.1487654523766736e-06}, "Plantains and others": {"SUR": 2.1757305399565803e-06}, "Oranges": {"SUR": 2.281026112027907e-05}, "Lemons and limes": {"SUR": 2.008498569293245e-07, "PER": 6.345985358451131e-06}, "Grapefruit (inc. pomelos)": {"SUR": 1.644777996041208e-06}, "Fruit; citrus nes": {"SUR": 4.647611767715052e-06}, "Apples": {"NLD": 1.315866520346197e-08, "MEX": 7.43092941473687e-07, "BRA": 7.708111529886124e-07, "USA": 9.5777030774301e-07, "CHL": 2.044078656388909e-06, "CHN": 4.569445758198195e-06}, "Pears": {"ARG": 1.9036176504885475e-08, "USA": 9.845799010415849e-08, "CHN": 7.912799966963817e-07}, "Cherries": {"SUR": 7.252495569595881e-07}, "Plums and sloes": {"NLD": 1.9186635471558556e-09, "ITA": 5.3547780895484516e-09, "FRA": 1.8849307974365072e-08, "ESP": 2.5262341846898813e-08, "ARG": 1.172523626772327e-07, "USA": 1.2103060184203921e-07, "CHL": 1.3858686001181149e-06, "ZAF": 2.6774516685489576e-06}, "Grapes": {"IRN": 4.6160763364722804e-07, "GRC": 7.496502285676224e-07, "ITA": 1.4512496798788277e-06, "ESP": 1.730493845455124e-06, "TUR": 2.141888437306673e-06, "IND": 2.542289619688192e-06, "MEX": 2.589279463028589e-06, "FRA": 2.59062123932282e-06, "PER": 2.8925808999680938e-06, "ARG": 3.1988310782892427e-06, "USA": 3.993811828269184e-06, "ZAF": 1.597407479959866e-05, "CHL": 3.619515305780305e-05}, "Watermelons": {"SUR": 1.6364320937098142e-06}, "Mangoes; mangosteens; guavas": {"SUR": 2.393579910813432e-06}, "Pineapples": {"SUR": 2.112359038111792e-06, "GUY": 2.7862846746742187e-06, "MEX": 6.727131212184895e-06, "THA": 7.238186607724248e-06, "CRI": 1.5345622084287338e-05}, "Dates": {"ARE": 7.472921611527635e-12, "SAU": 5.881078200937877e-10, "USA": 6.0379272829807804e-09, "ISR": 9.163284730943312e-09, "PAK": 2.316831056118643e-08, "CHN": 2.9124767217760173e-08, "IRN": 4.061827829650802e-08, "DZA": 4.113000438202733e-08, "TUN": 1.897971418983077e-07}, "Papayas": {"SUR": 6.226120863593075e-07}, "Fruit; tropical fresh nes": {"SUR": 7.237336796805985e-07}, "Fruit; fresh nes": {"EGY": 6.326792403895464e-08, "TUR": 3.85928766049472e-07, "ESP": 1.188829298876029e-06, "IND": 1.334562229398267e-06, "VNM": 7.147184430764597e-06, "THA": 8.635228222695133e-06, "PER": 9.223146640551184e-06, "ZAF": 1.4045549199561652e-05, "CHN": 2.9381611346298528e-05, "GTM": 2.9839776669718603e-05, "CHL": 3.9790852738965415e-05, "ECU": 6.782381100657809e-05, "MEX": 0.0001097265408317, "CRI": 0.0001619333749577}, "Coffee; green": {"UGA": 6.233781602695276e-06, "IDN": 6.878197488526277e-06, "VNM": 1.2401287347540836e-05, "PER": 2.096892624329764e-05, "HND": 2.860012084686293e-05, "BRA": 0.0002634432548369, "COL": 0.0004209887825607, "SUR": 0.0}, "Cocoa; beans": {"CMR": 1.1434731550842494e-05, "IDN": 1.344841133330104e-05, "NGA": 2.027766720233404e-05, "ECU": 4.5506811690039374e-05, "GHA": 5.837401438446225e-05, "COL": 6.247500913689139e-05, "CIV": 0.0001037064003918, "BRA": 0.0001161652209336, "SUR": 0.0}, "Tea": {"VNM": 1.7582289231200889e-06, "ARG": 1.8443953551002905e-06, "IDN": 3.330913022061262e-06, "KEN": 8.268382564612507e-06,