{"Wheat": {"NLD": 8.070533379444248e-07, "LVA": 8.372738564424603e-07, "BEL": 4.592249575256013e-06, "CAN": 6.82383816708849e-06, "DEU": 8.554968465317801e-06, "USA": 6.146150492240852e-05, "FRA": 6.192372783796547e-05}, "Barley": {"NLD": 6.737667360798458e-08, "GBR": 1.7350089079134594e-07, "BEL": 5.136082554692564e-07, "DEU": 8.971027751744385e-07, "FRA": 1.2065430838086062e-05}, "Oats": {"DNK": 1.6225438015166226e-08, "SWE": 3.8236012694917976e-08, "FRA": 6.988869132289988e-08, "FIN": 7.21792449339624e-08, "POL": 8.984172824887654e-08, "DEU": 9.246571402896786e-07, "NLD": 0.0}, "Potatoes": {"CAN": 7.29487302479796e-08, "BEL": 3.0190456363583466e-07, "FRA": 3.606315440459876e-07, "DEU": 5.426286062224778e-07, "USA": 1.3211503429899846e-06, "NLD": 1.4053184878494211e-06}, "Sweet potatoes": {"SUR": 0.0}, "Cassava": {"THA": 3.4328768826771146e-07, "SUR": 9.843297530674156e-06}, "Roots and tubers nes": {"GUY": 2.123558581828445e-07, "SUR": 2.6349129885870883e-06}, "Beans; dry": {"CAN": 9.87863164722876e-08, "NLD": 2.858516089014247e-07, "MMR": 3.3246202018644846e-06, "USA": 3.369903356001228e-06, "CHN": 6.699282828988877e-06, "ETH": 7.0159158399806045e-06, "THA": 8.31205396924995e-06, "BRA": 3.708101739471548e-05, "PER": 4.762131782753551e-05}, "Peas; dry": {"USA": 3.282378948574614e-06, "CAN": 4.645283152159265e-06}, "Chick peas": {"USA": 1.1797755334134229e-07, "AUS": 1.3463303953585122e-06, "IND": 3.220050432677974e-06}, "Pulses nes": {"SUR": 0.0}, "Cashew nuts; with shell": {"BFA": 3.9590134653600535e-09, "IND": 3.35507661844375e-08, "GHA": 4.2007328756835584e-08, "TZA": 1.2191132237290688e-07, "CIV": 1.224828832477433e-07, "MEX": 1.602898220005188e-07, "BRA": 2.164630619881617e-07, "VNM": 4.088865012333182e-07}, "Almonds; with shell": {"AUS": 6.496575683702177e-08, "USA": 1.0212082946527853e-07, "ESP": 1.0427548478490945e-07}, "Nuts nes": {"CHN": 1.1806419578291025e-07, "TUR": 1.58594378407219e-07, "THA": 9.53976912868263e-07, "MEX": 3.4997458982709984e-06, "USA": 3.54750270300526e-06, "GHA": 5.871945355961609e-06, "IDN": 2.469802719495198e-05}, "Soybeans": {"CAN": 1.840012339618684e-06, "PRY": 2.569527934656747e-05, "USA": 3.42277022629592e-05, "ARG": 6.263521451949535e-05, "BRA": 0.0001904127030044}, "Groundnuts; with shell": {"BRA": 4.468576699483379e-06, "CHN": 1.859588946965832e-05, "USA": 1.9512576172377755e-05, "SUR": 0.0}, "Coconuts": {"SUR": 1.6381963603547274e-06}, "Oil palm fruit": {"SUR": 2.1934400172578595e-06, "COL": 2.3633500761277125e-06, "IDN": 3.863517989239279e-06, "MYS": 4.338040816298658e-05}, "Olives": {"TUR": 3.684146610824778e-07, "GRC": 5.270753703947648e-07, "TUN": 6.901545962917048e-07, "ITA": 1.2168155438919158e-06, "MAR": 1.4152972527596948e-06, "ESP": 4.1326555670482e-06, "USA": 0.0}, "Sunflower seed": {"CAN": 3.364444506414255e-07, "RUS": 5.407830893477013e-07, "USA": 8.164616035481309e-07, "FRA": 1.5791583028868469e-06, "HUN": 1.690882654886859e-06, "ROU": 1.866908473051669e-06, "BGR": 2.9988586051606646e-06, "UKR": 4.81453912335199e-06, "ARG": 4.504239858264705e-05}, "Sesame seed": {"BGD": 8.921640375212358e-08, "BFA": 1.3304813556291462e-07, "PRY": 1.519994522780684e-07, "PAK": 1.5374389214264136e-07, "SDN": 2.0824738260157186e-07, "CHN": 2.097803774997223e-07, "THA": 2.332755942101241e-07, "NGA": 2.52792152829418e-07, "UGA": 2.6894791084122296e-07, "TZA": 4.492355593590738e-07, "MEX": 5.000254615488749e-07, "LKA": 5.130186872731605e-07, "MMR": 6.382135078438495e-07, "ETH": 8.270268278645691e-07, "IND": 1.2705043862479725e-06}, "Mustard seed": {"CAN": 6.448322416583428e-07, "NPL": 3.5083008492522504e-05}, "Cabbages and other brassicas": {"USA": 2.1962825110413894e-07, "MEX": 3.3766675197162297e-07, "SUR": 4.6033781083647924e-07}, "Lettuce and chicory": {"MEX": 2.300943190332484e-08, "USA": 9.40179994908318e-08}, "Tomatoes": {"ESP": 5.99192691263398e-08, "USA": 1.1572908828674682e-07, "SUR": 9.531174801566632e-07, "CHN": 1.590088922433721e-06, "ITA": 2.6651393358385577e-06}, "Cauliflowers and broccoli": {"USA": 3.63034443894102e-07}, "Cucumbers and gherkins": {"SUR": 6.123938749156116e-07}, "Onions; dry": {"FRA": 6.678197640987141e-08, "EGY": 6.93453359028203e-08, "NLD": 1.011176590568826e-06}, "Garlic": {"CHN": 1.0801196014575346e-05}, "Beans; green": {"SUR": 1.6393519825245135e-06}, "Maize; green": {"CHN": 1.864214811812709e-07, "USA": 6.187912260265138e-07, "THA": 1.218505279264918e-05}, "Mushrooms and truffles": {"BEL": 6.901124136741723e-11, "NLD": 1.7834577215367186e-10, "POL": 2.0232582848456794e-10, "CHN": 6.073948634241131e-08}, "Vegetables; fresh nes": {"POL": 6.238372074101253e-07, "NLD": 7.864115163019565e-07, "FRA": 1.0955379373378097e-06, "TUR": 1.5832633500032577e-06, "BEL": 1.858325561507922e-06, "ESP": 3.474284608263344e-06, "ITA": 4.953982228606209e-06, "SUR": 7.5900863188529724e-06, "IND": 8.262749431701018e-06, "CHN": 1.8417392313059924e-05, "MEX": 2.868691191353673e-05}, "Bananas": {"SUR": 1.0308201896731676e-06}, "Plantains and others": {"SUR": 1.9523454184974465e-06}, "Oranges": {"SUR": 1.4844885308726624e-05}, "Lemons and limes": {"SUR": 1.307127995890954e-07, "PER": 2.7251113722617583e-06}, "Grapefruit (inc. pomelos)": {"SUR": 1.0704191670932625e-06}, "Fruit; citrus nes": {"SUR": 1.1746823377897653e-05}, "Apples": {"NLD": 7.616079573474648e-09, "BRA": 2.932727711687084e-07, "MEX": 3.544711020779532e-07, "USA": 4.127958072764717e-07, "CHL": 6.208967706831373e-07, "CHN": 1.941916375453033e-06}, "Pears": {"ARG": 9.540361250753098e-09, "USA": 4.2435065254466366e-08, "CHN": 3.362770157400952e-07}, "Cherries": {"SUR": 4.719913742547356e-07}, "Plums and sloes": {"NLD": 1.1104997371632804e-09, "FRA": 3.6037656738946718e-09, "ITA": 4.039365714383796e-09, "ESP": 1.6567469877194642e-08, "USA": 5.216378560562703e-08, "ARG": 5.8763370740864514e-08, "CHL": 4.209629290511907e-07, "ZAF": 7.810871629166934e-07}, "Grapes": {"IRN": 2.353252979311532e-07, "GRC": 3.434982417182929e-07, "FRA": 4.952962681192825e-07, "ITA": 1.094747177545004e-06, "ESP": 1.1348870516835315e-06, "MEX": 1.2351412503358504e-06, "PER": 1.2421404495036712e-06, "TUR": 1.5907555422281347e-06, "ARG": 1.603158284395149e-06, "USA": 1.7213195736310725e-06, "IND": 2.3584299022245167e-06, "ZAF": 4.660082163947909e-06, "CHL": 1.099441725382214e-05}, "Watermelons": {"SUR": 1.0649876657941724e-06}, "Mangoes; mangosteens; guavas": {"SUR": 1.557738382122597e-06}, "Pineapples": {"SUR": 1.3747202404335298e-06, "GUY": 1.4565527919782643e-06, "MEX": 3.2089843430313548e-06, "CRI": 6.712744535668396e-06, "THA": 6.875080042888876e-06}, "Dates": {"ARE": 5.3269707747578416e-12, "SAU": 2.2701480026853127e-10, "USA": 2.602326514932488e-09, "ISR": 8.308873340741464e-09, "CHN": 1.237740097690268e-08, "IRN": 2.0706998205495653e-08, "PAK": 2.1800436701663303e-08, "DZA": 2.6688036235933946e-08, "TUN": 1.531177333405227e-07}, "Papayas": {"SUR": 4.051950552032014e-07}, "Fruit; tropical fresh nes": {"SUR": 4.710048434899168e-07}, "Fruit; fresh nes": {"EGY": 6.326792403895464e-08, "TUR": 2.866247899775944e-07, "ESP": 7.796543059080208e-07, "IND": 1.2380459896533429e-06, "PER": 3.960630284898477e-06, "ZAF": 4.097477577191172e-06, "VNM": 6.753922246684405e-06, "THA": 8.202038499019562e-06, "CHL": 1.2086624891430448e-05, "CHN": 1.2486554219011472e-05, "GTM": 1.8243296839299022e-05, "ECU": 1.9870648434380044e-05, "MEX": 5.234188845704989e-05, "CRI": 7.083566713160089e-05}, "Coffee; green": {"UGA": 4.326821433150293e-06, "IDN": 5.482916873192456e-06, "PER": 1.1047285444426836e-05, "VNM": 1.1842746019331388e-05, "HND": 1.8223550603917303e-05, "COL": 5.75471023014309e-05, "BRA": 0.0001007563105133, "SUR": 0.0}, "Cocoa; beans": {"COL": 8.540027409316251e-06, "CMR": 8.956693972414902e-06, "IDN": 1.0720326297695144e-05, "NGA": 1.1378760278893273e-05, "ECU": 1.951833898997388e-05, "GHA": 3.346503758303593e-05, "BRA": 4.44284636495502e-05, "CIV": 4.8174237535675526e-05, "SUR": 0.0}, "Tea": {"ARG": 1.4413938122716643e-06, "VNM": 1.6790400864699564e-06,