{"Wheat": {"USA": 5.15595027336432e-06, "AUS": 0.0036398041361232}, "Rice; paddy": {"IND": 2.2466881207457627e-10, "USA": 3.2351558813979647e-10, "THA": 4.900307000774963e-10}, "Barley": {"DEU": 1.8674005522754024e-08, "FRA": 4.5557058495834354e-08, "NZL": 3.284473645416377e-07, "AUS": 7.73628819604622e-05}, "Maize": {"VUT": 3.7477753415881214e-06}, "Oats": {"NZL": 5.726331299151199e-09, "AUS": 2.2904080782682607e-08}, "Potatoes": {"BEL": 9.388222804559121e-09, "AUS": 6.134652902698088e-07, "NZL": 2.486686337817905e-06}, "Cassava": {"KHM": 3.03785738038391e-10, "THA": 9.00089836544666e-09}, "Roots and tubers nes": {"VUT": 0.0003135014791999}, "Beans; dry": {"USA": 3.2517091923409596e-09, "IND": 4.2043412889973945e-08, "MMR": 4.885674801477168e-08, "AUS": 1.7632582984893353e-07, "THA": 2.598275916499821e-07}, "Peas; dry": {"CAN": 9.933695295220108e-11, "USA": 4.3374130494465584e-10, "NZL": 2.932375583551429e-09, "AUS": 5.488263075037246e-07}, "Lentils": {"USA": 2.2466836396703243e-09, "TUR": 2.4984859119062806e-09, "CAN": 2.811308940293178e-09, "FRA": 1.4388778787169944e-08, "CHN": 1.6654522714083744e-08}, "Nuts nes": {"CHN": 2.7226637499240987e-08, "TUR": 3.537231124430595e-08, "USA": 7.983403825686571e-08, "MEX": 8.693461314863034e-08, "IDN": 1.685050593384298e-07, "THA": 2.408734283238677e-07, "AUS": 3.453176726439413e-06}, "Soybeans": {"CAN": 5.3480084975385246e-08, "URY": 1.4559718197048008e-07, "IND": 2.3353854673921815e-07, "PRY": 2.450343164159964e-07, "USA": 2.88156241178279e-07, "CHN": 3.085472199190808e-07, "ARG": 4.485290307281748e-07, "BRA": 2.2096016261377248e-06}, "Groundnuts; with shell": {"CHN": 4.806226823929409e-06, "VUT": 0.0001598210338927}, "Coconuts": {"VUT": 0.0003945733917473}, "Oil palm fruit": {"MYS": 2.09019618860744e-05, "IDN": 7.088676708690505e-05}, "Olives": {"FRA": 4.166355888390452e-08, "GRC": 1.3015782595600632e-07, "AUS": 2.4248091232200414e-07, "TUN": 2.9637869263903964e-07, "MAR": 3.8615247457827524e-07, "ITA": 6.225668404519045e-07, "ESP": 8.987039790075227e-07}, "Sunflower seed": {"RUS": 1.7300850713499e-08, "ROU": 1.91274047039523e-08, "TUR": 2.8837034671540254e-08, "BGR": 3.1860653835482384e-08, "MDA": 4.908574941442224e-08, "CHN": 5.802286322246924e-08, "ESP": 1.2377188360697672e-07, "FRA": 1.6116377068368874e-07, "UKR": 2.16618257645274e-07, "TZA": 3.197833593979513e-07, "ARG": 3.722856617187082e-07, "AUS": 0.0}, "Rapeseed": {"BGR": 7.411229130111282e-09, "DEU": 8.085284562458691e-09, "UKR": 4.42815921633002e-08, "FRA": 2.6336133890822285e-07, "AUS": 1.3187505772168224e-06}, "Sesame seed": {"CHN": 3.344651187993245e-09, "BGD": 5.8082528830747326e-09, "NGA": 8.060826130198018e-09, "BFA": 1.5647174637197052e-08, "SDN": 1.8700031948955808e-08, "PAK": 4.0036736171239024e-08, "MMR": 7.670694469182592e-08, "IND": 8.696745207908131e-08, "TZA": 1.0172719747920356e-07, "LKA": 1.068769291424706e-07, "UGA": 1.8009573788279005e-07}, "Mustard seed": {"RUS": 2.7191230783612224e-10, "ROU": 8.493868079528876e-10, "DEU": 2.246353097008029e-09, "CZE": 2.539357353172115e-09, "UKR": 4.432322670132334e-09, "CAN": 7.1422379417576706e-09, "FRA": 1.6240191007537587e-08}, "Oilseeds nes": {"FRA": 1.072307660262348e-08, "PAK": 1.9840449176198823e-08, "ITA": 2.8529996106763226e-08, "CIV": 7.38639479550414e-08, "CHN": 1.4897244616837e-07, "IND": 2.212089324283626e-07, "ETH": 3.0329044447857296e-07, "MYS": 8.225810296681133e-07}, "Cabbages and other brassicas": {"AUS": 1.9389747071466293e-08, "NZL": 7.714914183082802e-08}, "Lettuce and chicory": {"NZL": 7.185218217511626e-09, "AUS": 1.2708722877888004e-08}, "Tomatoes": {"FRA": 2.470745491392366e-09, "ESP": 8.428704592254571e-09, "USA": 1.6362940561527605e-08, "MAR": 1.6875698806900425e-08, "NZL": 2.5286603600773443e-08, "CHN": 5.139914369422446e-08, "AUS": 6.227556679236599e-08, "ITA": 6.310194250758905e-08, "THA": 6.707719015571295e-08}, "Cauliflowers and broccoli": {"NZL": 7.825529986962262e-08, "AUS": 2.513418669345533e-07}, "Chillies and peppers; green": {"NLD": 8.312810920736672e-12, "NZL": 1.1511093682137021e-08, "AUS": 8.884963063420787e-08}, "Onions; shallots; green": {"NZL": 2.829397749134618e-06}, "Garlic": {"USA": 1.3791453205881e-08, "CHN": 2.063557488788456e-07, "NZL": 7.806242384556198e-07}, "Leeks; other alliaceous vegetables": {"NZL": 1.5835116022467174e-09, "CHN": 2.6569693681911484e-09}, "Carrots and turnips": {"AUS": 9.574440440354033e-07}, "Maize; green": {"HUN": 7.752263077331642e-10, "CHN": 1.9957326573185277e-09, "FRA": 1.0819035159382332e-08, "NZL": 4.2871495377758976e-08, "THA": 2.360779999521213e-07}, "Mushrooms and truffles": {"NLD": 5.22389055985258e-12, "POL": 3.00222883075403e-11, "ESP": 3.99756795267444e-10, "NZL": 8.508080530597825e-10, "CHN": 1.7967470948357002e-09, "AUS": 2.6834159086308143e-09, "FRA": 8.813066343672918e-09}, "Vegetables; fresh nes": {"VUT": 4.224592438489856e-05}, "Bananas": {"VUT": 8.912899595240955e-05}, "Oranges": {"ESP": 2.9462216842857752e-08, "ZAF": 4.09438006374916e-08, "USA": 5.3723798088293054e-08, "BRA": 2.2762830345607538e-07, "IDN": 3.405017258305783e-07, "AUS": 3.493719289244439e-06}, "Tangerines; mandarins; clementines; satsumas": {"USA": 8.236354313353464e-10, "AUS": 4.415926497892136e-08, "NZL": 2.885956191897246e-07}, "Grapefruit (inc. pomelos)": {"FRA": 4.95983375495962e-10, "ISR": 5.615489212483975e-10, "TUR": 5.732836823811307e-10, "CHN": 3.365959458454229e-09, "ESP": 3.989351839154135e-09, "NZL": 4.518130747419882e-09, "USA": 5.6354580128658325e-09, "MEX": 7.094628301777347e-09, "AUS": 1.7106199326380355e-08, "ZAF": 2.6815247580728252e-08, "CUB": 3.2799280230520895e-08}, "Apples": {"USA": 1.3553126703285594e-08, "ZAF": 9.498413768929498e-08, "IND": 1.780436057318052e-07, "CHN": 2.117256539154976e-07, "NZL": 5.111369434766798e-07, "AUS": 1.7302877571960211e-06}, "Pears": {"NZL": 6.17076453310653e-09, "AUS": 1.0371306881534082e-06}, "Plums and sloes": {"ESP": 1.5353333274312614e-09, "CHL": 2.8518299816719103e-09, "FRA": 1.0266716072106412e-08}, "Grapes": {"USA": 4.083124028148733e-08, "ITA": 8.174460896504318e-08, "ESP": 1.4331613367346e-07, "TUR": 1.560037046773834e-07, "FRA": 5.863522068807998e-07, "NZL": 8.715753364432316e-07, "AUS": 9.0618232936652e-06}, "Melons; other (inc.cantaloupes)": {"AUS": 5.7497248238314415e-08}, "Pineapples": {"IDN": 7.897055542952926e-09, "PHL": 3.86660842869556e-08, "MYS": 4.0847663392123445e-08, "FJI": 4.10493225876941e-08, "THA": 1.262728089884321e-07, "AUS": 3.227922269847291e-07}, "Kiwi fruit": {"NZL": 1.6956822068823522e-08}, "Fruit; tropical fresh nes": {"VUT": 4.098122061807637e-06}, "Fruit; fresh nes": {"MYS": 4.777182640809544e-06, "VUT": 9.784588627989007e-06}, "Coffee; green": {"PNG": 5.627248425390951e-07, "MYS": 6.795396526054556e-07, "IND": 2.1341654519251827e-06, "VNM": 4.033771613170411e-06, "COL": 5.367067755314786e-06, "BRA": 5.52982360069972e-06, "UGA": 5.892086359260226e-06, "VUT": 7.354348889189455e-06, "IDN": 1.1280001622441168e-05}, "Tea": {"THA": 7.67862610850363e-08, "ARG": 1.042367568878968e-07, "MYS": 2.1952974549829769e-07, "MWI": 3.227439336872929e-07, "KEN": 7.493242860743456e-07, "IND": 1.0739739284013196e-06, "VNM": 1.179936612330842e-06, "IDN": 1.6706068437329894e-06, "CHN": 2.5923138144235504e-06, "LKA": 0.0001025405162384}, "Spices nes": {"IND": 4.371261983997282e-07, "VUT": 5.769136163532692e-07}, "Meat; cattle": {"CAN": 6.077315130423105e-10, "MEX": 2.633286057015436e-09, "USA": 3.060580706449688e-06, "BRA": 1.0884008777993428e-08, "FJI": 0.002283060226284247, "NZL": 0.0018916341308373853, "AUS": 0.007234851691881803, "ARG": 3.7574242969058177e-06, "IDN": 1.4205126868619173e-06, "MYS": 2.243447487483459e-06, "VNM": 1.434735315600751e-06, "VUT": 0.004703929958702264}, "Milk; whole fresh cow": {"EGY": 7.748620410816518e-12, "NLD": 1.6558200254032672e-10, "SWE": 4.690858089481208e-10, "VNM": 4.58753231988387e-07, "CAN": 1.0901494397031085e-08, "GBR": 2.2014908075035186e-09, "DNK": 2.9386015825556533e-09, "POL": 1.554667253373519e-08,