{"Wheat": {"USA": 9.629804098475029e-06, "AUS": 0.0065269712896433}, "Rice; paddy": {"IND": 2.4342509537040137e-10, "USA": 4.412515278590045e-10, "THA": 5.130277496620386e-10}, "Barley": {"DEU": 2.56404051398622e-08, "FRA": 1.3307725570455914e-07, "NZL": 1.6016735065406862e-06, "AUS": 0.0001360168958775}, "Maize": {"VUT": 4.519372577388169e-06}, "Oats": {"NZL": 2.7515923918360786e-08, "AUS": 4.2424686863055936e-08}, "Potatoes": {"BEL": 1.4328486800504764e-08, "AUS": 1.1493851406077208e-06, "NZL": 1.2351675313594485e-05}, "Cassava": {"KHM": 1.2019233843489648e-10, "THA": 3.561190954991948e-09}, "Roots and tubers nes": {"VUT": 0.0001240363557919}, "Beans; dry": {"USA": 7.0622042941261404e-09, "IND": 4.483728060579666e-08, "MMR": 5.038290573762346e-08, "THA": 2.7461433129919865e-07, "AUS": 3.664921955650744e-07}, "Peas; dry": {"CAN": 1.1557908264671186e-10, "USA": 9.420183433177175e-10, "NZL": 1.3188143225580942e-08, "AUS": 1.1407322375470404e-06}, "Lentils": {"CAN": 3.270973174624494e-09, "TUR": 3.5311645467469603e-09, "USA": 4.879445826519352e-09, "CHN": 3.4362538500994173e-08, "FRA": 8.105595135130047e-08}, "Nuts nes": {"TUR": 4.762739619242279e-08, "CHN": 6.406591179905092e-08, "MEX": 1.822447500566245e-07, "USA": 1.852312209615888e-07, "IDN": 2.1633518065412866e-07, "THA": 2.535951308456099e-07, "AUS": 6.413686377119351e-06}, "Soybeans": {"CAN": 6.072389242728417e-08, "IND": 2.4789062954971484e-07, "USA": 4.303603074642317e-07, "CHN": 5.814823725930682e-07, "PRY": 6.416274856244456e-07, "URY": 6.79566528615443e-07, "ARG": 6.831970416887009e-07, "BRA": 5.942633478900622e-06}, "Groundnuts; with shell": {"CHN": 1.0035708515246237e-05, "VUT": 0.000193033748879}, "Coconuts": {"VUT": 0.0004713371560053}, "Oil palm fruit": {"MYS": 2.229546781611029e-05, "IDN": 9.016679876348908e-05}, "Olives": {"FRA": 1.1061478381289661e-07, "GRC": 3.1680873165384775e-07, "TUN": 3.674412050706349e-07, "AUS": 5.29569086413759e-07, "ITA": 8.923743951920652e-07, "MAR": 1.063317742679053e-06, "ESP": 1.314604820289413e-06}, "Sunflower seed": {"RUS": 2.3907607098519883e-08, "ROU": 2.518237291862744e-08, "TUR": 4.246862174889933e-08, "BGR": 4.573049182795568e-08, "MDA": 5.769029998636391e-08, "CHN": 1.363864889407615e-07, "ESP": 1.8115350894502944e-07, "UKR": 2.664109529993928e-07, "FRA": 5.00701493947445e-07, "ARG": 6.598069821776972e-07, "TZA": 6.986509116651448e-07, "AUS": 0.0}, "Rapeseed": {"BGR": 1.0447529280821056e-08, "DEU": 1.1009675572790456e-08, "UKR": 5.460644065000637e-08, "FRA": 5.985801072283845e-07, "AUS": 2.052389339664613e-06}, "Sesame seed": {"BGD": 6.309462441659796e-09, "CHN": 9.265662627121873e-09, "NGA": 1.3566418600347664e-08, "SDN": 2.3993108125508346e-08, "BFA": 2.8645453691862617e-08, "PAK": 4.26506528573596e-08, "MMR": 7.87023054663824e-08, "IND": 9.343535379522733e-08, "LKA": 1.293234243649888e-07, "TZA": 2.204409343006945e-07, "UGA": 2.476997088320491e-07}, "Mustard seed": {"RUS": 4.524791048050665e-10, "ROU": 1.3165111885044043e-09, "DEU": 3.059877835470959e-09, "CZE": 3.321075504878739e-09, "UKR": 5.4434106417776e-09, "CAN": 8.521665847788463e-09, "FRA": 8.34664256035933e-08}, "Oilseeds nes": {"PAK": 2.113579155725557e-08, "ITA": 4.193765956016272e-08, "FRA": 5.5111228376507326e-08, "CIV": 1.680988515705571e-07, "IND": 2.3766057726187133e-07, "CHN": 4.126972737511e-07, "ETH": 4.422270128067954e-07, "MYS": 8.730467082569412e-07}, "Cabbages and other brassicas": {"AUS": 5.159218665753344e-08, "NZL": 2.7234551340166064e-07}, "Lettuce and chicory": {"NZL": 2.5364662495432023e-08, "AUS": 3.3815335521304475e-08}, "Tomatoes": {"ESP": 1.3883015600646972e-08, "FRA": 1.4973931578093674e-08, "MAR": 3.790663127416366e-08, "USA": 4.028968590708064e-08, "THA": 7.086305862197517e-08, "ITA": 8.416380619260916e-08, "NZL": 8.926467458235645e-08, "CHN": 9.341304473523081e-08, "AUS": 1.6570265998381944e-07}, "Cauliflowers and broccoli": {"NZL": 2.7625038093265e-07, "AUS": 6.687697609435498e-07}, "Chillies and peppers; green": {"NLD": 1.3555657332167132e-11, "NZL": 4.06355099263529e-08, "AUS": 2.364108573070885e-07}, "Onions; shallots; green": {"NZL": 9.988105691379929e-06}, "Garlic": {"USA": 3.3958035585217055e-08, "CHN": 3.7503190551319764e-07, "NZL": 2.755695059604973e-06}, "Leeks; other alliaceous vegetables": {"CHN": 4.828788586975363e-09, "NZL": 5.5899815611304785e-09}, "Carrots and turnips": {"AUS": 2.547564527373834e-06}, "Maize; green": {"HUN": 8.577073291476216e-10, "CHN": 3.8495674899773735e-09, "FRA": 7.929262297259253e-08, "NZL": 1.9694306928852817e-07, "THA": 2.517633748531344e-07}, "Mushrooms and truffles": {"NLD": 8.518571039966453e-12, "POL": 3.859278164735304e-11, "ESP": 6.584439832263779e-10, "NZL": 3.003452151482564e-09, "CHN": 3.265416594219308e-09, "AUS": 7.140025804751579e-09, "FRA": 5.341151198417854e-08}, "Vegetables; fresh nes": {"VUT": 5.052026159244477e-05}, "Bananas": {"VUT": 0.0001074789982909}, "Oranges": {"ESP": 4.49244573232181e-08, "USA": 1.2465014838119598e-07, "ZAF": 1.403493138003086e-07, "IDN": 4.37153060328326e-07, "BRA": 5.982772772958348e-07, "AUS": 6.488987267677655e-06}, "Tangerines; mandarins; clementines; satsumas": {"USA": 1.9110018721914103e-09, "AUS": 8.20182975433594e-08, "NZL": 1.3829116914164902e-06}, "Grapefruit (inc. pomelos)": {"ISR": 6.19293668916843e-10, "TUR": 7.719034496455877e-10, "FRA": 2.594215118538749e-09, "ESP": 6.083027200610265e-09, "CHN": 7.92030458371958e-09, "USA": 1.307540982760113e-08, "MEX": 1.4872772935580005e-08, "NZL": 2.1650279555517752e-08, "AUS": 3.1771845542646266e-08, "CUB": 5.787006623464279e-08, "ZAF": 9.191871635615614e-08}, "Apples": {"USA": 3.144601302791799e-08, "IND": 1.9192362269359293e-07, "ZAF": 3.255916241053507e-07, "CHN": 4.982031684861853e-07, "NZL": 2.449300017212312e-06, "AUS": 3.2137141814537893e-06}, "Pears": {"NZL": 2.956948009734404e-08, "AUS": 1.926293234566268e-06}, "Plums and sloes": {"ESP": 2.341100702400841e-09, "CHL": 9.388621542952797e-09, "FRA": 5.3699521733707894e-08}, "Grapes": {"USA": 9.47367896683526e-08, "ITA": 1.0836459780455749e-07, "TUR": 2.100527217132725e-07, "ESP": 2.185307224260273e-07, "FRA": 3.06688456716452e-06, "NZL": 4.176472692488192e-06, "AUS": 1.683079008538633e-05}, "Melons; other (inc.cantaloupes)": {"AUS": 1.0679132490510165e-07}, "Pineapples": {"IDN": 1.0138632894631336e-08, "PHL": 4.3040546337155776e-08, "MYS": 4.3388274953007336e-08, "FJI": 5.5578700334521694e-08, "THA": 1.3294189292896417e-07, "AUS": 5.995314670693549e-07}, "Kiwi fruit": {"NZL": 8.125482830988215e-08}, "Fruit; tropical fresh nes": {"VUT": 4.8954066289704826e-06}, "Fruit; fresh nes": {"MYS": 5.074310173642545e-06, "VUT": 1.1688168216755996e-05}, "Coffee; green": {"MYS": 7.175681188460523e-07, "PNG": 7.490405645932467e-07, "IND": 2.292662317845616e-06, "VNM": 4.224017030140096e-06, "UGA": 8.488905797322364e-06, "VUT": 8.868472547979148e-06, "IDN": 1.4150511602571911e-05, "BRA": 1.4458595403308286e-05, "COL": 3.926305982177784e-05}, "Tea": {"THA": 8.020924652395312e-08, "ARG": 1.3338047423122998e-07, "MYS": 2.318150911488125e-07, "MWI": 4.410429082467916e-07, "IND": 1.1537341464192396e-06, "VNM": 1.235586151853048e-06, "KEN": 1.3025032443820683e-06, "IDN": 2.0957391955111845e-06, "CHN": 5.22864592455841e-06, "LKA": 0.0001207727747723}, "Spices nes": {"IND": 4.69635938782039e-07, "VUT": 6.842052615535014e-07}, "Meat; cattle": {"CAN": 6.919461628120487e-10, "MEX": 4.4687503730875986e-09, "USA": 4.288659849978625e-06, "BRA": 3.132207158862284e-08, "FJI": 0.0022841139147475316, "AUS": 0.007396295107531843, "ARG": 5.723288768728631e-06, "NZL": 0.0018938280749227414, "IDN": 1.8068687124669638e-06, "MYS": 2.3930151402507887e-06, "VNM": 1.5177979601183154e-06, "VUT": 0.004713342847875006}, "Milk; whole fresh cow": {"EGY": 7.748620410816518e-12, "VNM": 4.853109737691532e-07, "NLD": 2.500983580649151e-10, "SWE": 5.174988958549543e-10, "CAN": 1.2464709827379397e-08, "DNK": 2.5475141345819213e-09, "POL": 1.9035640205532906e-08, "SRB": 7.94594194288252e-11,