{"Wheat": {"RUS": 0.0007126385729848, "CAN": 0.0018776885994789, "ARG": 0.0041099426924428, "USA": 0.0080890688900235, "PER": 0.2307097881782772}, "Rice; paddy": {"URY": 3.0440152623139265e-07, "PER": 2.1030508978890044e-05}, "Barley": {"DNK": 2.260785969854287e-05, "DEU": 2.6946936657382507e-05, "FRA": 0.0001257596123241, "USA": 0.0001302647474792, "CHL": 0.0011692039698926, "ARG": 0.0022273544762993, "PER": 0.1239931424265973}, "Maize": {"USA": 0.0001999528256563, "BRA": 0.0015068508090679, "PRY": 0.0021671110744918, "ARG": 0.0037572959535548, "PER": 0.0370854383997173}, "Oats": {"CAN": 8.832605296578437e-06, "PER": 0.0023413543017952, "CHL": 0.0023642240851362}, "Quinoa": {"PER": 0.0113925451083724}, "Cereals nes": {"PER": 0.0004187297529478}, "Potatoes": {"PER": 0.3787551138213017}, "Sweet potatoes": {"PER": 0.0235178614000778}, "Cassava": {"PER": 0.0034814351670427}, "Yautia (cocoyam)": {"PER": 9.960783197563104e-05}, "Roots and tubers nes": {"PER": 0.0016022160295197}, "Beans; dry": {"CHN": 0.0002203886847867, "PER": 0.0567604431182257}, "Broad beans; horse beans; dry": {"PER": 0.0486202275208281}, "Peas; dry": {"CAN": 5.537870112814506e-05, "USA": 0.0004717799965923, "PER": 0.0549577519884155}, "Chick peas": {"CAN": 2.375284965452089e-06, "USA": 2.552769641200223e-05, "MEX": 0.0008837914174599, "PER": 0.0036330639567469}, "Lentils": {"CAN": 0.0003649713615865, "USA": 0.0009354184478585, "PER": 0.0063878753123589}, "Lupins": {"PER": 0.0004160461698059}, "Pulses nes": {"PER": 0.0013167479837101}, "Brazil nuts; with shell": {"PER": 0.001503372474341}, "Cashew nuts; with shell": {"BRA": 6.908637515760359e-05, "PER": 0.0007095528969067}, "Chestnut": {"PER": 0.0001155577148766}, "Almonds; with shell": {"USA": 2.735654377884384e-05, "CHL": 7.632382578149748e-05}, "Walnuts; with shell": {"PER": 9.189150397858971e-05, "CHL": 0.0001251718710763}, "Pistachios": {"USA": 9.490579846133306e-08}, "Nuts nes": {"CHN": 7.346345093083463e-07, "USA": 1.76771213321853e-05, "MEX": 1.8049191740801177e-05, "PER": 0.0004059274679132}, "Soybeans": {"USA": 0.0001158794180627, "ARG": 0.0014223362897658, "BOL": 0.0048091332644025, "PRY": 0.0051391955108}, "Groundnuts; with shell": {"ARG": 0.0001053269931215, "BRA": 0.0001339894044757, "PRY": 0.0001551592835825, "BOL": 0.00054036301242, "PER": 0.0}, "Coconuts": {"PER": 0.0020151211433737}, "Oil palm fruit": {"IDN": 0.0004833663971091, "ECU": 0.0015482094719742, "MYS": 0.001579323637149, "PER": 0.0069595658242573}, "Olives": {"PER": 0.0}, "Sunflower seed": {"ARG": 0.000359032288529, "BOL": 0.0034933510966709}, "Sesame seed": {"BFA": 8.712692673601246e-06, "SDN": 2.35986384300845e-05, "CHN": 5.6961851527903405e-05, "IND": 5.7050296901817447e-05, "MEX": 7.304581713757495e-05, "TZA": 7.808207764952374e-05, "BOL": 0.0001067709281959, "GTM": 0.0001338896306779, "ETH": 0.0001410669615219, "PER": 0.0002449838056901}, "Mustard seed": {"FRA": 1.0731244594495075e-06, "USA": 3.245615919946628e-06, "CAN": 1.890601401201298e-05}, "Cabbages and other brassicas": {"PER": 0.0023441453946008}, "Artichokes": {"PER": 0.007620346409073}, "Asparagus": {"PER": 0.0018909843716906}, "Lettuce and chicory": {"PER": 0.0065184856240858}, "Spinach": {"PER": 0.001295699924066}, "Tomatoes": {"CHL": 5.1760875798164885e-05, "PER": 0.0041557065355829}, "Cauliflowers and broccoli": {"PER": 0.005411786538779}, "Pumpkins; squash and gourds": {"PER": 0.0083171433830391}, "Cucumbers and gherkins": {"PER": 0.0024885758256942}, "Eggplants (aubergines)": {"PER": 2.852088225733938e-05}, "Chillies and peppers; green": {"PER": 0.0102879286894218}, "Onions; dry": {"PER": 0.0097298443443105}, "Garlic": {"CHN": 7.464451346478965e-06, "PER": 0.0082080089785765}, "Leeks; other alliaceous vegetables": {"PER": 0.0008764332291873}, "Beans; green": {"PER": 0.0029417875567862}, "Peas; green": {"PER": 0.0351971475828687}, "Vegetables; leguminous nes": {"PER": 0.0147601998909654}, "String beans": {"PER": 0.0098727029165824}, "Carrots and turnips": {"PER": 0.0082600353578916}, "Maize; green": {"PER": 0.0173439113417208}, "Mushrooms and truffles": {"CHN": 1.7350976386347782e-06}, "Bananas": {"PER": 0.0}, "Oranges": {"PER": 0.0242893974176612}, "Tangerines; mandarins; clementines; satsumas": {"PER": 0.0081668896238672}, "Lemons and limes": {"PER": 0.0112834428742651}, "Grapefruit (inc. pomelos)": {"PER": 0.0004945359755625}, "Fruit; citrus nes": {"PER": 0.0001509154586902}, "Apples": {"USA": 9.08552583517936e-06, "CHL": 0.0005057450384111, "PER": 0.0072418721553942}, "Pears": {"USA": 9.77146432656324e-07, "ARG": 5.598962196192877e-05, "CHL": 0.000287125834385, "PER": 0.0004671044693031}, "Quinces": {"PER": 0.0005097644046659}, "Apricots": {"ARG": 2.664117666008158e-06, "TUR": 1.0799345476324472e-05, "PER": 7.224172147491023e-05}, "Cherries; sour": {"CHL": 3.949804282253143e-07, "PER": 0.000134553821165}, "Cherries": {"PER": 8.186411673725787e-06, "CHL": 1.251877885340999e-05}, "Peaches and nectarines": {"CHL": 4.309533961281303e-05, "PER": 0.0042022842712256}, "Plums and sloes": {"CHL": 0.0002418796210345, "PER": 0.0014834856386032}, "Strawberries": {"PER": 0.0013430742294057}, "Blueberries": {"PER": 0.0002857665877165}, "Grapes": {"CHL": 0.0007383649752032, "PER": 0.0085562315802429}, "Watermelons": {"PER": 0.002451012211065}, "Melons; other (inc.cantaloupes)": {"PER": 0.0009497743940215}, "Figs": {"PER": 0.0002859826246868}, "Mangoes; mangosteens; guavas": {"PER": 0.0100514988971875}, "Avocados": {"PER": 0.0103502887354862}, "Pineapples": {"PER": 0.0120894789417065}, "Dates": {"PER": 2.3683423573531644e-05}, "Kiwi fruit": {"CHL": 0.0001229102625904}, "Papayas": {"PER": 0.0098499018515168}, "Fruit; tropical fresh nes": {"PER": 0.0039678458886169}, "Fruit; fresh nes": {"CHN": 3.0519659842021493e-05, "ECU": 0.0002266496097311, "CHL": 0.0003210674124299, "PER": 0.002756409178421}, "Coffee; green": {"PER": 0.1145672230848528}, "Cocoa; beans": {"ECU": 0.0083897757789402, "PER": 0.0409355276126159}, "Tea": {"ARG": 2.625346061314277e-05, "CHN": 3.124790156863944e-05, "PER": 0.0014563606248886}, "Mat\u00e9": {"ARG": 5.090711118552888e-06}, "Pepper (piper spp.)": {"CHN": 2.0580043619002767e-06, "BRA": 2.710264597426056e-05, "MEX": 2.9347463375740443e-05, "PER": 9.32983452736643e-05, "ECU": 0.0010814763119679}, "Cinnamon (cannella)": {"CHN": 3.470507950563243e-06, "IDN": 2.6393402471947987e-05, "LKA": 0.0045156917447467}, "Cloves": {"COM": 0.0, "IDN": 0.0003962310525144, "MDG": 0.0037029750878133}, "Nutmeg; mace and cardamoms": {"LKA": 1.4322392258414878e-06, "NPL": 1.5420222379997296e-06, "IND": 5.175792437557874e-06, "IDN": 5.876268841308232e-06, "GTM": 8.165266894157913e-06}, "Anise; badian; fennel; coriander": {"TUR": 4.832056765921976e-06, "PER": 0.0002081618909172, "IND": 0.0003798708208923}, "Ginger": {"PER": 2.5828513067137545e-06}, "Spices nes": {"TUR": 1.5866933798451585e-07, "ESP": 8.511978540440392e-07, "IND": 1.1058169626746003e-06, "PER": 8.473036146732196e-05}, "Meat; cattle": {"RUS": 9.868706423352809e-11, "DNK": 1.8501151833521766e-11, "IRL": 7.717342676220437e-13, "LTU": 2.052003806863865e-12, "FRA": 5.048507325710361e-11, "DEU": 2.7278507474257806e-10, "UKR": 6.540036450242637e-11, "IND": 0.0007574220129415778, "BGR": 9.307543973140979e-12, "ROU": 1.9836125394892453e-11, "HUN": 5.547573659775603e-12, "CAN": 0.00010131486428121336, "GBR": 2.815955173042246e-11, "ARG": 0.0037772597123615463, "IDN": 2.440195040011681e-07, "POL": 9.77073049492534e-12, "THA": 1.7245363031353255e-09, "USA": 0.00018516463567741747, "CHN": 1.9589891387711656e-11, "MYS": 3.8308436505415184e-07, "BRA": 0.00102085182632293, "PRY": 0.00588006164511493, "ITA": 3.212503120907259e-10, "GTM": 4.3487175618295387e-07, "LBN": 5.273226415488128e-10, "ZAF": 1.1233521574072056e-10, "BOL": 0.004930773915124539, "LAO": 1.2229099078806318e-10, "AUS": 1.8613773060929063e-05, "PHL": 1.6065247881269658e-10, "MEX": 2.2984278767688702e-06, "VEN": 2.148923525851262e-09, "HND": 2.5235687274652767e-07,