{"Wheat": {"RUS": 0.0010176513554009, "CAN": 0.0022661141901418, "ARG": 0.0073189913327374, "USA": 0.0151080100893152, "PER": 0.5331283819418954}, "Rice; paddy": {"URY": 2.0160291801187246e-06, "PER": 2.929710983459781e-05}, "Barley": {"DNK": 2.383943037680412e-05, "DEU": 3.699958063799446e-05, "FRA": 0.0003673578725039, "USA": 0.0004050736626016, "CHL": 0.0031375705525877, "ARG": 0.0041686301148015, "PER": 0.4433837753613989}, "Maize": {"USA": 0.0003145878202957, "BRA": 0.0045541978804989, "PRY": 0.0062806948350275, "ARG": 0.0071491977296747, "PER": 0.0800693515520335}, "Oats": {"CAN": 1.0516961977897863e-05, "PER": 0.0053533941810818, "CHL": 0.0093612547790474}, "Quinoa": {"PER": 0.0260485073293302}, "Cereals nes": {"PER": 0.000165669752978}, "Potatoes": {"PER": 1.013007939252425}, "Sweet potatoes": {"PER": 0.0629002208634393}, "Cassava": {"PER": 0.0013774242218819}, "Yautia (cocoyam)": {"PER": 0.0001283567221744}, "Roots and tubers nes": {"PER": 0.0006339141939622}, "Beans; dry": {"CHN": 0.0004547182045489, "PER": 0.1365975520006684}, "Broad beans; horse beans; dry": {"PER": 0.1170076146732567}, "Peas; dry": {"CAN": 6.443341862556706e-05, "USA": 0.0010246324381236, "PER": 0.1322592631886432}, "Chick peas": {"CAN": 2.763656918927027e-06, "USA": 5.5442167966503406e-05, "MEX": 0.0015308258567711, "PER": 0.0087431953573693}, "Lentils": {"CAN": 0.0004246461554421, "USA": 0.0020315827118954, "PER": 0.0153728209685796}, "Lupins": {"PER": 0.000164607997626}, "Pulses nes": {"PER": 0.0031688362756785}, "Brazil nuts; with shell": {"PER": 0.0035009136901985}, "Cashew nuts; with shell": {"BRA": 0.0001815802683584, "PER": 0.001652340649505}, "Chestnut": {"PER": 0.0002691000353702}, "Almonds; with shell": {"USA": 6.347275067234386e-05, "CHL": 0.0002512686659366}, "Walnuts; with shell": {"PER": 0.0002139883693377, "CHL": 0.0004120832352951}, "Pistachios": {"USA": 2.202007728678984e-07}, "Nuts nes": {"CHN": 1.728639082927505e-06, "MEX": 3.7837293091793386e-05, "USA": 4.101452010872361e-05, "PER": 0.0009452860511285}, "Soybeans": {"USA": 0.0001730654931585, "ARG": 0.0021664950959292, "BOL": 0.0069271509774311, "PRY": 0.013457090998344}, "Groundnuts; with shell": {"ARG": 0.0001543077504972, "BRA": 0.0003070427535512, "PRY": 0.0004647972990674, "BOL": 0.0013112093264446, "PER": 0.0}, "Coconuts": {"PER": 0.0046926262909913}, "Oil palm fruit": {"IDN": 0.0006148340860818, "MYS": 0.0016846150383011, "ECU": 0.0035855176717602, "PER": 0.0071566872484593}, "Olives": {"PER": 0.0}, "Sunflower seed": {"ARG": 0.0006363178471742, "BOL": 0.0071112785327072}, "Sesame seed": {"BFA": 1.5950421740661506e-05, "SDN": 3.0278273588693533e-05, "IND": 6.129321427396685e-05, "MEX": 0.0001134788703439, "CHN": 0.0001578009990304, "TZA": 0.0001692024018721, "ETH": 0.000205689371806, "GTM": 0.000219002529488, "BOL": 0.0007495751265242, "PER": 0.0011812422002791}, "Mustard seed": {"FRA": 5.515320775258515e-06, "USA": 6.3133324098793705e-06, "CAN": 2.255745821376718e-05}, "Cabbages and other brassicas": {"PER": 0.0062453671842342}, "Artichokes": {"PER": 0.020302435806814}, "Asparagus": {"PER": 0.0050380372173406}, "Lettuce and chicory": {"PER": 0.0173668136376416}, "Spinach": {"PER": 0.003452056261107}, "Tomatoes": {"CHL": 0.000137869427421, "PER": 0.0110718018107648}, "Cauliflowers and broccoli": {"PER": 0.014418301072629}, "Pumpkins; squash and gourds": {"PER": 0.0221588705507103}, "Cucumbers and gherkins": {"PER": 0.0066301645934875}, "Eggplants (aubergines)": {"PER": 7.59864906526961e-05}, "Chillies and peppers; green": {"PER": 0.0274095166531247}, "Onions; dry": {"PER": 0.0259226457179767}, "Garlic": {"CHN": 1.3565928874238112e-05, "PER": 0.0218681102463917}, "Leeks; other alliaceous vegetables": {"PER": 0.0023350289369194}, "Beans; green": {"PER": 0.0078376296591749}, "Peas; green": {"PER": 0.0937736673667934}, "Vegetables; leguminous nes": {"PER": 0.0393247228794318}, "String beans": {"PER": 0.02630325531724}, "Carrots and turnips": {"PER": 0.0220067210351411}, "Maize; green": {"PER": 0.037446388513453}, "Mushrooms and truffles": {"CHN": 3.1533745834757225e-06}, "Bananas": {"PER": 0.0}, "Oranges": {"PER": 0.0565628847125421}, "Tangerines; mandarins; clementines; satsumas": {"PER": 0.0190182913273496}, "Lemons and limes": {"PER": 0.0262758300456456}, "Grapefruit (inc. pomelos)": {"PER": 0.0011516292846198}, "Fruit; citrus nes": {"PER": 5.970945839353036e-05}, "Apples": {"USA": 2.108026952255042e-05, "CHL": 0.0016649831137845, "PER": 0.0168641968668474}, "Pears": {"USA": 2.2671786462414848e-06, "ARG": 0.0001117178163484, "CHL": 0.0009452582417502, "PER": 0.0010877493497099}, "Quinces": {"PER": 0.0011870918308872}, "Apricots": {"ARG": 5.315795994193775e-06, "TUR": 1.4540884876516265e-05, "PER": 0.0001682297873824}, "Cherries; sour": {"CHL": 1.3003305881884554e-06, "PER": 0.000313336397084}, "Cherries": {"PER": 1.9063752457426964e-05, "CHL": 4.12135637783293e-05}, "Peaches and nectarines": {"CHL": 0.0001418758609349, "PER": 0.0097858879195509}, "Plums and sloes": {"CHL": 0.0007963014048667, "PER": 0.003454603080767}, "Strawberries": {"PER": 0.0031276260786537}, "Blueberries": {"PER": 0.0006654665934181}, "Grapes": {"CHL": 0.002430800348305, "PER": 0.0199249545851307}, "Watermelons": {"PER": 0.0057076887804017}, "Melons; other (inc.cantaloupes)": {"PER": 0.0022117460811483}, "Figs": {"PER": 0.0006659696801778}, "Mangoes; mangosteens; guavas": {"PER": 0.023406993740259}, "Avocados": {"PER": 0.024102787665747}, "Pineapples": {"PER": 0.028152851709579}, "Dates": {"PER": 5.515174930663044e-05}, "Kiwi fruit": {"CHL": 0.0004046377051308}, "Papayas": {"PER": 0.0229375333309873}, "Fruit; tropical fresh nes": {"PER": 0.0092399496659305}, "Fruit; fresh nes": {"CHN": 7.181459097292105e-05, "ECU": 0.0007736154331292, "CHL": 0.0010569986445381, "PER": 0.0064188687721933}, "Coffee; green": {"PER": 0.2174608108798031}, "Cocoa; beans": {"ECU": 0.0195606781237893, "PER": 0.077699998208379}, "Tea": {"ARG": 3.35937065900646e-05, "CHN": 6.302640223525582e-05, "PER": 0.0027643278233876}, "Mat\u00e9": {"ARG": 6.514030975628138e-06}, "Pepper (piper spp.)": {"CHN": 5.701274372337237e-06, "MEX": 4.5592165600204624e-05, "BRA": 7.45542533361751e-05, "PER": 0.0004498580726305, "ECU": 0.0039793158199399}, "Cinnamon (cannella)": {"CHN": 9.614322692333347e-06, "IDN": 3.3746757250380035e-05, "LKA": 0.0054640858835762}, "Cloves": {"COM": 0.0, "IDN": 0.0005066233184023, "MDG": 0.017320411646617}, "Nutmeg; mace and cardamoms": {"LKA": 1.733040822578036e-06, "NPL": 2.4160187290615783e-06, "IND": 5.560723995157782e-06, "IDN": 7.513431371206033e-06, "GTM": 1.335588196569891e-05}, "Anise; badian; fennel; coriander": {"TUR": 7.23352477344125e-06, "IND": 0.0004081223917458, "PER": 0.0010036974050126}, "Ginger": {"PER": 1.2453774044130432e-05}, "Spices nes": {"TUR": 2.375258906706004e-07, "IND": 1.1880582524863645e-06, "ESP": 1.3646502299942558e-06, "PER": 0.0004085456927577}, "Meat; cattle": {"RUS": 1.2097877486509858e-10, "DNK": 1.598218133582326e-11, "LTU": 2.3720129547818348e-12, "DEU": 3.019505151236063e-10, "IND": 0.00081375263712765, "IRL": 3.438847742529701e-12, "UKR": 8.008314385133365e-11, "BGR": 1.3206278726129367e-11, "HUN": 6.137813615857858e-12, "CAN": 0.00012085266737591538, "FRA": 2.4260311434983344e-10, "ROU": 2.7020989942768463e-11, "THA": 1.8233610467817522e-09, "IDN": 3.1038913833974763e-07, "POL": 1.2444161034463617e-11, "GBR": 6.814578566144673e-11, "ARG": 0.006714164990056538, "USA": 0.0002909252885886764, "MYS": 4.086240889000102e-07, "CHN": 3.7786929397471054e-11, "ITA": 3.8699591034459826e-10, "GTM": 6.759699047739502e-07, "BRA": 0.003084568787143969, "PRY": 0.015803608930621875, "LBN": 8.031420877426379e-10, "LAO": 1.5678170391185675e-10, "BOL": 0.009743946764711294, "PHL": 1.7882779148778467e-10, "AUS": 3.4865140592740784e-05, "ZAF": 2.9051205552304757e-10, "MEX": 3.900489330530445e-06, "VEN": 5.084342708264479e-09, "HND": 3.9131412762621243e-07, "SLV": 1.5077916392170392e-08, "NIC": 9.94774671822887e-06,