{"Wheat": {"KAZ": 0.0212676230832472, "UZB": 0.1623566399549693}, "Rice; paddy": {"UZB": 3.055594978134706e-05}, "Barley": {"SWE": 1.233722555050436e-06, "DNK": 2.2186641789416464e-06, "RUS": 5.078480910437422e-06, "BLR": 1.2305940316400953e-05, "KAZ": 7.830812649085998e-05, "UZB": 0.0036178156842049}, "Maize": {"UZB": 0.0037958133032357}, "Oats": {"KAZ": 6.049120839702375e-06, "RUS": 2.3699867910347352e-05}, "Canary seed": {"CAN": 3.6599435160734e-08}, "Grain; mixed": {"GBR": 6.730128166760936e-08, "LVA": 1.4410898140212713e-06, "UKR": 3.78456441839412e-06}, "Potatoes": {"UZB": 0.0185133779424141}, "Roots and tubers nes": {"CIV": 1.020516168046714e-10, "COL": 3.1966228485914443e-10, "ESP": 3.291024046552761e-10, "THA": 9.313797193533875e-10, "CHN": 1.53403069539291e-09, "FRA": 2.248866431811054e-09, "TGO": 2.561458451346134e-09, "CRI": 3.6849374778273876e-09}, "Broad beans; horse beans; dry": {"UZB": 0.0001589252853277}, "Peas; dry": {"KAZ": 2.901870046934548e-05, "RUS": 3.738076646445946e-05, "UZB": 9.208050026763436e-05}, "Chick peas": {"UZB": 0.0002656269148934}, "Lentils": {"RUS": 8.757860786238079e-07, "TUR": 3.4288945429201825e-06, "CAN": 3.6864461887880704e-06, "UZB": 8.425978229654992e-05}, "Almonds; with shell": {"UZB": 0.0006067771027318}, "Walnuts; with shell": {"UZB": 0.0005454252264745}, "Pistachios": {"TUR": 2.636314775395192e-05, "UZB": 0.0006668276141614}, "Hazelnuts; with shell": {"GEO": 1.7772021082063546e-05, "UZB": 0.0004034590003645}, "Nuts nes": {"UZB": 8.026096919277292e-05}, "Soybeans": {"USA": 1.939009680866152e-05, "RUS": 2.783412062711683e-05, "KAZ": 4.0725617884571775e-05, "UKR": 6.463218872800036e-05, "IND": 7.595302053783587e-05, "ARG": 0.0001212548496168, "BRA": 0.0003800546273551, "PRY": 0.0006657650498284}, "Groundnuts; with shell": {"UZB": 0.0}, "Coconuts": {"IND": 3.951292745212992e-06, "IDN": 8.709615314086341e-05, "PHL": 0.0001245973664978, "MYS": 0.0002918396359249}, "Olives": {"ITA": 5.08996879118676e-06, "TUR": 5.237222693904331e-06, "GRC": 7.381838805107931e-06, "ESP": 5.447428971841614e-05, "UZB": 0.0}, "Sunflower seed": {"UKR": 0.0001898956143054, "UZB": 0.0004163043712355, "KAZ": 0.0008813078669509, "RUS": 0.0012826081781531}, "Rapeseed": {"RUS": 8.589927631298717e-07, "KAZ": 4.204424426846842e-06, "UZB": 0.0}, "Safflower seed": {"UZB": 0.004238133221717}, "Sesame seed": {"PAK": 3.82199011470611e-05, "UZB": 0.0012243584496141}, "Mustard seed": {"CAN": 3.9999954454264987e-08, "RUS": 1.0207107320106616e-06, "UKR": 2.290531608487369e-06}, "Poppy seed": {"HUN": 1.1062757780002581e-07, "FRA": 6.427416216229874e-07, "TUR": 1.023140461036221e-06, "ESP": 2.93581184348103e-06, "CZE": 4.277568389293975e-06}, "Oilseeds nes": {"UZB": 1.0245849190006429e-07}, "Cabbages and other brassicas": {"UZB": 0.0027659556074378}, "Artichokes": {"UZB": 2.456009958796952e-05}, "Lettuce and chicory": {"UZB": 2.8568631962365727e-05}, "Tomatoes": {"UZB": 0.0136339408667037}, "Cucumbers and gherkins": {"UZB": 0.0051385699538351}, "Eggplants (aubergines)": {"UZB": 0.0007688836296339}, "Chillies and peppers; green": {"UZB": 0.0001646050780868}, "Onions; dry": {"UZB": 0.0066865359485088}, "Garlic": {"UZB": 0.0015500083606663}, "Leeks; other alliaceous vegetables": {"UZB": 6.577208721874524e-05}, "Beans; green": {"UZB": 0.0001235432553251}, "Peas; green": {"UZB": 0.0001860248939662}, "Vegetables; leguminous nes": {"UZB": 0.0001345531425172}, "Carrots and turnips": {"UZB": 0.0059599745919379}, "Maize; green": {"SRB": 1.4172907062074825e-07, "POL": 2.2684519501861578e-07, "USA": 2.631131597182149e-07, "MDA": 6.889375607993271e-07, "UKR": 1.1976810839546469e-06, "HUN": 1.4120457967078609e-06, "CHN": 8.097691116384017e-06, "THA": 1.76739446117513e-05}, "Mushrooms and truffles": {"UZB": 6.532923915933372e-07}, "Vegetables; fresh nes": {"UZB": 0.0076823191383164}, "Bananas": {"ECU": 0.0037890334235474}, "Oranges": {"EGY": 2.3735210229274522e-07, "ISR": 5.855593476759542e-07, "ESP": 6.828232554421091e-07, "ZAF": 9.141469902607608e-06, "BRA": 1.2592992090941658e-05, "TUR": 2.733626750753067e-05}, "Tangerines; mandarins; clementines; satsumas": {"TUR": 1.4870412948811447e-05, "CHN": 4.6337707752703415e-05, "UZB": 0.0004304898041222, "GEO": 0.0004808399439245}, "Lemons and limes": {"ARG": 1.656571143946767e-06, "TUR": 6.747380721007324e-06, "UZB": 4.140575186435755e-05}, "Grapefruit (inc. pomelos)": {"TUR": 2.604147592177571e-07, "UZB": 3.339542139232849e-05}, "Fruit; citrus nes": {"UZB": 4.61280843608597e-05}, "Apples": {"UZB": 0.0207793884421559}, "Pears": {"UZB": 0.0015134913972844}, "Quinces": {"UZB": 0.0011575824113337}, "Apricots": {"UZB": 0.0072109676492845}, "Cherries; sour": {"UZB": 0.0012740038258536}, "Cherries": {"UZB": 0.0020846400747407}, "Peaches and nectarines": {"UZB": 0.0016323595208915}, "Plums and sloes": {"UZB": 0.000622803207392}, "Fruit; stone nes": {"UZB": 0.0012994007888329}, "Fruit; pome nes": {"UZB": 0.0}, "Strawberries": {"UZB": 0.0001852826052095}, "Currants": {"UZB": 1.824628450382195e-05}, "Blueberries": {"UZB": 1.5272963086273927e-05}, "Berries nes": {"UZB": 1.9631933121563497e-05}, "Grapes": {"UZB": 0.0196120585907678}, "Watermelons": {"UZB": 0.003420189521488}, "Figs": {"UZB": 0.0001262574625949}, "Mangoes; mangosteens; guavas": {"PAK": 3.2000286673997494e-07}, "Pineapples": {"IDN": 1.8209728449749968e-07, "MEX": 7.761869485878673e-07, "PHL": 7.793477456650565e-07, "KEN": 9.91912817618465e-07, "CHN": 2.784321175500894e-06, "THA": 1.15970638476251e-05, "CRI": 5.303387756133542e-05}, "Persimmons": {"UZB": 6.787061761427945e-05}, "Kiwi fruit": {"NZL": 7.635117326657024e-07, "IRN": 2.1809528484286715e-06, "ITA": 3.0522294018926973e-06, "GRC": 4.797392456661444e-06, "CHL": 0.0001894451914656}, "Fruit; fresh nes": {"UZB": 0.0031534034608744}, "Coffee; green": {"UGA": 7.743458968686522e-05, "MYS": 8.420692763160338e-05, "VNM": 0.0004785046888371, "IND": 0.0004852523257464, "IDN": 0.000958038799307, "BRA": 0.0013097437524927, "COL": 0.001698251300874}, "Cocoa; beans": {"PNG": 0.0001141439881528, "CMR": 0.000290990514073, "NGA": 0.0005468136495819, "IDN": 0.0006675294070389, "ECU": 0.0015607382754065, "GHA": 0.002358908894295, "CIV": 0.0048383565171148}, "Tea": {"LKA": 0.0062881031259957, "CHN": 0.0149224296549562}, "Pepper (piper spp.)": {"UZB": 0.0002304077862861}, "Chillies and peppers; dry": {"UZB": 0.0001823432256122}, "Vanilla": {"TUR": 4.406291645837709e-09, "MDG": 5.2823300934917736e-08}, "Anise; badian; fennel; coriander": {"RUS": 3.0817047355541755e-06, "UKR": 3.39139238940872e-05, "IND": 0.0002006582380563}, "Spices nes": {"GEO": 1.4196161466456792e-05, "UZB": 0.0001319497954293}, "Meat; cattle": {"DNK": 1.8092288756073818e-08, "SWE": 5.781625519582822e-09, "DEU": 7.18484693105814e-07, "POL": 0.00017629499194533015, "ROU": 1.6080332826419453e-08, "MDA": 2.3679280964872513e-09, "SVN": 5.503523312827535e-10, "GBR": 3.4598196086227805e-07, "ITA": 9.570351843024277e-08, "CAN": 2.2824334106715665e-09, "UKR": 4.1484084611720583e-07, "AUT": 7.502021442951658e-08, "HRV": 5.96196325990271e-10, "USA": 1.913482608271634e-05, "BGR": 6.943748945237325e-10, "RUS": 5.039929560436782e-07, "HUN": 3.700183503336352e-08, "FRA": 2.547404300422014e-06, "MEX": 1.566912885770882e-08, "EST": 6.178908716265378e-09, "ESP": 2.4816601695293724e-07, "FIN": 4.726923043791084e-10, "SRB": 1.223908543602986e-10, "LUX": 3.3990379683670454e-10, "ARG": 5.977304282716015e-05, "THA": 1.3376178732340872e-08, "ZAF": 9.086996600297547e-07, "PAK": 1.939521070296289e-09, "NOR": 4.521725457884407e-10, "GRC": 1.994344416726468e-09, "PRY": 5.139319836732031e-06, "NIC": 6.390252306879634e-08, "BRA": 0.00016783556329268381, "IRL": 2.3470362321215083e-07, "IND": 3.4426174123722284e-09, "PRT": 4.4463891263250574e-10, "NLD": 2.882471303855632e-09, "CHL": 5.794765663339886e-09, "CYP": 6.757033854233418e-10, "LTU": 4.7006246347038106e-07, "URY": 3.037673884803656e-06, "ZMB": 9.94164987322198e-10, "LAO": 1.1501507598768962e-09, "AUS": 8.658028203558198e-06,