{"Wheat": {"LVA": 2.3784465748337763e-05, "GBR": 4.1752479388213367e-05, "DEU": 8.437421189843694e-05, "CAN": 8.696184603310033e-05, "RUS": 0.0006490683823408, "UKR": 0.0011810870617902, "IND": 0.0044014685159669, "PRY": 0.0066410347558279, "AUS": 0.037294377128391, "UGA": 0.0}, "Rice; paddy": {"TZA": 1.195480971197042e-09, "PAK": 4.140314529737261e-09, "UGA": 2.31850288620604e-08}, "Barley": {"LTU": 4.647395115188484e-06, "BEL": 7.035030520018851e-06, "DEU": 1.3368953137102574e-05, "FRA": 0.0003651060725712, "KEN": 0.0078607735275934}, "Maize": {"UGA": 0.3120125914334497}, "Potatoes": {"KEN": 0.0039418531783452, "UGA": 0.0247105142508516}, "Sweet potatoes": {"UGA": 0.2216610500106568}, "Cassava": {"UGA": 0.0161358777263319}, "Beans; dry": {"UGA": 0.1549796504978758}, "Peas; dry": {"RWA": 0.0007408388409251, "TZA": 0.0008992577631442, "UGA": 0.013048133240613}, "Chick peas": {"UGA": 0.003400055607292}, "Cow peas; dry": {"UGA": 0.012018725879066}, "Pigeon peas": {"UGA": 0.0131518049488816}, "Cashew nuts; with shell": {"IND": 4.123561420120825e-07, "GHA": 7.607260888730485e-07, "KEN": 0.0001111714400213}, "Almonds; with shell": {"CHN": 6.195734359213755e-08, "AUS": 3.027533455918545e-07, "USA": 8.402823792767802e-07}, "Walnuts; with shell": {"USA": 2.607658336074624e-09, "IND": 1.3756495235811908e-07}, "Areca nuts": {"IDN": 1.5336857090856388e-08, "IND": 2.4777347026757055e-07}, "Groundnuts; with shell": {"TZA": 0.0036612756589125, "UGA": 0.0584060131169208}, "Coconuts": {"IDN": 2.151983313975836e-07, "LKA": 8.591529711393212e-07, "IND": 1.1451119987653467e-06, "KEN": 4.881441106600023e-05}, "Oil palm fruit": {"MYS": 0.0091316874997146, "IDN": 0.0184239838824042}, "Olives": {"EGY": 4.332069025949665e-08, "TUR": 4.02899319841269e-06, "GRC": 6.509470776607454e-06, "TUN": 7.446099193783598e-06, "ESP": 2.0002108262163963e-05, "ITA": 2.337401954612753e-05}, "Sunflower seed": {"UGA": 0.0643579154065069}, "Sesame seed": {"UGA": 0.0534060688036527}, "Mustard seed": {"FRA": 2.186058164664245e-07, "CAN": 4.648385937143084e-07, "CHN": 7.458965390508362e-07, "USA": 7.842027713223409e-07, "NPL": 4.154264164761468e-06}, "Oilseeds nes": {"MYS": 0.0001775224908963, "UGA": 0.0073316455359613}, "Artichokes": {"ITA": 1.5279438283953092e-09}, "Lettuce and chicory": {"KEN": 1.1352392751625857e-06}, "Tomatoes": {"ITA": 4.14537797597143e-06, "CHN": 7.5424042748994575e-06, "UGA": 0.0015307572108343}, "Onions; dry": {"UGA": 0.0358051376184655}, "Garlic": {"KEN": 9.681114438673686e-06, "CHN": 1.466477534268539e-05}, "Peas; green": {"KEN": 0.0005782715699643}, "Carrots and turnips": {"KEN": 0.000980444389772}, "Mushrooms and truffles": {"NLD": 2.4271874474545475e-11, "IND": 2.858714531500806e-09, "USA": 3.414704393349292e-09, "IDN": 2.0749162257653266e-08, "ZAF": 3.2204780495680014e-08, "CHN": 7.392794931530678e-08}, "Vegetables; fresh nes": {"UGA": 0.0665953487320219}, "Plantains and others": {"UGA": 0.5661401561888505}, "Oranges": {"EGY": 5.1334403463196554e-08, "ZAF": 4.380019126957784e-07, "IND": 2.18121201790123e-06, "TZA": 3.1113505808156244e-06, "SWZ": 7.07258862861904e-06, "KEN": 1.0950393814906992e-05}, "Tangerines; mandarins; clementines; satsumas": {"EGY": 1.4839138437188569e-08, "ZWE": 5.129428980019336e-07, "ZAF": 3.2476991534966286e-06, "PAK": 6.5767057805592445e-06}, "Apples": {"ITA": 1.832056176170177e-05, "USA": 3.017825799478366e-05, "FRA": 4.4379005815515146e-05, "NZL": 8.213743873169284e-05, "CHN": 0.0003786954556316, "ZAF": 0.0100812151001752}, "Pears": {"EGY": 2.591741457710442e-09, "ZAF": 6.52176534139964e-07, "KEN": 2.4875721707787524e-05}, "Apricots": {"TUR": 1.5010448231428424e-08, "ZAF": 2.7026301831332684e-06}, "Cherries": {"USA": 1.947921928010709e-09, "ARG": 3.496512417076789e-09, "CHN": 6.2895589540355665e-09, "AUS": 9.66971387229283e-09, "LBN": 1.0324715293036641e-08, "CHL": 5.017959194835765e-08, "ZAF": 1.624852330952897e-07}, "Peaches and nectarines": {"ZAF": 1.0804590969955669e-06}, "Plums and sloes": {"ESP": 3.9257442082296235e-09, "ARG": 1.3823970051304462e-08, "CHL": 3.5985345679695734e-08, "ZAF": 2.4099148266425683e-06}, "Strawberries": {"BEL": 7.40358853406867e-10, "EGY": 2.868414482415561e-09, "NLD": 3.182974675711129e-09, "ESP": 6.963786634835017e-09}, "Grapes": {"EGY": 1.3272868184492418e-07, "SAU": 2.1516948422285105e-07, "IND": 5.529107378100977e-07, "CHN": 2.600082762823456e-06, "FRA": 3.033890976936281e-06, "ITA": 6.284987657633856e-06, "ESP": 7.157536967520549e-06, "CHL": 1.1524306318940292e-05, "ZAF": 0.000186397387785}, "Pineapples": {"UGA": 0.0001012569467979}, "Dates": {"ARE": 2.547457326934802e-09, "SAU": 6.925884637746732e-08, "TUN": 3.291013120474969e-06, "KEN": 1.8773704295361216e-05}, "Kiwi fruit": {"FRA": 2.1470221681330963e-08, "GRC": 2.789196689355565e-08, "ITA": 3.1968065390968395e-08, "NZL": 1.9442319964412e-07, "CHL": 1.007238178340009e-06}, "Fruit; tropical fresh nes": {"KEN": 1.215289604811438e-09}, "Fruit; fresh nes": {"KEN": 0.000160746344687, "UGA": 0.0025780575681949}, "Coffee; green": {"RWA": 0.000278793438384, "TZA": 0.0008700276660195, "UGA": 0.0065745845470354}, "Tea": {"RWA": 2.5493266903108534e-06, "UGA": 6.154700017828492e-06}, "Mat\u00e9": {"PRY": 5.2804319910150595e-09, "BRA": 2.6892918211202522e-08, "ARG": 2.2543632743713962e-07}, "Pepper (piper spp.)": {"UGA": 0.0006082652799206}, "Chillies and peppers; dry": {"UGA": 0.0012432787329915}, "Vanilla": {"UGA": 0.0001461846931559, "MDG": 0.0013592895561289}, "Cloves": {"COM": 0.0, "IDN": 8.691879286953158e-08, "TZA": 4.91058113538605e-07, "LKA": 2.7874149911611248e-06, "MDG": 5.1152134999824986e-05}, "Anise; badian; fennel; coriander": {"IND": 2.084328686353694e-05, "TZA": 0.0001199544307291}, "Ginger": {"KEN": 2.102229992709054e-06, "ETH": 4.650186058518427e-06, "UGA": 1.2431792232689591e-05}, "Spices nes": {"TUR": 2.134013747520997e-07, "PAK": 6.848360524755039e-07, "ETH": 1.1665409176419853e-05, "IND": 1.882621925652451e-05, "KEN": 0.0002689784217582}, "Meat; cattle": {"THA": 7.710281599667943e-05, "SVN": 8.007404331217831e-11, "ARE": 1.7077098369531049e-12, "AUT": 3.169407659313168e-09, "SWE": 7.435377123153423e-11, "DEU": 1.068866386374362e-08, "LVA": 5.599365120133183e-11, "LTU": 7.877293283828565e-10, "IRL": 2.1883617175329267e-09, "SRB": 2.2796471773907296e-10, "POL": 3.1451096224012275e-08, "UKR": 3.021054519274819e-08, "ROU": 1.1544084945311242e-09, "CZE": 1.4378196095759302e-10, "HRV": 3.841532209545586e-10, "ITA": 4.1307624677384504e-07, "DNK": 2.9852756692454655e-10, "FRA": 1.722996804415293e-07, "NLD": 7.092242550144408e-11, "HUN": 6.952194256864066e-09, "USA": 4.086425474692896e-08, "CHN": 2.8680935830940755e-10, "CAN": 7.721547764475076e-10, "BEL": 2.240106436999418e-10, "BGR": 3.2317292406742115e-11, "ARG": 3.5808954319110004e-06, "PHL": 1.302038915923361e-08, "PRY": 6.633154534424965e-08, "URY": 2.5141965713862804e-07, "EGY": 7.994160696996468e-09, "SVK": 1.1333352608533631e-10, "GBR": 2.216567284425384e-09, "IND": 2.211000621728782e-07, "RUS": 1.0438378884856125e-09, "PAK": 2.821924889930295e-09, "ZMB": 2.7816729578117896e-10, "ZAF": 7.431142853967354e-06, "BRA": 3.271092599270464e-06, "AUS": 1.6692915566069094e-06, "IDN": 8.086897476954897e-09, "NAM": 9.88883641852552e-10, "MYS": 5.662659045244262e-07, "MWI": 1.5602872691273843e-09, "ESP": 2.3499149570172614e-08, "NZL": 1.0423246540522845e-08, "KEN": 5.7314720996190154e-05, "UGA": 0.8269563998210947}, "Milk; whole fresh cow": {"DMA": 0.0, "KAZ": 5.173548141057243e-11, "SEN": 1.4003739134710763e-09, "VNM": 4.727284502196368e-10, "EGY": 1.881415428786136e-08, "DEU": 9.66157095152362e-07, "HUN": 2.0231778848937432e-08, "POL": 9.162570714988173e-07, "RUS": 1.1501817921668529e-07, "CAN": 5.277310316319032e-08, "HRV": 7.40781649016022e-10, "USA": 5.619620226260385e-06, "FJI": 6.214473959254626e-11, "UKR": 6.70031740346082e-07, "ZMB": 6.49341730848599e-10, "SRB": 6.188268301310173e-10, "FRA": 4.643222241978266e-06, "ROU": 4.872892254593919e-08, "BLR": 3.517783449414469e-09,