{"Wheat": {"LVA": 1.6072664710822786e-05, "GBR": 2.082035014340764e-05, "DEU": 6.151664314184658e-05, "CAN": 7.2056063015858e-05, "RUS": 0.0004545281282298, "UKR": 0.0009545332687933, "PRY": 0.0024154356650274, "IND": 0.0042063745092369, "AUS": 0.0207974299414264, "UGA": 0.0}, "Rice; paddy": {"TZA": 5.469614698552596e-10, "PAK": 3.9292287845427085e-09, "UGA": 1.767051245754531e-08}, "Barley": {"LTU": 4.020413315678713e-06, "BEL": 4.408862275417233e-06, "DEU": 9.73665990665524e-06, "FRA": 0.0001249887414438, "KEN": 0.0037602654091774}, "Maize": {"UGA": 0.2289642642800996}, "Potatoes": {"KEN": 0.0020259928578723, "UGA": 0.0194548555338853}, "Sweet potatoes": {"UGA": 0.1745161457049825}, "Cassava": {"UGA": 0.0407833776081005}, "Beans; dry": {"UGA": 0.1129597733748273}, "Peas; dry": {"TZA": 0.0004185752501578, "RWA": 0.0006485434309961, "UGA": 0.0095103722913893}, "Chick peas": {"UGA": 0.0024781931668298}, "Cow peas; dry": {"UGA": 0.0087384895033083}, "Pigeon peas": {"UGA": 0.009562320553091}, "Cashew nuts; with shell": {"IND": 3.825343297458421e-07, "GHA": 4.030351732346547e-07, "KEN": 5.327040680205683e-05}, "Almonds; with shell": {"CHN": 2.6330541266471763e-08, "AUS": 1.6300466617437253e-07, "USA": 3.62158902076576e-07}, "Walnuts; with shell": {"USA": 1.1238920430491924e-09, "IND": 1.2761618291910846e-07}, "Areca nuts": {"IDN": 1.1945990505777e-08, "IND": 2.2985436306373545e-07}, "Groundnuts; with shell": {"TZA": 0.0016456241649431, "UGA": 0.0386197040884899}, "Coconuts": {"IDN": 1.67619559112097e-07, "LKA": 7.047963435282995e-07, "IND": 1.062296898972317e-06, "KEN": 2.339057166831221e-05}, "Oil palm fruit": {"MYS": 0.0085609409790746, "IDN": 0.0144844518403122}, "Olives": {"EGY": 4.2244078272985904e-08, "GRC": 2.674353576002809e-06, "TUR": 2.804785528524406e-06, "TUN": 6.006036105531372e-06, "ESP": 1.3674051704594048e-05, "ITA": 1.6306933027097534e-05}, "Sunflower seed": {"UGA": 0.0449315391818063}, "Sesame seed": {"UGA": 0.0388301036523803}, "Mustard seed": {"FRA": 4.2534470466417104e-08, "CHN": 2.692482821632112e-07, "CAN": 3.895937602013828e-07, "USA": 4.03150164418269e-07, "NPL": 2.6514561528567862e-06}, "Oilseeds nes": {"MYS": 0.0001672609632104, "UGA": 0.005330640552304}, "Artichokes": {"ITA": 1.1455782238932664e-09}, "Lettuce and chicory": {"KEN": 6.003096842386495e-07}, "Tomatoes": {"ITA": 3.108003482082846e-06, "CHN": 4.150096190786926e-06, "UGA": 0.0011273187761815}, "Onions; dry": {"UGA": 0.0263685211706829}, "Garlic": {"KEN": 5.119332002432792e-06, "CHN": 8.069075333307557e-06}, "Peas; green": {"KEN": 0.0003057875385079}, "Carrots and turnips": {"KEN": 0.0005184548094086}, "Mushrooms and truffles": {"NLD": 1.4884376187347524e-11, "USA": 1.3868215590566831e-09, "IND": 2.6863640917279886e-09, "ZAF": 1.0094453356305714e-08, "IDN": 1.6654553049954452e-08, "CHN": 4.067775866472411e-08}, "Vegetables; fresh nes": {"UGA": 0.0490438238674361}, "Plantains and others": {"UGA": 0.3766641421052166}, "Oranges": {"EGY": 5.1334403463196554e-08, "ZAF": 1.2777734715377365e-07, "SWZ": 1.466280377475819e-06, "TZA": 1.5058002849944696e-06, "IND": 2.0234656218045965e-06, "KEN": 5.247138411185837e-06}, "Tangerines; mandarins; clementines; satsumas": {"EGY": 1.4839138437188569e-08, "ZWE": 2.135487650149957e-07, "ZAF": 9.47444223778056e-07, "PAK": 6.188412301186057e-06}, "Apples": {"FRA": 8.484743207391555e-06, "USA": 1.3006728513551868e-05, "ITA": 1.3820077659783907e-05, "NZL": 1.714101134335692e-05, "CHN": 0.0001609374408879, "ZAF": 0.0029409709963565}, "Pears": {"EGY": 2.591741457710442e-09, "ZAF": 1.902580445264579e-07, "KEN": 1.1919786364323549e-05}, "Apricots": {"TUR": 1.1148084699265994e-08, "ZAF": 7.884324363175665e-07}, "Cherries": {"USA": 8.395478522189449e-10, "ARG": 1.752347251460681e-09, "CHN": 2.6729275657350203e-09, "AUS": 5.206246288289406e-09, "LBN": 8.627738098030055e-09, "CHL": 1.5242244469189824e-08, "ZAF": 4.7401464319630084e-08}, "Peaches and nectarines": {"ZAF": 3.151999868506191e-07}, "Plums and sloes": {"ESP": 2.574569266364347e-09, "ARG": 6.9281595584695805e-09, "CHL": 1.0930687454029373e-08, "ZAF": 7.030392208100093e-07}, "Strawberries": {"BEL": 4.889493066829797e-10, "NLD": 1.8422680443448582e-09, "EGY": 2.868414482415561e-09, "ESP": 4.566968731681654e-09}, "Grapes": {"SAU": 8.305731672968346e-08, "EGY": 1.3272868184492418e-07, "IND": 5.129239435246909e-07, "FRA": 5.800442210340631e-07, "CHN": 1.104979369894302e-06, "CHL": 3.500552464274596e-06, "ESP": 4.694033467798271e-06, "ITA": 4.741067367315001e-06, "ZAF": 5.437730529754283e-05}, "Pineapples": {"UGA": 7.237321544013171e-05}, "Dates": {"ARE": 1.8159203904388821e-09, "SAU": 2.6734524928953105e-08, "TUN": 2.655005572586764e-06, "KEN": 8.995861390330378e-06}, "Kiwi fruit": {"FRA": 4.104853505036751e-09, "GRC": 1.2780415747097931e-08, "ITA": 2.4115043636914952e-08, "NZL": 4.057358400713943e-08, "CHL": 3.059524790229451e-07}, "Fruit; tropical fresh nes": {"KEN": 5.823345601908943e-10}, "Fruit; fresh nes": {"KEN": 7.702538684196535e-05, "UGA": 0.001842661878521}, "Coffee; green": {"RWA": 0.0002385381756836, "TZA": 0.0003967960980949, "UGA": 0.0045633702213552}, "Tea": {"RWA": 2.181226866217452e-06, "UGA": 4.271931493435185e-06}, "Mat\u00e9": {"PRY": 1.766105218273311e-09, "BRA": 1.0285445416224028e-08, "ARG": 1.761783483842448e-07}, "Pepper (piper spp.)": {"UGA": 0.0004422531820175}, "Chillies and peppers; dry": {"UGA": 0.0009156066355975}, "Vanilla": {"UGA": 0.0001062869242165, "MDG": 0.0002906059894051}, "Cloves": {"COM": 0.0, "IDN": 6.797935178069873e-08, "TZA": 2.266092994396706e-07, "LKA": 2.303607068586408e-06, "MDG": 1.0935945718692646e-05}, "Anise; badian; fennel; coriander": {"IND": 1.940044616781647e-05, "TZA": 5.53555450216001e-05}, "Ginger": {"KEN": 1.0625708747331375e-06, "ETH": 3.189214941087934e-06, "UGA": 9.038818842011026e-06}, "Spices nes": {"TUR": 1.4255395385027077e-07, "PAK": 6.428647281253358e-07, "ETH": 8.000431976520894e-06, "IND": 1.7523006597805643e-05, "KEN": 0.0001359549801321}, "Meat; cattle": {"IRL": 4.912439198766993e-10, "ARE": 1.2173177862835966e-12, "AUT": 2.548481074221346e-09, "THA": 7.386549674744046e-05, "LVA": 4.7725862835250337e-11, "DEU": 9.33841055948677e-09, "SWE": 6.738657922733163e-11, "LTU": 7.37207704335129e-10, "SVN": 3.6884439778981034e-11, "SRB": 1.9158518063507894e-10, "POL": 2.5912649545935875e-08, "FRA": 4.068174665982715e-08, "UKR": 2.4670410368705577e-08, "ROU": 7.591922064285317e-10, "CZE": 1.1023861257561012e-10, "CHN": 1.5004988528040908e-10, "HRV": 2.478711746792359e-10, "NLD": 4.695518194908146e-11, "USA": 2.6743359782587483e-08, "ITA": 3.429004761278615e-07, "HUN": 6.2827976462608325e-09, "DNK": 3.455788497270491e-10, "URY": 5.772360472717023e-08, "CAN": 6.607109675324289e-10, "BEL": 1.4889421312191837e-10, "BGR": 2.2613840020252067e-11, "PRY": 2.5035545151440234e-08, "ARG": 2.1214139746619493e-06, "ZMB": 5.7193548401095825e-11, "GBR": 9.185604594293665e-10, "PHL": 1.1743491087395603e-08, "SVK": 8.745584325918084e-11, "EGY": 7.994160696996468e-09, "NAM": 1.0194007043603223e-10, "BRA": 1.1560217378156923e-06, "ZAF": 2.8278682505516805e-06, "RUS": 7.297235225899111e-10, "IND": 2.0743959672841236e-07, "PAK": 2.6137217684829683e-09, "AUS": 9.150957202172397e-07, "NZL": 2.216243889993976e-09, "IDN": 6.357706226304527e-09, "MWI": 1.0816182889543594e-09, "ESP": 1.5875167250518804e-08, "MYS": 5.334979929773774e-07, "KEN": 2.899686019029536e-05, "UGA": 0.7832226003864281}, "Milk; whole fresh cow": {"DMA": 0.0, "KAZ": 2.6365132576784526e-11, "SEN": 8.013014754710647e-10, "DEU": 8.343044910337698e-07, "ZMB": 1.2704138299207335e-10, "EGY": 1.881415428786136e-08, "MRT": 3.9729786477373706e-13, "HUN": 1.8232634039141946e-08, "RUS": 8.059376846670834e-08, "POL": 7.555931143725706e-07, "FRA": 1.1420098441422702e-06, "CAN": 4.6132509390766354e-08, "HRV": 4.773904766460812e-10, "USA": 3.6414474457166513e-06, "VNM": 4.502770160900588e-10, "BIH": 1.4018802100699286e-11, "FJI": 4.513243757371184e-11, "BOL": 2.9779693578511397e-08,