{"Wheat": {"CAN": 5.512031807280653e-05, "RUS": 0.0002916785836876, "MEX": 0.0004792831854793, "USA": 0.0015670685977174}, "Rice; paddy": {"USA": 9.780385822030865e-07, "BRA": 2.93605605455809e-05, "NIC": 0.000840189417007}, "Barley": {"NLD": 2.515007398398318e-07, "DNK": 3.1404717161873146e-07, "CAN": 7.302336073217176e-07, "FRA": 7.288573453425278e-06, "SWE": 8.288593018886746e-06, "DEU": 1.6495396147227713e-05, "USA": 2.42814737763236e-05}, "Maize": {"USA": 0.0002149200695261, "ARG": 0.0004322038799916, "BRA": 0.0014873029505481, "NIC": 0.43332481320842}, "Oats": {"CAN": 3.728780767111529e-07, "DEU": 1.0782481110519223e-06, "CHL": 0.0008032572342336}, "Potatoes": {"NLD": 3.862726244025195e-07, "CAN": 5.267505011146631e-07, "USA": 2.19028868130438e-05, "GTM": 0.0001491160922225, "NIC": 0.0033042561740459}, "Cassava": {"NIC": 0.0003553897352329}, "Yautia (cocoyam)": {"NIC": 0.0014326305351401}, "Taro (cocoyam)": {"NIC": 0.0021483918764652}, "Yams": {"NIC": 0.000106996744175}, "Beans; dry": {"NIC": 0.1897401135011641}, "Peas; dry": {"RUS": 1.4268551437067002e-09, "CAN": 4.527813107977895e-08}, "Chick peas": {"CAN": 1.545561760105562e-09, "IND": 1.6058962162072753e-08, "ARG": 4.648621685355339e-08, "MEX": 2.0580097607183545e-06}, "Lentils": {"CAN": 2.7365589357590185e-08, "USA": 4.876728051194277e-07}, "Almonds; with shell": {"USA": 1.255843114528798e-06}, "Pistachios": {"USA": 3.36001097073191e-08}, "Nuts nes": {"TUR": 1.454628336728892e-07, "CHN": 2.01141453452093e-07, "THA": 2.1651696741077328e-06, "GTM": 4.137338250194751e-06, "USA": 7.407285624838156e-06, "MEX": 1.813503275753065e-05}, "Soybeans": {"ARG": 0.0001027457190251, "BOL": 0.0001168968884244, "USA": 0.0003026446422482, "NIC": 0.0009936687599857}, "Groundnuts; with shell": {"NIC": 0.0093667356825567}, "Coconuts": {"IND": 1.4781609072419802e-06, "HND": 0.0001056544034322, "CRI": 0.0003243828531795, "NIC": 0.0008083580330789}, "Oil palm fruit": {"MYS": 5.5348113448206856e-05, "IDN": 0.0002197883765341, "GTM": 0.0012438164633655, "HND": 0.0015077946081748, "CRI": 0.0070313875711719, "NIC": 0.0246457848148805}, "Olives": {"GRC": 2.455534919410052e-06, "TUN": 4.883850964677263e-06, "CHL": 7.459191807029336e-06, "ITA": 1.404425566062565e-05, "ESP": 3.946945397628912e-05, "MEX": 0.0}, "Sunflower seed": {"USA": 7.441552290618691e-07, "BOL": 7.408171999689137e-06, "ARG": 3.1829665159547724e-05}, "Sesame seed": {"NIC": 9.345144555508272e-05}, "Mustard seed": {"FRA": 8.377369642599531e-07, "USA": 7.207625246988437e-06, "CAN": 1.33032960151056e-05}, "Cabbages and other brassicas": {"NIC": 0.0018814155966535}, "Asparagus": {"CRI": 6.083234482064217e-07, "PER": 6.231802487799697e-07}, "Lettuce and chicory": {"USA": 8.344696761166825e-08, "MEX": 7.00337549147489e-06, "GTM": 4.395849133093999e-05, "CRI": 0.0002797439355871}, "Spinach": {"CRI": 3.510967452709924e-06}, "Tomatoes": {"USA": 3.866537859571926e-06, "NIC": 0.0023160848284372}, "Cauliflowers and broccoli": {"MEX": 1.2225935951064417e-06, "GTM": 2.00854939449168e-05, "CRI": 0.0001699763970127}, "Pumpkins; squash and gourds": {"USA": 2.2144136748359214e-08, "MEX": 4.521175744600437e-08}, "Eggplants (aubergines)": {"CRI": 6.864932470029672e-06}, "Chillies and peppers; green": {"GTM": 4.285844674614668e-05, "HND": 6.77669960437212e-05, "NIC": 0.001009760189187}, "Onions; dry": {"USA": 2.221325258594308e-05, "PER": 3.793936547347317e-05, "MEX": 5.045406103925741e-05, "CRI": 0.0004292974652788, "GTM": 0.0005412872593397, "NIC": 0.0013071208159455}, "Garlic": {"TWN": 9.199335409408245e-06, "CHN": 1.2125319411874505e-05}, "Leeks; other alliaceous vegetables": {"FRA": 5.036881835226558e-10, "CAN": 5.63576797292511e-10, "MEX": 3.038670174938812e-07, "CRI": 9.724622387109093e-07}, "Peas; green": {"CHN": 2.767508121594195e-09, "CAN": 6.789607025329541e-09, "MEX": 1.8014213452409747e-08, "USA": 2.1379584490084723e-08, "GTM": 7.334607222753982e-07}, "Carrots and turnips": {"GTM": 4.915941880919444e-05, "CRI": 0.0005679390080986, "NIC": 0.0009156110296476}, "Maize; green": {"CHN": 2.2943700358093546e-07, "USA": 1.269128986953919e-06, "MEX": 6.976909743521347e-06, "THA": 1.3361046686015954e-05}, "Mushrooms and truffles": {"NLD": 1.5621004238536608e-10, "CHN": 2.814764249596881e-07}, "Vegetables; fresh nes": {"USA": 5.718704187615636e-07, "CHN": 9.27764143045184e-06, "MEX": 5.194824230655779e-05, "HND": 6.703269215210999e-05, "GTM": 0.0002179510907938, "CRI": 0.0004682216574327, "NIC": 0.0012238209353876}, "Plantains and others": {"NIC": 0.0135857352119541}, "Oranges": {"HND": 3.949033665463814e-05, "NIC": 0.0093374466667006}, "Tangerines; mandarins; clementines; satsumas": {"USA": 2.025847768565874e-09, "CHL": 4.441747602017112e-08, "ESP": 9.832603804357973e-08, "PER": 7.364434022426026e-07}, "Lemons and limes": {"TUR": 4.386749510438227e-07, "GTM": 1.3943235833004945e-05, "HND": 3.223160609425909e-05}, "Grapefruit (inc. pomelos)": {"USA": 7.14728864470865e-08}, "Fruit; citrus nes": {"NIC": 9.662437507648011e-06}, "Apples": {"CHN": 3.4723686238041945e-06, "MEX": 8.001300549359658e-06, "USA": 9.71031147817388e-06, "CHL": 4.474740639042122e-05, "SLV": 0.0005890412128665, "GTM": 0.0007953362754574}, "Pears": {"USA": 1.9708159026794809e-07, "ARG": 2.0567902060803365e-07, "CHL": 4.538436374939621e-07}, "Cherries": {"CHL": 2.535133651147051e-07}, "Peaches and nectarines": {"ESP": 1.932825667424962e-09, "USA": 5.83093979624836e-08, "CHL": 3.806799192019992e-07}, "Plums and sloes": {"ARG": 1.568560093578573e-07, "USA": 8.151764695929377e-07, "MEX": 1.1072070968310243e-06, "CHL": 5.790681432712024e-06}, "Strawberries": {"GTM": 3.004343675183742e-06, "CRI": 1.4402671433980992e-05}, "Grapes": {"ITA": 2.110046256505881e-06, "ESP": 2.409803303458605e-06, "PER": 5.471249876848955e-06, "USA": 6.849866662710557e-06, "ARG": 7.809057877280275e-06, "GTM": 1.7294820145976676e-05, "CHL": 9.750498292561118e-05}, "Melons; other (inc.cantaloupes)": {"HND": 4.004453257802362e-05}, "Figs": {"GRC": 3.864503928803703e-09, "ESP": 4.931838718317002e-09, "USA": 1.2368795812959535e-08, "TUR": 2.3656642918604425e-08}, "Pineapples": {"HND": 3.64112029381352e-05, "NIC": 0.0052085160671237}, "Dates": {"ISR": 5.1981516841633847e-08, "SAU": 1.772290232272745e-07, "USA": 5.729494968561649e-07, "TUN": 8.240927254797703e-07}, "Kiwi fruit": {"USA": 1.0569520373553395e-08, "NZL": 2.0506840123040762e-08, "ITA": 3.673920457168749e-08, "CHL": 1.0780559584713137e-06}, "Papayas": {"GTM": 3.3953375855478908e-06, "CRI": 6.753931943396746e-06}, "Fruit; fresh nes": {"MEX": 1.743477910813227e-05, "HND": 6.115322522412786e-05, "GTM": 0.0002902855282283, "CRI": 0.0012074964102308, "NIC": 0.0028572914631156}, "Tea": {"MWI": 6.846897912560281e-07, "IDN": 1.6943495306405288e-06, "VNM": 3.4180290923941827e-06, "ARG": 4.330906593302564e-06, "IND": 5.270758936506613e-06, "KEN": 8.01056874608668e-06, "CHN": 1.3883694323657102e-05, "SLV": 5.306527513997239e-05, "GTM": 5.979481793411512e-05, "LKA": 9.51841971465652e-05}, "Pepper (piper spp.)": {"BRA": 1.9006603057767072e-06, "IND": 2.179450648401105e-06, "LKA": 3.940756169270219e-06, "VNM": 7.24629825827585e-06, "HND": 9.75477535832046e-06, "CRI": 1.1565906431024262e-05, "IDN": 1.2243367851241956e-05, "GTM": 3.767492210840297e-05}, "Cinnamon (cannella)": {"CHN": 2.640938465824341e-07, "VNM": 8.739438663004852e-06, "IDN": 1.3610954357425969e-05, "LKA": 0.0004713959774792}, "Cloves": {"COM": 0.0, "TZA": 1.1723793735219904e-06, "LKA": 3.1826927565671504e-06, "IDN": 8.837124976343876e-06, "MDG": 7.318538789473605e-05}, "Anise; badian; fennel; coriander": {"GTM": 3.31073958470834e-06, "IND": 4.809528618801459e-06}, "Meat; cattle": {"FRA": 2.2832344561676423e-12, "POL": 1.1150172612583866e-12, "DEU": 2.9841369440557414e-11, "URY": 2.1827969271643528e-08, "USA": 0.00021289274647529662, "ARG": 7.290920052950555e-05, "PRY": 4.263391110866421e-06, "BRA": 1.669263213556898e-06, "CAN": 1.6255009555179512e-08, "HND": 4.135167569418655e-08, "MEX": 8.962652361978468e-08,