{"Wheat": {"CAN": 6.6522710413529e-05, "RUS": 0.0004165184390565, "MEX": 0.0007901870024365, "USA": 0.0029268248925612}, "Rice; paddy": {"USA": 1.3339728734050425e-06, "BRA": 8.191526840172544e-05, "NIC": 0.0019967940755519}, "Barley": {"DNK": 3.3115499576988e-07, "NLD": 4.048122519841034e-07, "CAN": 8.722109220308567e-07, "SWE": 9.132380202162886e-06, "FRA": 2.1290737049487667e-05, "DEU": 2.2649058320245395e-05, "USA": 7.550611893295759e-05}, "Maize": {"USA": 0.0003381359377547, "ARG": 0.0008223762609568, "BRA": 0.0044951178340182, "NIC": 1.087775069966116}, "Oats": {"CAN": 4.4398503312290006e-07, "DEU": 1.464676149987071e-06, "CHL": 0.0031805342268732}, "Potatoes": {"NLD": 6.206222351410297e-07, "CAN": 6.397518161559302e-07, "USA": 5.392703418736544e-05, "GTM": 0.0002326244095331, "NIC": 0.0079602485509331}, "Cassava": {"NIC": 0.0001406093768891}, "Yautia (cocoyam)": {"NIC": 0.0035057785030564}, "Taro (cocoyam)": {"NIC": 0.0052573122461865}, "Yams": {"NIC": 0.0002618308603824}, "Beans; dry": {"NIC": 0.4712362640758394}, "Peas; dry": {"RUS": 2.0382616213976603e-09, "CAN": 5.2681350682021975e-08}, "Chick peas": {"CAN": 1.7982694767454111e-09, "IND": 1.7126111873530477e-08, "ARG": 8.925523997320596e-08, "MEX": 3.5647037218914274e-06}, "Lentils": {"CAN": 3.1840011395948615e-08, "USA": 1.0591491350318251e-06}, "Almonds; with shell": {"USA": 2.9138116838323425e-06}, "Pistachios": {"USA": 7.79590946596617e-08}, "Nuts nes": {"TUR": 1.9585986233021255e-07, "CHN": 4.7329790967958985e-07, "THA": 2.2795228623973966e-06, "GTM": 6.767266381751172e-06, "USA": 1.7186410586990433e-05, "MEX": 3.8017245288874246e-05}, "Soybeans": {"ARG": 0.0001565017345035, "BOL": 0.0001683801114229, "USA": 0.000451998682235, "NIC": 0.0025159718251593}, "Groundnuts; with shell": {"NIC": 0.0237366542394912}, "Coconuts": {"IND": 1.593396151891405e-06, "HND": 0.0001671035496132, "CRI": 0.0007415531231771, "NIC": 0.0020693739156433}, "Oil palm fruit": {"MYS": 5.903809837530411e-05, "IDN": 0.0002795671904914, "GTM": 0.0021734426975432, "HND": 0.0027638410510706, "CRI": 0.0195434170270819, "NIC": 0.0630046279948878}, "Olives": {"GRC": 5.976858461149895e-06, "TUN": 6.054848504348984e-06, "ITA": 2.013074474377141e-05, "CHL": 2.0133515115320487e-05, "ESP": 5.7735067011410766e-05, "MEX": 0.0}, "Sunflower seed": {"USA": 1.3372753669412038e-06, "BOL": 1.5080526706346951e-05, "ARG": 5.641215193647734e-05}, "Sesame seed": {"NIC": 0.0002313787746213}, "Mustard seed": {"FRA": 4.3055472666750055e-06, "USA": 1.4020184517342763e-05, "CAN": 1.587265003482184e-05}, "Cabbages and other brassicas": {"NIC": 0.0047225629841289}, "Asparagus": {"CRI": 1.149856829545448e-06, "PER": 1.6603020804757332e-06}, "Lettuce and chicory": {"USA": 2.054674770913286e-07, "MEX": 1.354069297036297e-05, "GTM": 6.457311398997034e-05, "CRI": 0.0005287737564731}, "Spinach": {"CRI": 6.636452886557782e-06}, "Tomatoes": {"USA": 9.520391235561963e-06, "NIC": 0.0058136312350843}, "Cauliflowers and broccoli": {"MEX": 2.363826488958141e-06, "GTM": 2.950471799147247e-05, "CRI": 0.000321290460762}, "Pumpkins; squash and gourds": {"USA": 5.452444876396612e-08, "MEX": 8.741477976899679e-08}, "Eggplants (aubergines)": {"CRI": 1.2976138776674874e-05}, "Chillies and peppers; green": {"GTM": 6.295719628630904e-05, "HND": 0.0001011707095366, "NIC": 0.0025346106946192}, "Onions; dry": {"USA": 5.469462938504627e-05, "MEX": 9.755052409686812e-05, "PER": 0.0001010795954314, "GTM": 0.0007951274677633, "CRI": 0.0008114607842471, "NIC": 0.003281019032769}, "Garlic": {"TWN": 1.3058947603673685e-05, "CHN": 2.2036612348809785e-05}, "Leeks; other alliaceous vegetables": {"CAN": 6.668541948229007e-10, "FRA": 3.052597858839844e-09, "MEX": 5.875124063693525e-07, "CRI": 1.838154274594656e-06}, "Peas; green": {"CHN": 5.0296822356719975e-09, "CAN": 8.033825998145307e-09, "MEX": 3.4829623766223745e-08, "USA": 5.264192830686359e-08, "GTM": 1.077421935846098e-06}, "Carrots and turnips": {"GTM": 7.221305050140641e-05, "CRI": 0.0010735219054155, "NIC": 0.0022982858036073}, "Maize; green": {"CHN": 4.425608944885964e-07, "USA": 1.99673358138031e-06, "MEX": 1.1897209720965412e-05, "THA": 1.4248774582654364e-05}, "Mushrooms and truffles": {"NLD": 2.5473089988574804e-10, "CHN": 5.11556574426486e-07}, "Vegetables; fresh nes": {"USA": 1.4080891796201132e-06, "CHN": 1.6861229034008423e-05, "HND": 0.0001000744525078, "MEX": 0.0001004394524153, "GTM": 0.0003201606834984, "CRI": 0.0008850355384582, "NIC": 0.0030719270420335}, "Plantains and others": {"NIC": 0.0352248245428252}, "Oranges": {"HND": 6.245812021119396e-05, "NIC": 0.02390360184482}, "Tangerines; mandarins; clementines; satsumas": {"USA": 4.700379234812106e-09, "CHL": 1.4622851815383712e-07, "ESP": 1.49929108302003e-07, "PER": 1.7149607518905424e-06}, "Lemons and limes": {"TUR": 5.906582001033098e-07, "GTM": 2.2806351668510808e-05, "HND": 5.0977674504039566e-05}, "Grapefruit (inc. pomelos)": {"USA": 1.658316466423301e-07}, "Fruit; citrus nes": {"NIC": 3.822927852124847e-06}, "Apples": {"CHN": 8.170691734983175e-06, "MEX": 1.6773468770752298e-05, "USA": 2.2529899404967072e-05, "CHL": 0.00014731469489, "SLV": 0.0009928937256321, "GTM": 0.0013008973677307}, "Pears": {"ARG": 4.103976816745211e-07, "USA": 4.572694102849558e-07, "CHL": 1.4941164724026937e-06}, "Cherries": {"CHL": 8.346013108912615e-07}, "Peaches and nectarines": {"ESP": 2.947203351077871e-09, "USA": 1.3528967360231398e-07, "CHL": 1.253251320506174e-06}, "Plums and sloes": {"ARG": 3.12979624304314e-07, "USA": 1.891375358916804e-06, "MEX": 2.321085621878907e-06, "CHL": 1.9063729884649028e-05}, "Strawberries": {"GTM": 4.914075843651575e-06, "CRI": 3.2925124985115506e-05}, "Grapes": {"ITA": 2.797179126920192e-06, "ESP": 3.674506444677816e-06, "PER": 1.274093674274094e-05, "ARG": 1.5581653585396374e-05, "USA": 1.5893085118349782e-05, "GTM": 2.8288394101398807e-05, "CHL": 0.0003209999856667}, "Melons; other (inc.cantaloupes)": {"HND": 6.333463934310413e-05}, "Figs": {"ESP": 7.520146199716046e-09, "GRC": 8.433889614794761e-09, "USA": 2.869812426232928e-08, "TUR": 3.185271940770952e-08}, "Pineapples": {"HND": 5.758814643777227e-05, "NIC": 0.0133336551966476}, "Dates": {"ISR": 5.7326838433152746e-08, "SAU": 4.591320670910106e-07, "TUN": 1.0215044367682852e-06, "USA": 1.329359470837846e-06}, "Kiwi fruit": {"USA": 2.452343895560504e-08, "ITA": 4.870326223926015e-08, "NZL": 9.82660410431191e-08, "CHL": 3.5491103821969803e-06}, "Papayas": {"GTM": 5.5536077806287326e-06, "CRI": 1.5439778265901627e-05}, "Fruit; fresh nes": {"MEX": 3.65492735951064e-05, "HND": 9.672025654666567e-05, "GTM": 0.0004748075640651, "CRI": 0.0027603886131935, "NIC": 0.0073145860883459}, "Tea": {"MWI": 9.356568637322052e-07, "IDN": 2.1255238691137988e-06, "VNM": 3.5792341461889755e-06, "ARG": 5.541791518774026e-06, "IND": 5.662199427544841e-06, "KEN": 1.3924267470076756e-05, "CHN": 2.8003138099754654e-05, "SLV": 8.495762315374962e-05, "GTM": 9.438455290905984e-05, "LKA": 0.000112108462348}, "Pepper (piper spp.)": {"IND": 2.3415397087570505e-06, "LKA": 4.768401248861886e-06, "BRA": 5.228357042240954e-06, "VNM": 7.629292007012283e-06, "HND": 1.4770160011169224e-05, "IDN": 1.5654441038517406e-05, "CRI": 2.730577441228469e-05, "GTM": 6.162466203116362e-05}, "Cinnamon (cannella)": {"CHN": 7.316172440092005e-07, "VNM": 9.201350422098352e-06, "IDN": 1.7403045065305504e-05, "LKA": 0.000570399454107}, "Cloves": {"COM": 0.0, "TZA": 2.540524175030816e-06, "LKA": 3.851127921464107e-06, "IDN": 1.12991991724035e-05, "MDG": 0.0003423196253806}, "Anise; badian; fennel; coriander": {"IND": 5.167220578997241e-06, "GTM": 5.415358454990444e-06}, "Meat; cattle": {"POL": 1.4201040917577756e-12, "DEU": 3.268999033027502e-11, "FRA": 1.2443166384183622e-11, "USA": 0.00031805175866609763, "ARG": 0.00011144920307334195, "URY": 9.507342059193956e-08, "PRY": 1.1614111779453685e-05, "BRA": 5.0392417419951405e-06, "CAN": 1.8490943910299722e-08, "HND": 6.41214749732839e-08, "MEX": 1.5209838665169732e-07,