{"Wheat": {"GBR": 3.105592905084819e-07, "BEL": 7.429483453029447e-07, "ROU": 1.0161326025945648e-06, "CAN": 1.171638261375767e-06, "DEU": 2.510185870626052e-06, "BGR": 5.587551583603165e-06, "USA": 9.985284287675567e-06, "FRA": 1.848492234232855e-05, "PRT": 2.041308408404388e-05, "ESP": 7.696244843893547e-05}, "Barley": {"SWE": 4.764784192257304e-08, "DNK": 7.541525560649674e-08, "POL": 2.0998743949242045e-07, "DEU": 5.706492257558835e-07, "GBR": 8.04391578292945e-07, "FRA": 1.96702476188531e-06, "PRT": 5.114588311358466e-06, "ESP": 1.5844153942063015e-05}, "Maize": {"STP": 0.0, "FRA": 9.791727695322613e-08, "BGR": 2.0227577868457186e-07, "UKR": 1.1013630827069524e-06, "PRT": 2.2793298508261405e-06, "BRA": 1.3874593175896082e-05}, "Potatoes": {"DEU": 7.503889273036926e-09, "NLD": 8.334774642762223e-09, "BEL": 1.794333616581807e-08, "FRA": 6.612822654026151e-08, "ESP": 1.4961930953795517e-07, "PRT": 7.539472285105803e-07}, "Cassava": {"STP": 1.1145847604398042e-05}, "Taro (cocoyam)": {"STP": 0.0}, "Yams": {"STP": 0.0}, "Roots and tubers nes": {"STP": 1.492244400722563e-05}, "Beans; dry": {"CAN": 5.60266990728154e-07, "USA": 4.1380259270399975e-06, "PRT": 4.300229486981814e-06, "IDN": 5.519120048692802e-06, "CHN": 1.6683176264838086e-05, "ARG": 4.047915844700904e-05, "PER": 4.74802216557298e-05, "ETH": 5.179607653599424e-05, "MDG": 0.0001253259008744}, "Peas; dry": {"SWE": 1.4899690482569045e-10, "GBR": 2.0037158755057867e-10, "RUS": 3.797023863123143e-10, "HUN": 4.933165767749351e-10, "CAN": 1.0484580220214392e-09, "UKR": 1.3164589881122374e-09, "FRA": 3.85981373140111e-09, "ARG": 8.351614501643251e-09, "AUS": 1.058776371251599e-07, "ESP": 1.1032391874555564e-07}, "Chick peas": {"ESP": 1.0947158406587369e-07, "PRT": 1.5013117278914846e-07, "USA": 3.626879863091859e-07, "ETH": 5.805741967302748e-07, "AUS": 2.2911791660139e-06, "IND": 2.323944889288996e-06, "ARG": 4.249584434615033e-06, "MEX": 6.847011082337156e-06}, "Cashew nuts; with shell": {"BFA": 3.969157832381325e-10, "GNB": 1.061582282714426e-09, "BEN": 1.17750012949627e-09, "IND": 5.3110634046054165e-09, "GHA": 8.099031945685034e-09, "TZA": 1.1458472016281893e-08, "CIV": 1.5963574499501678e-08, "VNM": 2.5269917080072973e-08, "BRA": 8.138164331490388e-08}, "Almonds; with shell": {"USA": 5.0171289199037565e-09, "ESP": 3.55193676102027e-08, "PRT": 8.137907839096164e-08}, "Walnuts; with shell": {"UKR": 1.1784291170288795e-10, "USA": 1.037427201391407e-09, "FRA": 1.6075773064340175e-09, "ESP": 3.2944896743442027e-09, "CHL": 1.5163059272542764e-08, "PRT": 4.97603745161843e-08}, "Nuts nes": {"RUS": 1.2568164291338868e-10, "LBN": 9.507465242612239e-10, "IRN": 2.138601887336821e-09, "CHN": 4.133555372545952e-09, "ZAF": 7.4154757119537955e-09, "USA": 8.33641671491487e-09, "MEX": 9.448880442075754e-09, "THA": 1.0189263971372952e-08, "TUR": 2.059606688057905e-08, "IDN": 2.0765002505363648e-08, "ESP": 1.5869619761135197e-07}, "Soybeans": {"BOL": 2.086468669116918e-06, "ARG": 5.000580113901258e-06, "IND": 5.719668134994887e-06, "USA": 7.355104624388243e-06, "PRY": 2.969996547759444e-05, "BRA": 6.292094994437216e-05}, "Groundnuts; with shell": {"CHN": 3.6431440096668295e-08, "NGA": 3.8842570850768994e-07, "NIC": 5.914028089731505e-07, "IND": 6.380715147657761e-07, "IDN": 1.4433288134319665e-06, "GAB": 1.4799327113093534e-06}, "Coconuts": {"STP": 0.0}, "Oil palm fruit": {"STP": 0.0, "IDN": 4.260407906642511e-06, "MYS": 5.97749725362833e-06}, "Olives": {"ESP": 4.633267693793354e-06, "PRT": 7.83960931837212e-06}, "Sunflower seed": {"FRA": 1.0738698965938321e-08, "RUS": 1.2296469320451872e-08, "MDA": 1.4408944957231838e-08, "UKR": 4.2437418061515615e-08, "PRT": 7.950325814455226e-08, "ARG": 8.529068884294617e-08, "ROU": 1.358979777470347e-07, "BGR": 2.2520139173442333e-07, "ESP": 4.791314680175868e-07}, "Mustard seed": {"RUS": 1.4181133810328931e-09, "HUN": 1.965430248525009e-09, "DEU": 5.8577403331659185e-09, "CZE": 7.725430762619188e-09, "ROU": 8.859671028622639e-09, "UKR": 1.4860312145252555e-08, "CAN": 1.862457657089887e-08, "FRA": 2.458974570365043e-08}, "Cabbages and other brassicas": {"ESP": 6.70707407564021e-08, "PRT": 2.602855932632044e-06}, "Tomatoes": {"USA": 5.853292897962133e-08, "ESP": 7.994359906459144e-08, "CHN": 3.173014748287901e-07, "PRT": 5.845395155833658e-07, "ITA": 1.5021179594805737e-06}, "Cauliflowers and broccoli": {"FRA": 9.808928430990276e-11, "ESP": 3.110414349608689e-09, "PRT": 1.0074138561830248e-08}, "Chillies and peppers; green": {"NLD": 7.903813139226555e-12, "PRT": 1.581439504944783e-09, "MAR": 3.2926007924577823e-09, "ESP": 2.1083372763303185e-08}, "Onions; dry": {"NLD": 3.847031709327279e-08, "FRA": 4.574959837336469e-08, "BEL": 6.699065773911025e-08, "ESP": 3.148516001351988e-07, "PRT": 1.01342412208189e-06}, "Garlic": {"EGY": 3.0904263843175727e-09, "FRA": 1.9580487562701944e-08, "ITA": 3.3867871923699346e-08, "PRT": 9.025474651191045e-08, "ARG": 2.22594142305574e-07, "CHN": 4.636051838753042e-07, "ESP": 7.147980066523459e-07}, "Leeks; other alliaceous vegetables": {"NLD": 2.668246656925256e-11, "FRA": 2.0263132336823674e-10, "BEL": 2.30162394752589e-10, "ESP": 2.534911763051336e-09}, "Beans; green": {"FRA": 1.9538780218326213e-08, "ESP": 5.129595061600905e-07, "PRT": 1.288884572056752e-06, "MAR": 1.8029686478778808e-06}, "Peas; green": {"BEL": 1.7365412462715976e-11, "FRA": 8.559353273058729e-11, "ESP": 2.904793018963156e-10, "PRT": 3.091424566376745e-09}, "Carrots and turnips": {"FRA": 1.077804892622774e-08, "ESP": 4.412685157296931e-07, "PRT": 1.1073810862673954e-06}, "Maize; green": {"HUN": 4.8000658275119604e-09, "CHN": 5.4101296112061815e-09, "THA": 1.3246169116479328e-08, "FRA": 3.94634719598749e-08}, "Mushrooms and truffles": {"NLD": 2.8734793961765802e-12, "POL": 8.149304016085617e-12, "CHN": 1.3490312440861987e-10, "PRT": 2.4589754710907903e-09, "ESP": 3.0492252909623197e-09}, "Vegetables; fresh nes": {"STP": 0.0, "PRT": 3.29541468258936e-07, "ESP": 3.304291473272377e-07, "CHN": 3.374330753296478e-07}, "Bananas": {"STP": 0.0}, "Oranges": {"TUR": 1.0605946733125264e-08, "BRA": 2.3849890333567418e-08, "ESP": 7.495082245023387e-08, "ZAF": 1.9166812792576546e-07, "PRT": 3.116448421051113e-07}, "Tangerines; mandarins; clementines; satsumas": {"URY": 1.7428292130468522e-09, "ESP": 1.2655837667477102e-08, "PRT": 2.314156398435888e-08}, "Lemons and limes": {"URY": 8.90979220207774e-10, "BRA": 1.7094311523420615e-09, "ARG": 3.489788625469489e-09, "ESP": 7.146231483153097e-09, "PRT": 1.0566793089841913e-08}, "Grapefruit (inc. pomelos)": {"PRT": 1.2079285483314488e-10, "ESP": 2.2189206919727127e-10, "ZAF": 4.134948464584554e-09}, "Apples": {"POL": 3.084135995484308e-09, "FRA": 9.87274877198962e-09, "ITA": 1.3039721744851827e-08, "CHL": 5.047560357726044e-08, "ESP": 1.1846789480526281e-07, "PRT": 3.662557763424085e-07}, "Pears": {"ESP": 2.2710662416213235e-09, "ZAF": 3.7829933500979955e-09, "PRT": 5.445736430364636e-08}, "Peaches and nectarines": {"PRT": 3.052664609739724e-09, "ESP": 4.938298311281805e-09}, "Plums and sloes": {"FRA": 2.632737341448971e-10, "ARG": 3.0746935612969993e-09, "CHL": 5.4573770000958015e-09, "ESP": 6.610670655515857e-09, "PRT": 1.1791979684443584e-08}, "Grapes": {"ESP": 7.184395206934109e-06, "PRT": 4.049890838417402e-05}, "Watermelons": {"ROU": 9.242674411881286e-11, "ESP": 3.1116181021670758e-09, "PRT": 4.426036559845687e-09}, "Melons; other (inc.cantaloupes)": {"BRA": 2.002124528453616e-09, "ESP": 7.242931108286048e-09, "PRT": 9.156989045929416e-09}, "Figs": {"TUR": 6.4790971217784785e-09, "ESP": 1.3714825673941142e-08, "PRT": 3.0632671335077993e-08}, "Pineapples": {"PRT": 1.2467501653041904e-09, "IDN": 1.7023180914108704e-09, "PHL": 1.0362435085965802e-08, "KEN": 1.3961514359351678e-08, "ZAF": 2.9561274617784824e-08, "THA": 4.012302835475194e-08, "PAN": 6.432469365143209e-08, "CRI": 8.64773888944718e-07}, "Dates": {"SAU": 6.041979973227494e-10}, "Kiwi fruit": {"ESP": 3.1990328790443416e-10, "NZL": 4.3158610226932814e-10,