{"Wheat": {"GBR": 6.227858939192328e-07, "BEL": 1.155937868752753e-06, "CAN": 1.4140076744107636e-06, "ROU": 1.5560543087821382e-06, "DEU": 3.4428886840314564e-06, "BGR": 7.977768670644876e-06, "USA": 1.8649584743794144e-05, "PRT": 4.064651976644863e-05, "FRA": 6.762581870430295e-05, "ESP": 0.0001135072814446}, "Barley": {"SWE": 5.249844059878053e-08, "DNK": 7.95235267448091e-08, "POL": 2.6880655102947666e-07, "DEU": 7.835318096752748e-07, "GBR": 2.408505029680265e-06, "FRA": 5.745899007912161e-06, "PRT": 1.0465370285810564e-05, "ESP": 2.3261594963477715e-05}, "Maize": {"STP": 0.0, "BGR": 2.8582128144172624e-07, "FRA": 7.176349470703026e-07, "UKR": 1.3452998042062927e-06, "PRT": 3.943769199866565e-06, "BRA": 4.193357594142551e-05}, "Potatoes": {"DEU": 1.018126861690347e-08, "NLD": 1.3391439468921704e-08, "BEL": 2.7385465892872752e-08, "ESP": 2.3064966535184242e-07, "FRA": 4.00058445794585e-07, "PRT": 1.2984807131373243e-06}, "Cassava": {"STP": 4.409836669956808e-06}, "Taro (cocoyam)": {"STP": 0.0}, "Yams": {"STP": 0.0}, "Roots and tubers nes": {"STP": 5.904040959834636e-06}, "Beans; dry": {"CAN": 6.51873677429513e-07, "IDN": 7.023559029786857e-06, "PRT": 7.697583231573859e-06, "USA": 8.987145757062189e-06, "CHN": 3.442165810219137e-05, "ETH": 7.481221220578237e-05, "ARG": 7.772146768757854e-05, "PER": 0.0001142641193465, "MDG": 0.0006313986239992}, "Peas; dry": {"SWE": 1.6443792952765434e-10, "GBR": 3.3207274968421767e-10, "RUS": 5.424046056721403e-10, "HUN": 5.524860356617551e-10, "CAN": 1.2198865857817603e-09, "UKR": 1.6143236624520721e-09, "ARG": 1.6035405910879043e-08, "FRA": 2.1743393144420204e-08, "ESP": 1.782084584622978e-07, "AUS": 2.20066043213786e-07}, "Chick peas": {"ESP": 1.768316650063801e-07, "PRT": 2.6874081992525857e-07, "USA": 7.877016371493902e-07, "ETH": 8.385584953872653e-07, "IND": 2.4783756110890338e-06, "AUS": 4.762202359715529e-06, "ARG": 8.159357852089272e-06, "MEX": 1.1859791121942771e-05}, "Cashew nuts; with shell": {"BFA": 7.770620202109596e-10, "BEN": 1.391823200635362e-09, "GNB": 1.782136111844497e-09, "IND": 5.725106075995131e-09, "GHA": 1.5286866518996635e-08, "TZA": 2.3675997353957984e-08, "VNM": 2.674131435405156e-08, "CIV": 3.8009581897268264e-08, "BRA": 2.138960192781859e-07}, "Almonds; with shell": {"USA": 1.1640760455651224e-08, "ESP": 5.4160497251892107e-08, "PRT": 1.603559472359874e-07}, "Walnuts; with shell": {"UKR": 1.4407503217217468e-10, "USA": 2.4070423013578206e-09, "ESP": 5.023490308494483e-09, "FRA": 8.408349066943436e-09, "CHL": 4.991890325095932e-08, "PRT": 9.805188444167053e-08}, "Nuts nes": {"RUS": 1.8078849916301008e-10, "LBN": 1.1377474683755863e-09, "IRN": 4.195022656747512e-09, "CHN": 9.726503829986515e-09, "THA": 1.0727408780708352e-08, "USA": 1.9342183863729086e-08, "MEX": 1.980809245147201e-08, "ZAF": 2.541915775944271e-08, "IDN": 2.6659143564698737e-08, "TUR": 2.773177671518092e-08, "ESP": 2.419824887914524e-07}, "Soybeans": {"BOL": 3.00538219384286e-06, "IND": 6.071169640284596e-06, "ARG": 7.616857118475215e-06, "USA": 1.098482224310024e-05, "PRY": 7.776998116529003e-05, "BRA": 0.000169223329328}, "Groundnuts; with shell": {"CHN": 7.607117329138088e-08, "NGA": 6.410783962048065e-07, "IND": 6.790604290890367e-07, "NIC": 1.4986997037827902e-06, "IDN": 1.754333412099558e-06, "GAB": 1.6997088315483954e-05}, "Coconuts": {"STP": 0.0}, "Oil palm fruit": {"STP": 0.0, "IDN": 5.419168600222097e-06, "MYS": 6.376009025638301e-06}, "Olives": {"ESP": 6.77744417096986e-06, "PRT": 1.5692229837930858e-05}, "Sunflower seed": {"MDA": 1.69347797881532e-08, "RUS": 1.6992179291102127e-08, "FRA": 3.33628494325207e-08, "UKR": 5.2192244141839446e-08, "ARG": 1.51161857143566e-07, "PRT": 1.6500779404964474e-07, "ROU": 1.789178201371995e-07, "BGR": 3.2323788637652005e-07, "ESP": 7.012606106325467e-07}, "Mustard seed": {"HUN": 2.1752125464643103e-09, "RUS": 2.359829454827669e-09, "DEU": 7.979141763274895e-09, "CZE": 1.0103634621697249e-08, "ROU": 1.3732089934103357e-08, "UKR": 1.8250201371099543e-08, "CAN": 2.2221664888231337e-08, "FRA": 1.2637894341466945e-07}, "Cabbages and other brassicas": {"ESP": 1.104729831347678e-07, "PRT": 4.502273644563825e-06}, "Tomatoes": {"ESP": 1.3167601507893357e-07, "USA": 1.4412283140324742e-07, "CHN": 5.766651880246603e-07, "PRT": 1.0111035429286417e-06, "ITA": 2.003487686689771e-06}, "Cauliflowers and broccoli": {"FRA": 5.944692550963405e-10, "ESP": 5.123199000208764e-09, "PRT": 1.742567768349257e-08}, "Chillies and peppers; green": {"NLD": 1.2888706786962572e-11, "PRT": 2.7354850164085122e-09, "MAR": 7.395925087361787e-09, "ESP": 3.4726664077913766e-08}, "Onions; dry": {"NLD": 6.273334506807284e-08, "BEL": 1.0184325729071834e-07, "FRA": 2.772650433460769e-07, "ESP": 5.185956665965458e-07, "PRT": 1.7529639879071783e-06}, "Garlic": {"EGY": 3.0904263843175727e-09, "ITA": 4.517212775818316e-08, "FRA": 1.1866737470575516e-07, "PRT": 1.5611757893432652e-07, "ARG": 4.401424972117146e-07, "CHN": 8.425582347920501e-07, "ESP": 1.1773519606779162e-06}, "Leeks; other alliaceous vegetables": {"NLD": 4.351095881268276e-11, "BEL": 3.4990681952583457e-10, "FRA": 1.2280453742666395e-09, "ESP": 4.175282116903772e-09}, "Beans; green": {"FRA": 1.1841460770763173e-07, "ESP": 8.449014612595187e-07, "PRT": 2.229439965118644e-06, "MAR": 4.049874823911788e-06}, "Peas; green": {"BEL": 2.639995230808611e-11, "ESP": 4.784517758040071e-10, "FRA": 5.187388612466355e-10, "PRT": 5.347372159503524e-09}, "Carrots and turnips": {"FRA": 6.532027184869228e-08, "ESP": 7.268184121174663e-07, "PRT": 1.9154854545286e-06}, "Maize; green": {"HUN": 5.3107738986396165e-09, "CHN": 1.0435595665326232e-08, "THA": 1.4126264375827251e-08, "FRA": 2.892274733565506e-07}, "Mushrooms and truffles": {"NLD": 4.685767836778894e-12, "POL": 1.047569416591405e-11, "CHN": 2.4517357079473727e-10, "PRT": 4.253397323041945e-09, "ESP": 5.022413802853873e-09}, "Vegetables; fresh nes": {"STP": 0.0, "ESP": 5.442536224923572e-07, "PRT": 5.700222777342693e-07, "CHN": 6.13252453162109e-07}, "Bananas": {"STP": 0.0}, "Oranges": {"TUR": 1.42804812375839e-08, "BRA": 6.268485612697269e-08, "ESP": 1.1428620739793009e-07, "PRT": 6.140903146738657e-07, "ZAF": 6.570100921979037e-07}, "Tangerines; mandarins; clementines; satsumas": {"URY": 8.088699953156321e-09, "ESP": 1.92978227746627e-08, "PRT": 4.560001767783875e-08}, "Lemons and limes": {"URY": 4.135151925849739e-09, "BRA": 4.492911470234805e-09, "ARG": 6.9632826779944885e-09, "ESP": 1.0896687543883033e-08, "PRT": 2.0821667542458666e-08}, "Grapefruit (inc. pomelos)": {"PRT": 2.3802005428288767e-10, "ESP": 3.3834455995560675e-10, "ZAF": 1.4173993878640473e-08}, "Apples": {"POL": 3.9207974454931585e-09, "ITA": 1.7286084308856112e-08, "FRA": 5.163889636466024e-08, "CHL": 1.6617271793362197e-07, "ESP": 1.806417321797938e-07, "PRT": 7.217001360458e-07}, "Pears": {"ESP": 3.4629579638930596e-09, "ZAF": 1.29675436215174e-08, "PRT": 1.0730721469876384e-07}, "Peaches and nectarines": {"PRT": 6.015218343182376e-09, "ESP": 7.529995889914869e-09}, "Plums and sloes": {"FRA": 1.3770395040960475e-09, "ARG": 6.1350307176957606e-09, "ESP": 1.0080055866996535e-08, "CHL": 1.7966445265112286e-08, "PRT": 2.3235874741688945e-08}, "Grapes": {"ESP": 1.095488019752616e-05, "PRT": 7.980233918069261e-05}, "Watermelons": {"ROU": 1.289578321912078e-10, "ESP": 4.744644823658106e-09, "PRT": 8.721422005363889e-09}, "Melons; other (inc.cantaloupes)": {"BRA": 5.262199794594421e-09, "ESP": 1.1044136671884057e-08, "PRT": 1.8043675122925165e-08}, "Figs": {"TUR": 8.723844010555113e-09, "ESP": 2.091258454754424e-08, "PRT": 6.036110417355959e-08}, "Pineapples": {"IDN": 2.1855206798065153e-09, "PRT": 2.4566978107506035e-09, "PHL": 1.1534782373444116e-08, "KEN": 2.9136658594989964e-08, "THA": 4.2242121500693633e-08, "ZAF": 1.013316922970139e-07, "PAN": 2.655519997620792e-07, "CRI": 1.9769102216823378e-06}, "Dates": {"SAU": 1.5652440576129724e-09}, "Kiwi fruit": {"ESP": 4.87793626721061e-10, "ITA": 1.1227074052199282e-09,