{"Wheat": {"GBR": 2.086867097994084e-07, "DEU": 3.269584953695325e-07, "BEL": 3.831225118603489e-07, "ITA": 1.7081066620762171e-06, "CAN": 2.97637455015185e-06, "FRA": 3.161078723517545e-06, "USA": 4.749786138695695e-05}, "Barley": {"DNK": 4.445942768709867e-09, "DEU": 1.0386509131495672e-08, "FRA": 5.4481921304029224e-08, "GBR": 6.835183655937242e-08, "SWE": 1.7412143352515353e-07, "USA": 4.113896755055653e-07}, "Maize": {"USA": 3.517669373357459e-07}, "Oats": {"GBR": 6.04876104416086e-08, "CAN": 1.226792785534161e-07}, "Potatoes": {"BEL": 2.9053108319543305e-08, "DEU": 3.228367888078663e-08, "FRA": 7.285500927227722e-08, "NLD": 9.553875721142532e-08, "KNA": 1.2121423725706598e-07, "CAN": 1.2879397505889962e-07, "USA": 1.481486683074492e-06}, "Sweet potatoes": {"KNA": 1.3729656089811682e-06}, "Yams": {"KNA": 9.476529841088049e-08}, "Roots and tubers nes": {"CHN": 1.4135568206239592e-08, "KNA": 3.434223654568122e-06}, "Beans; dry": {"CAN": 1.5756393405241352e-08, "CHN": 1.3872065871572274e-07, "USA": 3.7496496094908174e-06}, "Lentils": {"CAN": 3.604441341829068e-08, "USA": 4.506418515622501e-06}, "Pulses nes": {"KNA": 1.5739014676724313e-05}, "Cashew nuts; with shell": {"MOZ": 4.285895699753472e-09, "GNB": 5.802303619958829e-09, "BEN": 6.797276096126189e-09, "IND": 2.019320360137817e-08, "IDN": 2.563194561733963e-08, "GHA": 2.986271599059808e-08, "TZA": 7.70846425477702e-08, "BRA": 9.67230061335466e-08, "CIV": 1.4279091589313656e-07, "VNM": 2.128249307764311e-07}, "Walnuts; with shell": {"USA": 4.5560496680100883e-08}, "Nuts nes": {"TUR": 5.675027197323591e-08, "LBN": 9.548740048668273e-08, "CHN": 1.0789037968448877e-07, "ESP": 1.871512497076233e-07, "ZAF": 2.1538591964011362e-07, "THA": 4.277519994410717e-07, "IDN": 5.0599982208549e-07, "MEX": 2.3657629336263584e-06, "USA": 2.662200074341632e-06}, "Soybeans": {"CAN": 7.061817120047409e-08, "ARG": 4.320975886317772e-07, "USA": 6.269534840711949e-06, "BRA": 1.152621767891978e-05}, "Groundnuts; with shell": {"USA": 4.536539343131341e-07, "KNA": 4.395704353220503e-06}, "Coconuts": {"KNA": 2.226446833415308e-05}, "Olives": {"TUR": 1.6430205687600576e-07, "GRC": 2.694320866020187e-07, "ARG": 4.014806967171544e-07, "TUN": 4.103587398816047e-07, "ITA": 4.199690269267344e-07, "MAR": 5.533532359772853e-07, "ESP": 5.835179742373852e-07, "USA": 0.0}, "Castor oil seed": {"IND": 3.235513365644835e-08}, "Sunflower seed": {"CAN": 1.730418234920684e-09, "ESP": 1.8277893617317932e-08, "MEX": 2.220233827256115e-08, "ARG": 1.3570882899423986e-07, "USA": 1.909396750673133e-07}, "Oilseeds nes": {"BGR": 1.0367483141821269e-08, "FRA": 1.7785139676219302e-08, "ITA": 6.09780770061486e-08, "CIV": 8.703934158125478e-08, "MYS": 2.3248385085579483e-07, "CHN": 2.986939994587642e-07, "IND": 3.126894949317939e-07, "BRA": 4.829932452345646e-07, "ETH": 1.2412805088224928e-06}, "Cabbages and other brassicas": {"KNA": 3.730688708818322e-07}, "Lettuce and chicory": {"MEX": 2.004060923489912e-09, "USA": 1.048368205588317e-08}, "Tomatoes": {"MEX": 1.608548141768506e-07, "USA": 2.355961237678288e-07, "KNA": 1.5179646998955324e-06}, "Cauliflowers and broccoli": {"USA": 9.92336105050334e-07}, "Cucumbers and gherkins": {"KNA": 3.331233582438466e-07}, "Chillies and peppers; green": {"USA": 6.60400154661142e-08, "MEX": 3.340835210109667e-07, "KNA": 9.20364712705386e-07}, "Onions; dry": {"EGY": 2.6495657003819207e-09, "NLD": 6.303459974916845e-08, "KNA": 3.29589919023321e-07}, "Beans; green": {"EGY": 9.638918973555698e-12, "GTM": 4.66798867251879e-09, "USA": 5.719861292581988e-09, "MEX": 6.508166660876554e-09}, "Carrots and turnips": {"KNA": 6.24621165433931e-07}, "Maize; green": {"CAN": 3.7287361350268275e-09, "THA": 1.2315561818611613e-07, "USA": 4.5832900053093764e-07, "JAM": 5.680551990128242e-06}, "Vegetables; fresh nes": {"IND": 2.191203147921981e-07, "USA": 2.7147391480788985e-07, "PER": 1.84440273272322e-06, "CHN": 2.0599336549751974e-06, "KNA": 6.186974698692136e-06, "MEX": 9.65601806259646e-06, "JAM": 1.125084374866758e-05}, "Oranges": {"CYP": 3.04000471084478e-07, "BRA": 4.396325307381821e-07, "MEX": 4.954111099637502e-07, "USA": 1.7364398369221253e-06, "BLZ": 7.241371891615569e-06, "JAM": 1.1896695213020116e-05}, "Grapefruit (inc. pomelos)": {"CYP": 1.737307137198923e-09, "USA": 4.2251163670612734e-08}, "Apples": {"CAN": 9.993750084314313e-09, "GBR": 1.339419167789133e-08, "ITA": 3.319223668246621e-08, "NZL": 4.875889943818002e-08, "FRA": 2.4091477499843814e-07, "CHN": 5.706511097807421e-07, "CHL": 5.743170958426308e-07, "USA": 7.696761433232464e-07}, "Plums and sloes": {"TUR": 1.2448562447102394e-09, "ITA": 3.300476427146429e-09, "GBR": 3.4453900739643242e-09, "FRA": 3.687837787756175e-09, "ARG": 8.215086801237196e-09, "USA": 1.2676876739750213e-08, "ESP": 1.3270422691027537e-08, "CHL": 1.574698395478775e-07, "ZAF": 1.6970013301237533e-07}, "Grapes": {"ITA": 4.82396394137539e-07, "ARG": 6.181013603370801e-07, "FRA": 7.298627489004285e-07, "ESP": 7.607364193979799e-07, "TUR": 8.202799495300112e-07, "USA": 1.4483707909070964e-06, "ZAF": 1.5574763652095888e-06, "AUS": 1.7756774765759731e-06, "CHL": 1.2397657888052368e-05}, "Watermelons": {"KNA": 9.635888902993951e-07}, "Pineapples": {"PHL": 2.0829621356508756e-08, "THA": 4.9126155083203126e-08, "KEN": 8.70043177491138e-08, "KNA": 1.461036721117156e-07, "CRI": 6.16236805284696e-07}, "Fruit; tropical fresh nes": {"KNA": 1.525119471825688e-05}, "Fruit; fresh nes": {"BRB": 0.0, "TUR": 1.3295083469502628e-07, "IND": 2.445482194255085e-07, "ESP": 3.3341023030814535e-07, "THA": 1.5934293091566062e-06, "VNM": 3.156598175769935e-06, "ZAF": 3.5022454071577846e-06, "PER": 3.647401108008424e-06, "GTM": 6.627997417372114e-06, "PHL": 1.106444470207014e-05, "CHL": 1.294141588810263e-05, "CHN": 1.42863895838906e-05, "MEX": 1.8032840400881924e-05, "COL": 2.3238596661644995e-05, "ECU": 2.693221600054697e-05, "CRI": 8.846129084874023e-05}, "Coffee; green": {"IDN": 4.5289848364035626e-07, "VNM": 6.726491814539485e-07, "HND": 8.864131905302194e-07, "PER": 1.0802954467151557e-06, "NIC": 1.2026436743018188e-06, "GTM": 3.379002778510711e-06, "CRI": 5.043669040288621e-06, "BRA": 5.265759430052853e-06, "MEX": 7.872090703586427e-06, "COL": 3.021692277088697e-05}, "Cocoa; beans": {"CMR": 1.250589638035997e-07, "IDN": 2.890478519559816e-07, "NGA": 3.0539163213429575e-07, "MEX": 3.5934928482724535e-07, "DOM": 1.0220720546941725e-06, "GHA": 1.240174783154369e-06, "JAM": 1.3522447211509344e-06, "BRA": 1.6421353243511565e-06, "CIV": 4.15153424544227e-06, "ECU": 4.629470052363174e-06, "COL": 5.143143733113649e-06}, "Tea": {"MWI": 4.1856487358506815e-08, "IDN": 9.580022274057314e-08, "VNM": 1.7787374652381944e-07, "IND": 2.491356205412437e-07, "ARG": 3.153058806719351e-07, "KEN": 6.272166125132936e-07, "CHN": 1.2096379974457292e-06, "LKA": 3.858132496556873e-06}, "Ginger": {"IND": 3.6108755982876084e-09, "PER": 7.795122084319128e-08, "CHN": 4.409709612996379e-07}, "Spices nes": {"GUY": 1.469663180343188e-09, "PAK": 8.26746368942415e-08, "ESP": 9.800532732721681e-08, "CHN": 1.0909821047668637e-07, "TUR": 2.640235574367836e-07, "MEX": 4.750962802882477e-07, "MAR": 9.267428408604256e-07, "IND": 1.4972932770543722e-06}, "Meat; cattle": {"KNA": 3.262216151227364e-07, "GTM": 7.47268568642585e-08, "USA": 0.003557970296572869, "ARG": 6.170847491562183e-05, "URY": 3.6425514518388394e-07, "HND": 4.6062907942048485e-08, "BRA": 0.00015562331202272902, "PRY": 5.242886064319436e-07, "CAN": 6.743265785718028e-08, "MEX": 4.314481079937043e-07, "SLV": 1.7748724763493643e-09, "PAN": 3.722701026997824e-07, "NIC": 8.197905488247672e-07, "CHL": 1.4089298428329768e-08, "AUS": 0.0006306255112237217, "NZL": 1.3897759636176127e-07, "IDN": 6.295040215778841e-08, "MYS": 8.288151802303286e-08, "CRI": 1.546325307797388e-06, "JAM": 0.0005842315185966839}, "Milk; whole fresh cow": {"RUS": 2.496925752565309e-09, "BLR": 1.6643255445435664e-10, "EGY": 3.0672894129515397e-11, "MKD": 9.296232366148037e-11, "DEU": 1.5133724932584923e-06,