{"Wheat": {"GBR": 1.0406400846043996e-07, "DEU": 2.3838313424549138e-07, "BEL": 2.4624181275597306e-07, "FRA": 8.640530472201276e-07, "ITA": 1.2605339691175317e-06, "CAN": 2.466206065392235e-06, "USA": 2.5431110425297545e-05}, "Barley": {"DNK": 4.216260571416329e-09, "DEU": 7.564534484759226e-09, "FRA": 1.8651091523283272e-08, "GBR": 2.2828119938165105e-08, "USA": 1.322958689812688e-07, "SWE": 1.580334662384437e-07}, "Maize": {"USA": 2.235839678301913e-07}, "Oats": {"GBR": 2.720951724028866e-08, "CAN": 1.0303143130198049e-07}, "Potatoes": {"FRA": 1.2042671785571418e-08, "BEL": 1.9035998557730054e-08, "DEU": 2.379400453549593e-08, "NLD": 5.946291381556183e-08, "CAN": 1.0604470231982777e-07, "KNA": 1.2121423725706598e-07, "USA": 6.017174061839046e-07}, "Sweet potatoes": {"KNA": 1.3729656089811682e-06}, "Yams": {"KNA": 9.476529841088049e-08}, "Roots and tubers nes": {"CHN": 3.5727601909089264e-08, "KNA": 8.679988933379271e-06}, "Beans; dry": {"CAN": 1.3542174540155517e-08, "CHN": 6.723386752776783e-08, "USA": 1.7264822136878844e-06}, "Lentils": {"CAN": 3.09791539950788e-08, "USA": 2.07492758655722e-06}, "Pulses nes": {"KNA": 1.5739014676724313e-05}, "Cashew nuts; with shell": {"MOZ": 1.0209876645647711e-09, "GNB": 3.456314408837666e-09, "BEN": 5.750582027772483e-09, "GHA": 1.5821364731105646e-08, "IND": 1.873282053562376e-08, "IDN": 1.9964910488204457e-08, "BRA": 3.68004847031219e-08, "TZA": 3.730665307626663e-08, "CIV": 5.997049454195621e-08, "VNM": 2.0111458554683403e-07}, "Walnuts; with shell": {"USA": 1.9636422067936572e-08}, "Nuts nes": {"TUR": 4.21477646043492e-08, "CHN": 4.585109576741505e-08, "ZAF": 6.283406676583415e-08, "LBN": 7.979302670132064e-08, "ESP": 1.227369461945197e-07, "IDN": 3.941269736523697e-07, "THA": 4.062936470199334e-07, "MEX": 1.1285191226209503e-06, "USA": 1.1473993502774223e-06}, "Soybeans": {"CAN": 6.2194066382193e-08, "ARG": 2.836785009050164e-07, "USA": 4.197890842398302e-06, "BRA": 4.285700845758729e-06}, "Groundnuts; with shell": {"USA": 3.764190533563235e-07, "KNA": 4.395704353220503e-06}, "Coconuts": {"KNA": 2.226446833415308e-05}, "Olives": {"ARG": 6.424414722830723e-08, "GRC": 1.1069358616424126e-07, "TUR": 1.1437895492456273e-07, "MAR": 2.00954722010146e-07, "ITA": 2.929922592917564e-07, "TUN": 3.309960482405175e-07, "ESP": 3.989106970976246e-07, "USA": 0.0}, "Castor oil seed": {"IND": 3.0115405159659955e-08}, "Sunflower seed": {"CAN": 1.556916692618677e-09, "ESP": 1.2488244553241661e-08, "MEX": 1.3159345584259266e-08, "ARG": 7.657156193837465e-08, "USA": 1.0625243023934549e-07}, "Oilseeds nes": {"FRA": 3.4604820243446747e-09, "BGR": 7.266439540438869e-09, "CIV": 3.824576632458648e-08, "ITA": 4.148310415576701e-08, "CHN": 1.0782037727252441e-07, "BRA": 1.755821344561695e-07, "MYS": 2.190453312629477e-07, "IND": 2.910441022753636e-07, "ETH": 8.513014952522549e-07}, "Cabbages and other brassicas": {"KNA": 3.730688708818322e-07}, "Lettuce and chicory": {"MEX": 1.0365194149007839e-09, "USA": 4.257761322389017e-09}, "Tomatoes": {"MEX": 8.319564336607995e-08, "USA": 9.568318250556985e-08, "KNA": 1.5179646998955324e-06}, "Cauliflowers and broccoli": {"USA": 4.030196894918654e-07}, "Cucumbers and gherkins": {"KNA": 3.331233582438466e-07}, "Chillies and peppers; green": {"USA": 2.682097969804428e-08, "MEX": 1.7279118197826786e-07, "KNA": 9.20364712705386e-07}, "Onions; dry": {"EGY": 2.6495657003819207e-09, "NLD": 3.86550571720141e-08, "KNA": 3.29589919023321e-07}, "Beans; green": {"EGY": 9.638918973555698e-12, "USA": 2.323020104116846e-09, "GTM": 3.177758155286039e-09, "MEX": 3.366085841173536e-09}, "Carrots and turnips": {"KNA": 6.24621165433931e-07}, "Maize; green": {"CAN": 3.3053691848985274e-09, "THA": 1.154827704435001e-07, "USA": 2.913150885824867e-07, "JAM": 3.0056685611408007e-06}, "Vegetables; fresh nes": {"USA": 1.1025431030292645e-07, "IND": 2.0590966287104706e-07, "PER": 6.922808610223335e-07, "CHN": 1.1334479700639378e-06, "MEX": 4.994184595488555e-06, "JAM": 6.105874238577091e-06, "KNA": 6.186974698692136e-06}, "Oranges": {"BRA": 1.6726827328016596e-07, "MEX": 2.363216124516651e-07, "CYP": 2.9771672867054494e-07, "USA": 7.483997765167979e-07, "BLZ": 5.316262662612976e-06, "JAM": 6.259129367854776e-06}, "Grapefruit (inc. pomelos)": {"CYP": 1.7013966976357823e-09, "USA": 1.8210110581607978e-08}, "Apples": {"GBR": 3.515982281321005e-09, "CAN": 8.307880247287799e-09, "NZL": 1.0175345874730294e-08, "ITA": 2.5038494704487795e-08, "FRA": 4.606006743877157e-08, "CHL": 1.7445103154042313e-07, "CHN": 2.425144740509259e-07, "USA": 3.317278499406264e-07}, "Plums and sloes": {"FRA": 7.05071148950498e-10, "GBR": 9.044166862486583e-10, "TUR": 9.245402029623007e-10, "ITA": 2.489707528117461e-09, "ARG": 4.117155342092058e-09, "USA": 5.463691581607925e-09, "ESP": 8.702967029884783e-09, "CHL": 4.7832070722755284e-08, "ZAF": 4.9506251409967544e-08}, "Grapes": {"FRA": 1.3954116112479558e-07, "ARG": 3.097738805733528e-07, "ITA": 3.638947165756151e-07, "ZAF": 4.543591989731998e-07, "ESP": 4.989037750040636e-07, "TUR": 6.092123441939339e-07, "USA": 6.242429787545479e-07, "AUS": 9.560380372900036e-07, "CHL": 3.76583636968492e-06}, "Watermelons": {"KNA": 9.635888902993951e-07}, "Pineapples": {"PHL": 1.8712585307981024e-08, "KEN": 4.169016250163696e-08, "THA": 4.6661721602475264e-08, "KNA": 1.461036721117156e-07, "CRI": 2.695648455717005e-07}, "Fruit; tropical fresh nes": {"KNA": 1.525119471825688e-05}, "Fruit; fresh nes": {"BRB": 0.0, "TUR": 9.874103312351393e-08, "ESP": 2.186560525882845e-07, "IND": 2.2686236405261293e-07, "ZAF": 1.021702449776592e-06, "THA": 1.5134942820410553e-06, "PER": 1.5662775246395865e-06, "VNM": 2.982911501682804e-06, "CHL": 3.931004958089815e-06, "GTM": 4.052192671332318e-06, "COL": 4.129335491438125e-06, "CHN": 6.071408951355689e-06, "ECU": 7.890453039475323e-06, "MEX": 8.602047541751275e-06, "PHL": 9.9399005785686e-06, "CRI": 3.869625118496009e-05}, "Coffee; green": {"IDN": 3.610255073276529e-07, "NIC": 4.799250436141265e-07, "HND": 5.648086495892932e-07, "PER": 5.69143695089849e-07, "VNM": 6.423537486735131e-07, "BRA": 2.013938419305287e-06, "GTM": 2.1406771522729003e-06, "CRI": 2.1791870368111584e-06, "COL": 4.130505177248338e-06, "MEX": 5.0980450424430735e-06}, "Cocoa; beans": {"CMR": 9.795725088217101e-08, "NGA": 1.713697211105293e-07, "IDN": 2.3041288757602277e-07, "MEX": 2.3271820777984374e-07, "DOM": 5.648843540177514e-07, "BRA": 6.280498498534612e-07, "COL": 7.030425294473059e-07, "GHA": 7.109755285023082e-07, "JAM": 7.130077795346702e-07, "CIV": 1.92849232180296e-06, "ECU": 1.9856272604071407e-06}, "Tea": {"MWI": 3.0629508212969235e-08, "IDN": 7.636661474115764e-08, "VNM": 1.6986249447774006e-07, "IND": 2.319123187328749e-07, "ARG": 2.4641134782552213e-07, "KEN": 3.60834909557914e-07, "CHN": 5.997272212489769e-07, "LKA": 3.275696022212162e-06}, "Ginger": {"IND": 3.3609189434421804e-09, "PER": 1.6166698697224283e-08, "CHN": 1.591784752948094e-07}, "Spices nes": {"GUY": 7.106134803593378e-10, "CHN": 3.9381474802534574e-08, "ESP": 6.11306270810226e-08, "PAK": 7.760778331946608e-08, "TUR": 1.7637000729704644e-07, "MEX": 3.058172495681426e-07, "MAR": 3.852133314504083e-07, "IND": 1.3936457243575842e-06}, "Meat; cattle": {"KNA": 3.262216151227364e-07, "GTM": 4.849943882897677e-08, "URY": 8.362957876773779e-08, "USA": 0.0035553552654162012, "ARG": 6.03218168770411e-05, "BRA": 0.0001390419227770622, "PRY": 1.9249042263228722e-07, "HND": 2.9705780029925728e-08, "CAN": 5.927865756258986e-08, "PAN": 1.5648464927436042e-07, "MEX": 2.5423802903551453e-07, "SLV": 1.074828620102908e-09, "NIC": 3.103800040292163e-07, "CHL": 3.5583113026134783e-09, "NZL": 2.95501260173927e-08, "AUS": 0.0006235840662899383, "IDN": 4.9489951478604296e-08, "CRI": 6.657739256246097e-07, "MYS": 7.770127745539522e-08, "JAM": 0.0005840014975339807}, "Milk; whole fresh cow": {"RUS": 1.805562845475788e-09, "BLR": 1.1487049169635736e-10, "MKD": 3.073714601249513e-11, "EGY": 3.0672894129515397e-11, "DEU": 1.4607792802265206e-06,