{"Wheat": {"IRL": 1.125495212372645e-06, "RUS": 8.189651392180413e-06, "CHN": 3.751473085074113e-05, "TUR": 8.650363693153569e-05, "USA": 0.0001075213686957, "CAN": 0.0001530942373028, "FRA": 0.0001822365266885, "IND": 0.000186945975275, "AUS": 0.0021188063987749}, "Barley": {"GBR": 3.748228384405345e-07, "BEL": 1.3017486602783463e-06, "DEU": 1.8509272054345896e-06, "FRA": 3.0453129442265583e-05}, "Maize": {"TGO": 0.1262183233867503}, "Oats": {"IRL": 7.610043624801055e-10, "SWE": 3.5503187638322182e-09, "BEL": 5.238928727324455e-09, "FIN": 6.154073401348116e-09, "FRA": 1.0014607564774215e-08, "DEU": 4.241357581143938e-08, "GBR": 8.66300047858146e-08}, "Potatoes": {"DEU": 1.5221184637189644e-07, "BEL": 2.475502490538426e-07, "FRA": 2.5280974352015416e-07, "NLD": 3.14685865678674e-07, "GBR": 3.774711581462911e-07, "ZAF": 1.7064098119073815e-06}, "Sweet potatoes": {"TGO": 0.0}, "Cassava": {"TGO": 0.0106003588324567}, "Taro (cocoyam)": {"TGO": 0.0008101551973753}, "Yams": {"TGO": 0.0121489705935556}, "Beans; dry": {"TGO": 0.0229649039397631}, "Peas; dry": {"TUR": 3.0920319253741253e-08, "RUS": 7.013913755267474e-08, "UKR": 5.340364363548637e-07}, "Chick peas": {"TGO": 0.0002213299797038}, "Lentils": {"USA": 3.051024328170907e-08, "CAN": 1.5752472940002626e-07, "AUS": 3.4155354042215265e-06}, "Bambara beans": {"TGO": 0.0049955817046295}, "Cashew nuts; with shell": {"TGO": 3.1069691974079114e-05, "BFA": 3.594880385385619e-05}, "Almonds; with shell": {"BFA": 1.3581185021833149e-05}, "Nuts nes": {"LBN": 2.3985475665309713e-10, "IDN": 2.53484151820838e-09, "GHA": 3.9622589735499296e-08, "BEN": 6.07380865037169e-08}, "Groundnuts; with shell": {"TGO": 0.0059430508393526}, "Coconuts": {"TGO": 0.0003352309761238}, "Oil palm fruit": {"CIV": 0.0007102376589117, "IDN": 0.0007941767690358, "GHA": 0.0011061071786012, "MYS": 0.0033157209318673, "TGO": 0.0063761140594541}, "Olives": {"GRC": 3.055795865260596e-07, "LBN": 3.116624782054632e-07, "MAR": 5.588413711816964e-07, "TUR": 6.365838047283626e-07, "TUN": 7.445293023966675e-07, "ITA": 1.275617700774263e-06, "ESP": 4.237846499612021e-06}, "Karite nuts (sheanuts)": {"TGO": 0.0008334970925393}, "Castor oil seed": {"TGO": 3.711140639267273e-06}, "Sunflower seed": {"HUN": 6.497380689437556e-07, "MDA": 8.011411853616554e-07, "ROU": 1.3811877758486218e-06, "BGR": 2.326516869231484e-06, "RUS": 3.3283855054776406e-06, "FRA": 3.732272361286151e-06, "ARG": 4.78373664797062e-06, "UKR": 7.425135045452155e-06, "TUR": 1.2087816590087326e-05}, "Mustard seed": {"RUS": 3.8393012252867785e-08, "ROU": 1.0040674269329113e-07, "DEU": 2.5161049645855014e-07, "CZE": 3.131503334170497e-07, "UKR": 5.530569214054416e-07, "CAN": 1.0586039898072873e-06, "CHN": 1.0675242701030385e-06, "FRA": 1.5745758390896742e-06}, "Cabbages and other brassicas": {"TGO": 1.2183080282376011e-05}, "Lettuce and chicory": {"BEL": 5.836269384598833e-10, "ITA": 3.986518925019933e-09, "ESP": 3.982643459578056e-08, "FRA": 4.7121907683284806e-08}, "Tomatoes": {"USA": 2.4262800922539703e-06, "ITA": 2.0394614102742323e-05, "GHA": 0.000159938313289, "CHN": 0.0002000388962515, "TGO": 0.00038398199602}, "Chillies and peppers; green": {"BEN": 7.482489415258543e-07}, "Onions; dry": {"NLD": 2.4309925457054293e-08, "BEN": 4.097122268172244e-07, "NER": 5.948310697266447e-06}, "Garlic": {"NER": 5.46885687258903e-08, "CHN": 1.8854677604783296e-06}, "Beans; green": {"FRA": 3.875216551006882e-10, "BEL": 1.4336695388551255e-09, "MAR": 2.3430868562517916e-09, "BFA": 4.155237371740087e-08}, "Maize; green": {"HUN": 1.4561139090474504e-08, "CHN": 5.113034259046688e-08, "FRA": 1.4913002335282844e-07}, "Mushrooms and truffles": {"BEL": 1.0571559554050737e-11, "NLD": 1.2137226353658786e-10, "POL": 1.74495796657146e-10, "ESP": 1.3130622834186294e-09, "CHN": 3.754590592057094e-09, "FRA": 2.649175844991106e-08}, "Vegetables; fresh nes": {"TGO": 0.005597575893775}, "Bananas": {"TGO": 0.0005112102220969}, "Oranges": {"TGO": 0.0005661893574362}, "Tangerines; mandarins; clementines; satsumas": {"ISR": 9.7734698485239e-10, "FRA": 2.023346910039972e-09, "ESP": 9.140188017364297e-08, "MAR": 1.0683425608584265e-07, "ZAF": 1.194000430784869e-07}, "Lemons and limes": {"ZAF": 2.470923281942108e-06}, "Grapefruit (inc. pomelos)": {"ISR": 3.3317306855985004e-10, "CHN": 3.9492795016170124e-09, "USA": 5.412472157607365e-09, "ESP": 6.357947121243892e-09, "MEX": 8.577387840142391e-09, "SYR": 8.726084748073278e-09, "ZAF": 3.734273634289548e-08, "LBN": 6.788239598845215e-08, "TWN": 2.3638172830964955e-06}, "Plums and sloes": {"USA": 6.739995533301424e-10, "FRA": 2.1581555862678234e-09, "CHL": 5.656302222143267e-09, "ITA": 7.277591494284406e-09, "ESP": 7.474510080840912e-09, "ZAF": 1.594797021359757e-07}, "Grapes": {"IND": 8.957891614313918e-08, "USA": 1.277627811395207e-07, "ITA": 1.9173914236687785e-07, "ARG": 2.262042772294917e-07, "FRA": 2.450302960509314e-07, "ZAF": 8.574590553540263e-07, "CHL": 8.639135672118604e-07, "PRT": 1.1665709840677404e-06, "ESP": 5.711762975470856e-06}, "Pineapples": {"PHL": 5.0643516360984185e-08, "CRI": 2.018717070903935e-07, "TWN": 5.145238014083516e-07, "TGO": 3.435807681176981e-06}, "Dates": {"ARE": 1.2267129135441906e-11, "SAU": 2.961894177986237e-09, "IRQ": 1.4342948976234132e-08, "NER": 4.097989264377439e-07, "DZA": 1.0616822995854111e-06}, "Kiwi fruit": {"NZL": 4.190945450611043e-10, "FRA": 9.569426004309564e-10, "ITA": 4.215503192991883e-09, "CHL": 3.684380940421337e-08}, "Fruit; fresh nes": {"TGO": 0.0007580559069323}, "Coffee; green": {"VNM": 7.515907658284639e-05, "IDN": 7.851234848198509e-05, "IND": 0.0001845274187835, "GHA": 0.0002237731587219, "BRA": 0.0002765946670881, "CIV": 0.0017473543405259, "TGO": 0.0071165567136613}, "Cocoa; beans": {"NGA": 1.1150796917560093e-05, "TGO": 0.0004140741913054}, "Tea": {"KEN": 2.4096042015707563e-06, "IND": 3.631241138596025e-06, "CHN": 7.775900403089354e-05, "LKA": 0.0002505465675034}, "Chillies and peppers; dry": {"TGO": 0.0014605278227356}, "Cloves": {"COM": 0.0, "LKA": 8.510808657489487e-08, "IDN": 3.8091632454405467e-07, "MDG": 6.33408718676838e-06}, "Nutmeg; mace and cardamoms": {"GTM": 2.4475592948155665e-06, "IDN": 4.767338760930658e-06, "TGO": 5.388086237527891e-06}, "Anise; badian; fennel; coriander": {"SYR": 5.7888270176852024e-08, "IND": 4.75614854472068e-07, "MAR": 1.884318233044655e-06}, "Spices nes": {"TUR": 2.0153758078149165e-07, "CHN": 1.2022698158572092e-06, "BFA": 4.2118015567788885e-06, "IND": 6.003711532385047e-06, "MAR": 1.044862455977698e-05, "TGO": 7.320042568303924e-05}, "Meat; cattle": {"ARE": 2.080749942002248e-13, "EST": 7.074908366696803e-11, "SWE": 9.233238430206644e-10, "DEU": 1.4769592261104087e-07, "GBR": 8.87742371791656e-08, "DNK": 4.608695350839448e-09, "RUS": 1.8494753427940124e-10, "CHE": 1.7160178399359134e-12, "ISR": 2.109424860243199e-12, "FRA": 0.00011349670696906176, "UKR": 1.9461804479864251e-07, "USA": 2.7425697196270837e-07, "LTU": 7.88331492215114e-09, "MDA": 3.508078207608771e-12, "POL": 4.121274128729465e-07, "BGR": 2.0203709317222057e-09, "ARG": 7.095171665186654e-06, "LUX": 4.6433261552495125e-11, "IDN": 6.060709465968537e-08, "ROU": 1.191369512384173e-09, "CAN": 2.656277795357176e-09, "FIN": 8.50652333307551e-11, "ITA": 0.0003279600830073584, "MEX": 4.179218291012943e-09, "IRL": 1.5067164903638483e-08, "CHN": 7.443650173487741e-07, "AUT": 2.7411120999833037e-08, "PHL": 3.786653094883469e-09, "MYS": 2.017312197990375e-05, "IND": 8.969488876694937e-07, "BRA": 1.4962923768311574e-05, "SVK": 1.3662713936603456e-09, "LVA": 8.908249061205096e-10, "SRB": 1.8345934298530383e-09, "HUN": 5.518809674474462e-08, "PRY": 4.245131699213203e-08, "CZE": 1.617864350178521e-09, "SVN": 4.589765471863484e-10, "GRC": 2.5928104719191247e-10, "PAK": 8.844347873196171e-10, "THA": 1.652441350155063e-08, "CHL": 5.849775876603919e-10, "ESP": 4.29071971617555e-07, "ZAF": 4.0687157657459665e-07, "HRV": 1.9649708903830067e-09, "LBN": 4.37737827328887e-10, "MMR": 1.0988743243961164e-10,