{"Wheat": {"IRL": 4.968274187925223e-06, "RUS": 1.1694862101845303e-05, "CHN": 6.522555797506516e-05, "TUR": 0.000123647201384, "CAN": 0.0001847638760107, "IND": 0.0001956166343612, "USA": 0.0002008184063156, "FRA": 0.0006666998154989, "AUS": 0.0037994870097175}, "Barley": {"GBR": 1.1222925699183424e-06, "BEL": 2.07714393926836e-06, "DEU": 2.541421730539184e-06, "FRA": 8.895699212368986e-05}, "Maize": {"TGO": 0.163277743878522}, "Oats": {"IRL": 3.427507627955177e-09, "SWE": 3.933097918776636e-09, "FIN": 6.193817301024759e-09, "BEL": 8.14351197771537e-09, "FRA": 2.910218977976008e-08, "DEU": 5.7613968705290254e-08, "GBR": 1.9258121839369508e-07}, "Potatoes": {"DEU": 2.065208638079934e-07, "BEL": 3.778159668629873e-07, "NLD": 5.056041587903805e-07, "GBR": 7.010049593094137e-07, "FRA": 1.529432715284195e-06, "ZAF": 5.347897991344124e-06}, "Sweet potatoes": {"TGO": 0.0}, "Cassava": {"TGO": 0.0041940149150812}, "Taro (cocoyam)": {"TGO": 0.0010737324426742}, "Yams": {"TGO": 0.0161015369816266}, "Beans; dry": {"TGO": 0.030493934088394}, "Peas; dry": {"TUR": 4.3700360527389735e-08, "RUS": 1.0019371122716788e-07, "UKR": 6.548686010002277e-07}, "Chick peas": {"TGO": 0.000293892882399}, "Lentils": {"USA": 6.626348125669839e-08, "CAN": 1.832808756172256e-07, "AUS": 7.099170157859671e-06}, "Bambara beans": {"TGO": 0.0066818820050302}, "Cashew nuts; with shell": {"TGO": 4.130195884149364e-05, "BFA": 7.037878392980296e-05}, "Almonds; with shell": {"BFA": 2.6588569957654952e-05}, "Nuts nes": {"LBN": 2.8703143813431816e-10, "IDN": 3.254355684773979e-09, "BEN": 7.179334918140111e-08, "GHA": 7.478736279664249e-08}, "Groundnuts; with shell": {"TGO": 0.0076965276913906}, "Coconuts": {"TGO": 0.000445633512872}, "Oil palm fruit": {"IDN": 0.0010101797536979, "CIV": 0.0013680043984111, "GHA": 0.0018474965015962, "MYS": 0.003536775625493, "TGO": 0.0081331482399469}, "Olives": {"LBN": 4.343324513871775e-07, "GRC": 7.437914740474406e-07, "TUR": 9.144342030385398e-07, "TUN": 9.23044573977567e-07, "MAR": 1.5388375950964812e-06, "ITA": 1.8284439521360368e-06, "ESP": 6.199030566426306e-06}, "Karite nuts (sheanuts)": {"TGO": 0.0011079949759169}, "Castor oil seed": {"TGO": 4.963867137369819e-06}, "Sunflower seed": {"HUN": 7.187559565168359e-07, "MDA": 9.415782761048244e-07, "ROU": 1.8184163602123544e-06, "BGR": 3.339315044360595e-06, "RUS": 4.599411569702782e-06, "ARG": 8.478282044649946e-06, "UKR": 9.131904785456368e-06, "FRA": 1.1595374935614294e-05, "TUR": 1.7801861959167573e-05}, "Mustard seed": {"RUS": 6.388837619449521e-08, "ROU": 1.556259161542482e-07, "DEU": 3.427321298289243e-07, "CZE": 4.095508260611022e-07, "UKR": 6.792185848232153e-07, "CAN": 1.26305921755014e-06, "CHN": 2.9573546468903865e-06, "FRA": 8.092529026881248e-06}, "Cabbages and other brassicas": {"TGO": 1.599964328176667e-05}, "Lettuce and chicory": {"BEL": 8.872650375645284e-10, "ITA": 5.317120089420296e-09, "ESP": 6.559857529227647e-08, "FRA": 2.855819119925293e-07}, "Tomatoes": {"USA": 5.974113422458647e-06, "ITA": 2.720183056979304e-05, "GHA": 0.0002954616701777, "CHN": 0.0003635516279317, "TGO": 0.0005042710727128}, "Chillies and peppers; green": {"BEN": 9.629291108484092e-07}, "Onions; dry": {"NLD": 3.964206841807381e-08, "BEN": 5.272627976837566e-07, "NER": 7.3915373418068735e-06}, "Garlic": {"NER": 6.79575460127117e-08, "CHN": 3.426657947925861e-06}, "Beans; green": {"BEL": 2.179551308245258e-09, "FRA": 2.348571622906109e-09, "MAR": 5.263102317692369e-09, "BFA": 7.872616433465504e-08}, "Maize; green": {"HUN": 1.6110386856139485e-08, "CHN": 9.862528624055672e-08, "FRA": 1.0929727597155566e-06}, "Mushrooms and truffles": {"BEL": 1.6071525432997492e-11, "NLD": 1.9792111595215564e-10, "POL": 2.2430929014424243e-10, "ESP": 2.1627598838940768e-09, "CHN": 6.823610545436307e-09, "FRA": 1.605530718539547e-07}, "Vegetables; fresh nes": {"TGO": 0.0073511144527687}, "Bananas": {"TGO": 0.0006452065672531}, "Oranges": {"TGO": 0.0007526540513125}, "Tangerines; mandarins; clementines; satsumas": {"ISR": 1.077848745054068e-09, "FRA": 1.0583010244699404e-08, "ESP": 1.3937104213928634e-07, "MAR": 2.31461354155055e-07, "ZAF": 4.092857490725505e-07}, "Lemons and limes": {"ZAF": 8.469960816393505e-06}, "Grapefruit (inc. pomelos)": {"ISR": 3.6743365396198996e-10, "CHN": 9.29289164802112e-09, "ESP": 9.694698998213386e-09, "SYR": 1.2370852735777556e-08, "USA": 1.2558037249080241e-08, "MEX": 1.7981145213045767e-08, "LBN": 8.12340852291249e-08, "ZAF": 1.280053961661805e-07, "TWN": 3.3957163383441323e-06}, "Plums and sloes": {"USA": 1.563816173111737e-09, "ITA": 9.647526427109646e-09, "FRA": 1.1288119978731881e-08, "ESP": 1.1397251976308873e-08, "CHL": 1.862133480521614e-08, "ZAF": 5.466729129040883e-07}, "Grapes": {"IND": 9.656235635361357e-08, "ITA": 2.5417865849554415e-07, "USA": 2.964356615379708e-07, "ARG": 4.51352358084002e-07, "FRA": 1.281618154801495e-06, "PRT": 2.2987062383465983e-06, "CHL": 2.844123801384314e-06, "ZAF": 2.939243259224975e-06, "ESP": 8.709387124549737e-06}, "Pineapples": {"PHL": 5.6373037322188834e-08, "CRI": 4.614873856823557e-07, "TWN": 7.391336426056362e-07, "TGO": 4.567331647627812e-06}, "Dates": {"ARE": 1.7208897571211363e-11, "SAU": 7.673125832780474e-09, "IRQ": 2.1331174810962383e-08, "NER": 4.72237762630111e-07, "DZA": 1.6362012269555318e-06}, "Kiwi fruit": {"NZL": 2.0082451279097994e-09, "FRA": 5.005238248417831e-09, "ITA": 5.588274429788288e-09, "CHL": 1.212949526865028e-07}, "Fruit; fresh nes": {"TGO": 0.0010077085377541}, "Coffee; green": {"VNM": 7.870381615532848e-05, "IDN": 9.849199807996692e-05, "IND": 0.0001982316128642, "GHA": 0.0003903338687034, "BRA": 0.0007232003533772, "CIV": 0.0037615920486703, "TGO": 0.0093750614448055}, "Cocoa; beans": {"NGA": 1.9871422140293828e-05, "TGO": 0.0005454844445691}, "Tea": {"IND": 3.900920482973769e-06, "KEN": 4.18846332429052e-06, "CHN": 0.0001568383801612, "LKA": 0.0002950951026686}, "Chillies and peppers; dry": {"TGO": 0.0019180637101004}, "Cloves": {"COM": 0.0, "LKA": 1.0298264822284829e-07, "IDN": 4.870418185286151e-07, "MDG": 2.962725778022344e-05}, "Nutmeg; mace and cardamoms": {"GTM": 4.003459221767083e-06, "IDN": 6.0955469483878335e-06, "TGO": 7.206879719077411e-06}, "Anise; badian; fennel; coriander": {"SYR": 8.494684781908786e-08, "IND": 5.109870547599082e-07, "MAR": 4.533276212954001e-06}, "Spices nes": {"TUR": 3.01699080533086e-07, "CHN": 3.3306392428887664e-06, "IND": 6.450216692594278e-06, "BFA": 7.710591161116926e-06, "MAR": 2.513720896198612e-05, "TGO": 9.79098403452749e-05}, "Meat; cattle": {"ARE": 2.918972501868161e-13, "EST": 1.0455053334804585e-10, "SWE": 1.0187860881757507e-09, "DNK": 3.981456567866878e-09, "DEU": 1.7010675365328682e-07, "RUS": 2.6310831117009015e-10, "ISR": 2.525742751867829e-12, "GBR": 2.1491798950560467e-07, "UKR": 2.3772578563329467e-07, "CHE": 3.820853560300943e-12, "LTU": 8.417671872690393e-09, "MDA": 4.1305331126869016e-12, "USA": 4.1377383339069115e-07, "POL": 5.002339352777451e-07, "BGR": 2.8655995079163976e-09, "FRA": 7.365159008091958e-05, "FIN": 8.55808869136012e-11, "CAN": 3.071667998927145e-09, "IDN": 7.709151823244969e-08, "ROU": 1.625872753951589e-09, "ITA": 0.0003285671183535364, "ARG": 1.1796927709515538e-05, "LUX": 1.0256590502636829e-10, "SVK": 1.73103747354549e-09, "MEX": 7.092234908328127e-09, "SVN": 9.964122578219867e-10, "PHL": 4.198972047916237e-09, "MYS": 2.1518035483531728e-05, "IND": 9.625630381731444e-07, "AUT": 3.409048584356276e-08, "CHN": 1.3948225307818402e-06, "HUN": 6.107073606656513e-08, "SRB": 2.1829296221954254e-09, "LVA": 1.045146931066675e-09, "CZE": 2.1102041827967076e-09, "PAK": 9.530368545687643e-10, "IRL": 6.712245172761114e-08, "THA": 1.3363170353816538e-08, "BRA": 4.165637125382686e-05, "PRY": 1.1817284133778865e-07, "ESP": 6.339311946444186e-07, "GRC": 5.163878356996006e-10, "MMR": 1.1354078543346592e-10, "HRV": 3.045489393807644e-09, "LBN": 6.666993692746733e-10, "ZAF": 1.0716806401784035e-06, "AUS": 4.062005849791952e-06, "NLD": 1.173033254239766e-09,