{"Wheat": {"ARG": 0.3046350505055254}, "Barley": {"ARG": 0.0140180354221897}, "Maize": {"ARG": 0.0183588682995677}, "Oats": {"ARG": 0.0027026738074261}, "Potatoes": {"ARG": 0.0322067277284486}, "Sweet potatoes": {"ARG": 0.0073161212087405}, "Cassava": {"PRY": 3.906746424353531e-06, "ARG": 0.0001420196137931}, "Roots and tubers nes": {"CRI": 3.079506140917865e-09, "MWI": 3.4949338518744165e-08}, "Broad beans; horse beans; dry": {"ARG": 0.0006898419166489}, "Peas; dry": {"ARG": 0.0298754798653814}, "Lentils": {"CAN": 0.0001055515166416, "ARG": 0.0092698637104437}, "Lupins": {"ARG": 2.081170140708668e-06}, "Brazil nuts; with shell": {"BOL": 3.2740853303735577e-06}, "Cashew nuts; with shell": {"BFA": 4.983847288360173e-06, "GHA": 0.0001810798339368, "CIV": 0.0002174641407404, "BRA": 0.0031780252168499}, "Chestnut": {"BOL": 1.190563771120109e-05}, "Almonds; with shell": {"USA": 3.1897359783052705e-05, "ARG": 0.0002523680931173, "CHL": 0.0012092643077477}, "Walnuts; with shell": {"ARG": 0.0055841866742169}, "Hazelnuts; with shell": {"GEO": 2.50054780766419e-06, "ESP": 2.218725869790747e-05, "TUR": 2.464948104970146e-05, "CHL": 5.470488609828958e-05}, "Soybeans": {"ARG": 0.0070685954443103}, "Groundnuts; with shell": {"ARG": 0.0031968106794155}, "Coconuts": {"BRA": 3.4438698172556645e-05, "VNM": 3.662216605254725e-05, "LKA": 9.287863640819553e-05, "IDN": 0.0002699472043912, "MYS": 0.000282948840417, "PHL": 0.0005289082443569}, "Olives": {"ARG": 0.0525596676344631}, "Sunflower seed": {"ARG": 0.0652503152697985}, "Rapeseed": {"ARG": 0.0024636534297404}, "Sesame seed": {"NGA": 4.55945696452846e-07, "IND": 5.327503012643475e-06, "PRY": 1.663006662938165e-05, "MEX": 3.1897313047465984e-05, "VEN": 4.680611861713565e-05}, "Mustard seed": {"RUS": 1.037305573762772e-07, "CZE": 4.548777990113108e-07, "USA": 5.561138834537301e-07, "DEU": 7.038627118719975e-07, "FRA": 1.107597367222072e-06, "UKR": 1.37665673237174e-06, "CAN": 2.2550142382990808e-06}, "Artichokes": {"ARG": 0.0014410835713544}, "Asparagus": {"ARG": 0.0016479840717903}, "Tomatoes": {"CHN": 0.0001178172495851, "CHL": 0.0041518400178504, "ARG": 0.0149386909786196}, "Pumpkins; squash and gourds": {"ARG": 0.0108304683193382}, "Chillies and peppers; green": {"ARG": 0.0040297178902267}, "Onions; dry": {"ARG": 0.0134139411679355}, "Garlic": {"ARG": 0.0025214513007528}, "Beans; green": {"ARG": 0.0007877243771594}, "Peas; green": {"ARG": 0.0052915279379743}, "String beans": {"ARG": 0.0037961758026337}, "Carrots and turnips": {"ARG": 0.0056487755326611}, "Maize; green": {"HUN": 2.200326709324868e-06, "USA": 3.914543207693835e-06, "CHN": 4.306072633485031e-05, "FRA": 0.000104037935478, "THA": 0.000177264798534, "CHL": 0.0003709271121003}, "Mushrooms and truffles": {"NLD": 1.8060207988972958e-09, "CHN": 7.221776358733209e-06}, "Vegetables; fresh nes": {"CHN": 0.0005520390261785, "ARG": 0.040067433706722}, "Bananas": {"PRY": 0.0015164951316393, "ARG": 0.0017272119456913, "BRA": 0.0018487208083793, "BOL": 0.0058360870760322, "ECU": 0.0301391366674418}, "Plantains and others": {"ECU": 0.0013607000206679}, "Oranges": {"ARG": 0.0167887119991955}, "Tangerines; mandarins; clementines; satsumas": {"ARG": 0.0128429301471235}, "Lemons and limes": {"ARG": 0.0057138932524437}, "Grapefruit (inc. pomelos)": {"ARG": 0.0011154375732594}, "Apples": {"ARG": 0.0049850030625902}, "Pears": {"ARG": 0.0054585163293989}, "Quinces": {"ARG": 0.0015956283040436}, "Apricots": {"ARG": 0.0012163419795096}, "Cherries": {"ARG": 0.0003306057246717}, "Peaches and nectarines": {"ARG": 0.0017518964413738}, "Strawberries": {"ARG": 0.0005601745790704}, "Grapes": {"ARG": 0.0408460467145678}, "Watermelons": {"ARG": 0.0044970382272226}, "Melons; other (inc.cantaloupes)": {"ARG": 0.0025112059438135}, "Figs": {"TUR": 9.756248845337636e-06, "ARG": 0.0001332961878607}, "Mangoes; mangosteens; guavas": {"BRA": 6.778600214207129e-05, "ARG": 0.0001573953600368, "ECU": 0.0002211598901957}, "Avocados": {"ARG": 0.0004637050341346, "CHL": 0.0081296185304244}, "Pineapples": {"IDN": 2.9575630575579668e-05, "PRY": 4.369809483184198e-05, "BRA": 6.59533030666981e-05, "ARG": 7.654383517444092e-05, "THA": 8.079530626395024e-05, "BOL": 0.0001108305644675, "ZAF": 0.0001185884125588, "ECU": 0.0031809601111037}, "Dates": {"EGY": 1.1429322933836289e-07, "ISR": 4.6607525400834274e-07}, "Kiwi fruit": {"ITA": 1.0336940070304352e-05, "CHL": 0.0008186057948886}, "Papayas": {"BRA": 5.4647443880958825e-06, "ARG": 0.0001345139832193}, "Coffee; green": {"VNM": 0.0002603177897084, "BRA": 0.0499288217575307}, "Cocoa; beans": {"IDN": 0.0012592043237853, "CIV": 0.0025302877105823, "GHA": 0.0031324040920557, "COL": 0.010434330673583, "ECU": 0.012260351504149, "BRA": 0.1157918994504881}, "Tea": {"ARG": 0.000228993967006}, "Mat\u00e9": {"ARG": 0.1969478472734347}, "Pepper (piper spp.)": {"IDN": 5.476365227584268e-05, "VNM": 7.032088025912357e-05, "BRA": 0.0006165105952358}, "Chillies and peppers; dry": {"CHN": 1.452201188204694e-05, "PER": 0.0001850443284612, "ARG": 0.0020978224352901}, "Vanilla": {"COM": 0.0, "UGA": 1.3519813949541162e-08, "IDN": 7.38379555358202e-08, "MDG": 0.0001665161187451}, "Cinnamon (cannella)": {"CHN": 2.786992857599033e-06, "VNM": 2.377872766109423e-05, "IDN": 2.8831341504934787e-05, "LKA": 0.0003177589553186, "MDG": 0.0012091894903124}, "Cloves": {"COM": 0.0, "IDN": 1.5492700902319213e-05, "LKA": 3.2013711895396704e-05, "MDG": 0.0017895268659949}, "Nutmeg; mace and cardamoms": {"LKA": 1.1662514254319576e-05, "NPL": 1.3092585144960497e-05, "IND": 2.9849704702683213e-05, "GTM": 0.000333699138999, "IDN": 0.0003460221820182}, "Ginger": {"IND": 1.2402818222275236e-06, "THA": 1.4141188186787404e-06, "CHN": 5.520933355584408e-05}, "Spices nes": {"IDN": 1.3544781666417616e-06, "TUR": 2.345207097009639e-06, "IND": 1.8966452881923384e-05, "PER": 9.40487231890554e-05, "ARG": 0.000409327031236}, "Meat; cattle": {"SWE": 3.326297762767277e-11, "SVN": 7.164400855892926e-11, "IRL": 1.3544350872925876e-09, "AUT": 2.0261271166827856e-09, "DEU": 6.614552273240277e-09, "LVA": 5.0098751854881014e-11, "LTU": 4.6332997835238516e-10, "SRB": 2.0396504926269803e-10, "ROU": 4.186301888927808e-12, "POL": 1.971697902996516e-08, "HRV": 1.7739882019387345e-10, "UKR": 1.4011079180501872e-08, "NLD": 4.336150072861716e-11, "DNK": 1.9078513081801725e-10, "CZE": 1.2864488435166256e-10, "HUN": 4.3293661216487505e-09, "ITA": 2.5917730505847004e-07, "BEL": 1.3875732845415897e-10, "USA": 1.4958050183565963e-06, "ARG": 9.635593853123945, "ZAF": 1.326384643475023e-08, "URY": 1.5391363661154933e-07, "IND": 5.193057317909296e-11, "GBR": 1.3657904347164395e-09, "SVK": 7.242999975852534e-11, "FRA": 1.0735487093723636e-07, "NAM": 1.474626590801278e-10, "PAN": 2.4200046869451745e-08, "NIC": 6.239048128051705e-08, "BRA": 1.1042885113081687e-06, "AUS": 3.562479665988677e-07, "CAN": 4.861017051929377e-08, "IDN": 4.622425398914946e-09, "MYS": 4.157150375430434e-09, "NZL": 5.5955448243048384e-09, "ESP": 1.4717644348975267e-08, "CHL": 1.0722715834044035e-09, "PRY": 6.676285803708544e-09, "CRI": 7.162786123859522e-08, "GTM": 3.842130508382589e-09, "MEX": 3.100469808225804e-05}, "Milk; whole fresh cow": {"SEN": 3.8621983798611976e-10, "KAZ": 3.3293223425114084e-11, "EGY": 1.0309938017467051e-10, "DNK": 5.984399997254286e-08, "DEU": 4.804941243606051e-06, "GBR": 1.464067448343111e-07, "ROU": 4.648541965300532e-09, "MLI": 3.2381965924859493e-10, "CAN": 2.7614112436466254e-07, "RUS": 1.9819715416062494e-08, "IRL": 4.1909890717554876e-08, "FRA": 1.0027743666055218e-05, "HUN": 4.362355100738229e-08, "BLR": 2.1154134119455134e-09, "UKR": 4.338680739473655e-07, "FJI": 7.99837420485454e-11, "BGR": 1.1141831011210566e-08, "TZA": 2.9120669913497734e-09, "USA": 3.511534667632232e-05, "THA": 2.4946634820793045e-08, "HRV": 2.4236638730932973e-09, "IDN": 1.6000149762021478e-06, "MYS": 1.1237321420902546e-06, "ARM": 1.511306559418125e-10, "MKD": 5.291863635034939e-10, "POL": 7.397049809863656e-07, "SRB": 1.3067877729641136e-09,