{"Wheat": {"ARG": 0.1710662771366967}, "Barley": {"ARG": 0.0074900226421321}, "Maize": {"ARG": 0.0096485933362135}, "Oats": {"ARG": 0.0013652914236249}, "Potatoes": {"ARG": 0.0150481629164132}, "Sweet potatoes": {"ARG": 0.0034183598158004}, "Cassava": {"PRY": 9.874288671851857e-06, "ARG": 0.0003589541043455}, "Roots and tubers nes": {"CRI": 7.783441590324168e-09, "MWI": 8.83343375636305e-08}, "Broad beans; horse beans; dry": {"ARG": 0.0003592858071037}, "Peas; dry": {"ARG": 0.0155598487667838}, "Lentils": {"CAN": 9.071854355096392e-05, "ARG": 0.0048279618628097}, "Lupins": {"ARG": 5.260150650293729e-06}, "Brazil nuts; with shell": {"BOL": 3.3169125726805457e-07}, "Cashew nuts; with shell": {"BFA": 2.5457011133573096e-06, "CIV": 9.133236511421946e-05, "GHA": 9.593668904948872e-05, "BRA": 0.0012091525383045}, "Chestnut": {"BOL": 1.20613714748714e-06}, "Almonds; with shell": {"USA": 1.3747655648943245e-05, "ARG": 0.0001264793261338, "CHL": 0.0003673186945307}, "Walnuts; with shell": {"ARG": 0.002798627032587}, "Hazelnuts; with shell": {"GEO": 5.16034878839133e-07, "ESP": 1.4550778481379454e-05, "CHL": 1.6616820009765034e-05, "TUR": 1.8306881866436704e-05}, "Soybeans": {"ARG": 0.0046406381611511}, "Groundnuts; with shell": {"ARG": 0.0021820709287556}, "Coconuts": {"BRA": 1.3102992100397942e-05, "VNM": 3.460709100487125e-05, "LKA": 7.619193034458521e-05, "IDN": 0.0002102638579479, "MYS": 0.0002663806985427, "PHL": 0.0004751522110377}, "Olives": {"ARG": 0.0084104940869877}, "Sunflower seed": {"ARG": 0.0368164591368769}, "Rapeseed": {"ARG": 0.000467551603744}, "Sesame seed": {"NGA": 2.709115126245809e-07, "IND": 4.958715776564e-06, "PRY": 5.947048448477342e-06, "MEX": 2.053215095447965e-05, "VEN": 2.159697815217489e-05}, "Mustard seed": {"RUS": 6.233572987080174e-08, "FRA": 2.15506925965185e-07, "USA": 2.858921337036421e-07, "CZE": 3.478081970787036e-07, "DEU": 5.167278785947916e-07, "UKR": 1.1209492072949623e-06, "CAN": 1.8899882416961047e-06}, "Artichokes": {"ARG": 0.000728802066577}, "Asparagus": {"ARG": 0.0008334382690089}, "Tomatoes": {"CHN": 6.482719579742941e-05, "CHL": 0.0015587420613669, "ARG": 0.0075549739609769}, "Pumpkins; squash and gourds": {"ARG": 0.0054773143279349}, "Chillies and peppers; green": {"ARG": 0.0020379572597303}, "Onions; dry": {"ARG": 0.0067838592004393}, "Garlic": {"ARG": 0.0012751785915059}, "Beans; green": {"ARG": 0.0003983774191717}, "Peas; green": {"ARG": 0.0026760949699269}, "String beans": {"ARG": 0.0019198475543296}, "Carrots and turnips": {"ARG": 0.0028567665079716}, "Maize; green": {"HUN": 1.988733327453006e-06, "USA": 2.488093705587643e-06, "FRA": 1.4195394724616888e-05, "CHN": 2.232398782929816e-05, "CHL": 0.0001090692773626, "THA": 0.0001662208378174}, "Mushrooms and truffles": {"NLD": 1.1075161500671304e-09, "CHN": 3.973675430901413e-06}, "Vegetables; fresh nes": {"CHN": 0.0003037512941773, "ARG": 0.0202633831016848}, "Bananas": {"PRY": 0.0005086088148524, "ARG": 0.0006603290702321, "BRA": 0.0007442588328324, "BOL": 0.0011466395219247, "ECU": 0.0162220161531384}, "Plantains and others": {"ECU": 0.0007323798939037}, "Oranges": {"ARG": 0.0084139993851219}, "Tangerines; mandarins; clementines; satsumas": {"ARG": 0.0064364917550696}, "Lemons and limes": {"ARG": 0.0028636320829744}, "Grapefruit (inc. pomelos)": {"ARG": 0.0005590238879549}, "Apples": {"ARG": 0.0024983341608025}, "Pears": {"ARG": 0.0027356448214396}, "Quinces": {"ARG": 0.0007996810934483}, "Apricots": {"ARG": 0.0006095941527964}, "Cherries": {"ARG": 0.000165689682701}, "Peaches and nectarines": {"ARG": 0.0008779980013489}, "Strawberries": {"ARG": 0.0002807427135616}, "Grapes": {"ARG": 0.0204708146734248}, "Watermelons": {"ARG": 0.0022537808070407}, "Melons; other (inc.cantaloupes)": {"ARG": 0.0012585411714832}, "Figs": {"TUR": 7.245852142324058e-06, "ARG": 6.68040551742704e-05}, "Mangoes; mangosteens; guavas": {"BRA": 2.579073826004557e-05, "ECU": 6.479421254342491e-05, "ARG": 7.888183814424387e-05}, "Avocados": {"ARG": 0.0002323950683217, "CHL": 0.0024694029638485}, "Pineapples": {"BOL": 1.1228030293203262e-05, "PRY": 1.5233016082520174e-05, "IDN": 2.303667563472839e-05, "BRA": 2.509344588892576e-05, "ZAF": 3.459554015799524e-05, "ARG": 3.836147657565867e-05, "THA": 7.674217697863761e-05, "ECU": 0.0009319402598211}, "Dates": {"EGY": 1.1429322933836289e-07, "ISR": 4.226170381601321e-07}, "Kiwi fruit": {"ITA": 7.797649242108639e-06, "CHL": 0.0002486546654749}, "Papayas": {"BRA": 2.079187261642027e-06, "ARG": 6.741437771711471e-05}, "Coffee; green": {"VNM": 0.0002485933420809, "BRA": 0.0190957398840242}, "Cocoa; beans": {"IDN": 0.001003767723331, "CIV": 0.0011753824329324, "COL": 0.0014263218394257, "GHA": 0.0017957651494635, "ECU": 0.0052585907011937, "BRA": 0.0442856833938826}, "Tea": {"ARG": 0.0001789586414741}, "Mat\u00e9": {"ARG": 0.1539146190187176}, "Pepper (piper spp.)": {"IDN": 4.283075569679658e-05, "VNM": 6.67907417455979e-05, "BRA": 0.0002241195861316}, "Chillies and peppers; dry": {"CHN": 7.990521854524811e-06, "PER": 6.945481307397732e-05, "ARG": 0.0010609359210959}, "Vanilla": {"COM": 0.0, "UGA": 9.829889912917064e-09, "IDN": 5.774880423928008e-08, "MDG": 3.559990674661946e-05}, "Cinnamon (cannella)": {"CHN": 1.0060283162924504e-06, "IDN": 2.2549046549868225e-05, "VNM": 2.258502527839153e-05, "MDG": 0.0002585157125839, "LKA": 0.0002626059549438}, "Cloves": {"COM": 0.0, "IDN": 1.2116870585775108e-05, "LKA": 2.645713438715653e-05, "MDG": 0.000382587523839}, "Nutmeg; mace and cardamoms": {"NPL": 8.356333170594155e-06, "LKA": 9.638267125251087e-06, "IND": 2.778341021744953e-05, "GTM": 0.0002040106777879, "IDN": 0.0002706246009496}, "Ginger": {"IND": 1.1544254455922818e-06, "THA": 1.3506514628077136e-06, "CHN": 1.9929061794820354e-05}, "Spices nes": {"IDN": 1.0593399278752824e-06, "TUR": 1.5666185124852395e-06, "IND": 1.7653532791600347e-05, "PER": 1.950524128050157e-05, "ARG": 0.000186506163701}, "Meat; cattle": {"IRL": 3.040439556156249e-10, "SWE": 3.0146127629011183e-11, "AUT": 1.6290907737558158e-09, "LVA": 4.270137967331622e-11, "DEU": 5.796842166132826e-09, "LTU": 4.3407751158236703e-10, "SVN": 3.30013199023101e-11, "ROU": 3.159882730897672e-12, "SRB": 1.7141547689394511e-10, "POL": 1.6245010890605037e-08, "HRV": 1.1445511718565648e-10, "NLD": 2.870808692598917e-11, "UKR": 1.14705178058009e-08, "CZE": 9.863291244205402e-11, "DNK": 2.2085500087092198e-10, "URY": 3.53371332337299e-08, "HUN": 3.912657933963297e-09, "ITA": 2.1514691670019926e-07, "BEL": 9.222848920855516e-11, "USA": 9.666473118865508e-07, "NAM": 1.5201337363768675e-11, "ZAF": 5.0374636472858546e-09, "ARG": 9.454272320865337, "FRA": 2.531491148333708e-08, "GBR": 5.659205905065391e-10, "PAN": 1.0172548961964905e-08, "IND": 4.8335768538853476e-11, "SVK": 5.589190529000649e-11, "NIC": 2.36215919529598e-08, "BRA": 3.96485017999811e-07, "NZL": 1.189753305732607e-09, "AUS": 1.9165277648254658e-07, "CHL": 2.7080667743024376e-10, "CAN": 4.295272554554383e-08, "IDN": 3.6340293447587677e-09, "PRY": 2.373197521664048e-09, "CRI": 3.204946227718462e-08, "ESP": 9.942703027440625e-09, "MYS": 3.897321169423492e-09, "GTM": 2.46286917339794e-09, "MEX": 1.8270038007420134e-05}, "Milk; whole fresh cow": {"SEN": 2.2099706589604716e-10, "KAZ": 1.6966697237153315e-11, "EGY": 1.0309938017467051e-10, "MLI": 8.778738670630866e-11, "IRL": 9.407884675658965e-09, "FRA": 2.3428131224422293e-06, "GBR": 6.020778652407148e-08, "DNK": 6.917492171389845e-08, "DEU": 4.298531149206745e-06, "ROU": 3.4281576175140328e-09, "RUS": 1.4338490354330592e-08, "CAN": 2.4370406939495636e-07, "HUN": 3.933787591283817e-08, "BLR": 1.4810336649484206e-09, "TZA": 1.3742469066874772e-09, "USA": 2.2503606391010736e-05, "BGR": 7.81681170361433e-09, "MKD": 1.7497065350968626e-10, "FJI": 5.8087961564985305e-11, "UKR": 3.550889380701984e-07, "ARM": 6.201650013460535e-11, "HRV": 1.5622285274658426e-09, "BIH": 2.7064468973649234e-11, "IDN": 1.2576588808400587e-06, "THA": 2.3678749590773978e-08, "ARG": 0.5294406019141114,