{"Wheat": {"DEU": 9.479346819586122e-07, "GBR": 1.368114988297214e-06, "CAN": 6.93342492786324e-06, "FRA": 8.943511480463752e-06, "USA": 0.0003990030718924}, "Barley": {"GBR": 1.3961046195865105e-07, "DEU": 2.064478604347956e-07, "BEL": 3.314265722465768e-07, "FRA": 1.4218788164658423e-05}, "Maize": {"FRA": 4.386204434448878e-06, "USA": 5.841852776904255e-06, "BLZ": 7.145764754071029e-05}, "Oats": {"USA": 2.536792072066851e-07, "GBR": 2.696379469184562e-07, "CAN": 8.209681076326891e-07}, "Potatoes": {"DEU": 6.700144642630993e-08, "NLD": 1.482199049966895e-07, "BEL": 2.128986210314294e-07, "CAN": 5.28123838364094e-07, "FRA": 8.575154966751452e-07, "USA": 3.2587712394114967e-06}, "Sweet potatoes": {"LCA": 0.0}, "Cassava": {"LCA": 9.988528560014948e-06}, "Yautia (cocoyam)": {"LCA": 7.296012137314533e-13}, "Taro (cocoyam)": {"LCA": 1.1492949781339336e-12}, "Yams": {"LCA": 1.6828740272311886e-12}, "Roots and tubers nes": {"LCA": 3.740322098726232e-06}, "Beans; dry": {"CAN": 1.0377377211679265e-07, "CHN": 7.533885350225137e-07, "USA": 2.00465156693215e-05}, "Peas; dry": {"CAN": 9.260921533788454e-08, "USA": 4.572855581004978e-06}, "Lentils": {"CAN": 8.170307345591568e-07, "USA": 8.861566585945822e-05}, "Pulses nes": {"LCA": 1.5474449704791114e-12}, "Cashew nuts; with shell": {"MOZ": 5.024485764352055e-08, "BEN": 7.727178973427095e-08, "GNB": 8.65736689783991e-08, "IND": 2.4831929572930386e-07, "IDN": 3.09596877775292e-07, "GHA": 3.6069847254689377e-07, "TZA": 9.310711334011905e-07, "BRA": 1.278229416580203e-06, "CIV": 1.846452097183349e-06, "VNM": 2.7321405110431256e-06}, "Almonds; with shell": {"USA": 2.4903562676851217e-07}, "Pistachios": {"USA": 9.482951377735613e-08}, "Nuts nes": {"ISR": 1.2113396790065611e-09, "TUR": 1.629476232322299e-07, "CHN": 5.511789795560735e-07, "ZAF": 9.830782427461302e-07, "THA": 2.3313632184661515e-06, "IDN": 2.523001627539687e-06, "MEX": 1.2308652446660372e-05, "USA": 1.3843765561972532e-05}, "Soybeans": {"ARG": 6.945515202421414e-09, "BRA": 1.224157466088847e-07, "USA": 1.7143118659424905e-07}, "Groundnuts; with shell": {"SEN": 8.090686059534626e-07, "ARG": 9.832166976048451e-07, "NIC": 5.305581046501036e-06, "USA": 8.09825906538635e-06}, "Coconuts": {"LCA": 2.5665341455077688e-11}, "Olives": {"EGY": 4.7727122796324485e-09, "TUR": 6.3724108726709e-07, "GRC": 7.407724087306579e-07, "MAR": 1.0662819425237745e-06, "ITA": 1.4434457216227856e-06, "TUN": 1.5287316977156776e-06, "ESP": 1.8111441914577e-06, "ARG": 2.013477436425876e-06, "USA": 0.0}, "Rapeseed": {"CAN": 5.290227213554176e-08, "USA": 1.0230334607880888e-07}, "Mustard seed": {"USA": 3.732025478377933e-07, "CAN": 5.352018042505049e-07}, "Cabbages and other brassicas": {"USA": 6.288840945675097e-07, "MEX": 7.599298456422993e-07, "LCA": 0.0}, "Artichokes": {"EGY": 2.333254778710317e-12, "MEX": 8.863925025910083e-11, "USA": 1.283792295798669e-09}, "Lettuce and chicory": {"USA": 1.546038219736467e-07, "LCA": 0.0}, "Spinach": {"ESP": 1.9595488403156248e-10, "USA": 8.647572856951816e-09}, "Tomatoes": {"ITA": 3.3847810710849014e-08, "MEX": 2.503827609284005e-07, "USA": 3.612455776933734e-07, "LCA": 0.0}, "Cauliflowers and broccoli": {"USA": 1.4211335549588783e-06}, "Pumpkins; squash and gourds": {"LCA": 0.0}, "Cucumbers and gherkins": {"LCA": 0.0}, "Onions; dry": {"EGY": 1.3477625668967785e-08, "FRA": 7.864166134775984e-08, "USA": 1.3532391339529056e-07, "NLD": 3.20418726725019e-07}, "Garlic": {"USA": 3.8480799711026013e-07, "CHN": 2.1940127834374696e-06}, "Beans; green": {"GTM": 1.4161017903116281e-07, "USA": 1.7352025433234177e-07, "MEX": 1.969123224901082e-07}, "Peas; green": {"GBR": 4.1893373222806784e-10, "MEX": 4.310769823252398e-09, "USA": 2.7153799609340323e-08, "GTM": 6.740294073353517e-08}, "Carrots and turnips": {"CAN": 7.496048896580937e-09, "MEX": 9.822486371990689e-07, "USA": 3.117793084810803e-06, "LCA": 0.0}, "Maize; green": {"USA": 1.1292921702835997e-06}, "Mushrooms and truffles": {"NLD": 6.349749470878539e-12, "CAN": 1.7233815554727288e-10, "CHN": 4.817452908894683e-09, "USA": 4.362872671812349e-08}, "Vegetables; fresh nes": {"IND": 6.041566237009027e-07, "USA": 7.729954676116211e-07, "PER": 5.181313477338776e-06, "CHN": 5.827502960725597e-06, "MEX": 2.80146838822834e-05, "LCA": 0.0}, "Plantains and others": {"LCA": 0.0}, "Oranges": {"LCA": 2.2269993217189858e-12, "BRA": 1.994953314614749e-06, "USA": 5.815598562698116e-06, "JAM": 2.609124041541649e-05, "BLZ": 2.611078710192625e-05}, "Lemons and limes": {"LCA": 1.1296231629258488e-12}, "Grapefruit (inc. pomelos)": {"LCA": 9.57863475613455e-13, "BLZ": 4.308695235780337e-06}, "Apples": {"CAN": 2.0714946440937552e-08, "DEU": 2.2453488886369094e-08, "POL": 4.954378429298231e-08, "BEL": 9.514996679523881e-08, "ITA": 9.693439175993837e-08, "GBR": 1.106169455515192e-07, "NZL": 3.458996571730028e-07, "FRA": 3.699507310180338e-07, "CHN": 1.5319369047374906e-06, "CHL": 2.6015080817415485e-06, "USA": 3.389437627693732e-06}, "Pears": {"ARG": 8.58642523815105e-08, "CHL": 1.4820316812112266e-07, "USA": 4.441029273452092e-07}, "Plums and sloes": {"ITA": 2.7002546448800213e-08, "GBR": 2.888784992241652e-08, "FRA": 3.0755300073810004e-08, "ARG": 9.724142128978889e-08, "ESP": 1.1081747910370061e-07, "USA": 9.905995998767e-07, "ZAF": 1.4188640516924384e-06, "CHL": 1.945939444407455e-06}, "Grapes": {"DEU": 7.35921313546182e-08, "TUR": 9.433795828625098e-07, "ITA": 1.1949763472495305e-06, "ESP": 1.6409406857527835e-06, "AUS": 2.126936988638351e-06, "ZAF": 2.339127639863956e-06, "USA": 4.258688170207041e-06, "FRA": 5.33816449014086e-06, "ARG": 1.7335515506268934e-05, "CHL": 3.904894750816551e-05}, "Watermelons": {"LCA": 7.13581261679403e-13}, "Melons; other (inc.cantaloupes)": {"MEX": 3.3632709587534655e-07, "USA": 6.485325127902673e-07, "HND": 6.607036635658584e-07, "CRI": 2.36792516057856e-06, "GTM": 3.2128109314660773e-06}, "Mangoes; mangosteens; guavas": {"LCA": 8.738257394335691e-13}, "Avocados": {"LCA": 2.117556731013719e-12}, "Pineapples": {"LCA": 3.869852284821319e-13, "IDN": 1.9462547569841443e-08, "USA": 9.43661604584011e-08, "PHL": 3.935111240538253e-07, "THA": 5.215160116807579e-07, "BLZ": 6.547871072395738e-07, "CRI": 1.1302200490769712e-05}, "Fruit; tropical fresh nes": {"LCA": 2.246840212927672e-11}, "Fruit; fresh nes": {"BRB": 0.0, "LCA": 1.4576829815554897e-11, "CHN": 1.0429687155843456e-05, "MEX": 1.304450715953378e-05, "CRI": 0.0001200672722119}, "Coffee; green": {"UGA": 1.0275234216470843e-06, "IND": 1.680253740260818e-06, "IDN": 2.2525223279967344e-06, "VNM": 3.43257996859714e-06, "HND": 4.0561781592280495e-06, "PER": 4.307650931153489e-06, "NIC": 4.399188155147818e-06, "GTM": 1.1892478879962203e-05, "CRI": 1.7950763438172573e-05, "BRA": 2.473726626280776e-05, "MEX": 2.903877421023245e-05, "JAM": 0.0001209407629339, "COL": 0.0001747591576201}, "Cocoa; beans": {"LCA": 0.0, "IDN": 7.765620051267444e-07, "GHA": 3.855213694143648e-06, "CIV": 1.2102950766823177e-05, "ECU": 1.392516651259258e-05, "JAM": 1.787076882221079e-05, "COL": 4.806798420946138e-05}, "Tea": {"MWI": 1.5932513620116852e-07, "IDN": 5.053144673453124e-07, "VNM": 5.844180476167516e-07, "IND": 9.233693883620792e-07, "ARG": 1.0048185297521573e-06, "KEN": 3.327997288201321e-06, "CHN": 3.499375381294748e-06, "LKA": 2.2518281009927147e-05}, "Pepper (piper spp.)": {"LCA": 3.756905519375799e-12}, "Cinnamon (cannella)": {"CHN": 5.1660767491180445e-09, "LKA": 2.869322253513129e-07, "VNM": 3.236264718050196e-07, "IDN": 5.209316003763384e-07}, "Nutmeg; mace and cardamoms": {"LCA": 5.7860231031359736e-12}, "Anise; badian; fennel; coriander": {"CAN": 3.9129872240939135e-09, "NLD": 5.110588158730477e-09, "LTU": 5.670924839540295e-09, "EGY": 7.1248799615709605e-09, "ROU": 7.871710958623105e-09, "RUS": 8.398767182575923e-09, "TUR": 2.8908429905051125e-08, "BGR": 3.9621848607666274e-08, "UKR": 4.753611670621911e-08, "CHN": 2.9595548769040385e-07, "IND": 3.7022953842931147e-07, "SYR": 8.106690488067372e-07, "MAR": 9.526012718661864e-07},