{"Wheat": {"GBR": 6.822261458521476e-07, "DEU": 6.911324946302469e-07, "FRA": 2.444630147946396e-06, "CAN": 5.744994228016654e-06, "USA": 0.000213632590711}, "Barley": {"GBR": 4.662704808884488e-08, "DEU": 1.503567695163511e-07, "BEL": 2.0770544026649957e-07, "FRA": 4.867594847276589e-06}, "Maize": {"FRA": 5.984730762273275e-07, "USA": 3.713096612298778e-06, "BLZ": 5.5046472275998055e-05}, "Oats": {"USA": 1.2025575295706717e-07, "GBR": 1.2129291125487978e-07, "CAN": 6.894849739913063e-07}, "Potatoes": {"DEU": 4.9382002777298113e-08, "NLD": 9.2251434850305e-08, "BEL": 1.3949412222343285e-07, "FRA": 1.417442366784459e-07, "CAN": 4.348397135946249e-07, "USA": 1.3235754326566552e-06}, "Sweet potatoes": {"LCA": 0.0}, "Cassava": {"LCA": 2.524597291336744e-05}, "Yautia (cocoyam)": {"LCA": 6.546240272407231e-13}, "Taro (cocoyam)": {"LCA": 1.0311881242984017e-12}, "Yams": {"LCA": 1.5099341288244938e-12}, "Roots and tubers nes": {"LCA": 9.453651739027597e-06}, "Beans; dry": {"CAN": 8.91906224065496e-08, "CHN": 3.651455048555191e-07, "USA": 9.230183178155385e-06}, "Peas; dry": {"CAN": 7.95950015893418e-08, "USA": 2.1055177546150944e-06}, "Lentils": {"CAN": 7.022148106806612e-07, "USA": 4.080204469591467e-05}, "Pulses nes": {"LCA": 1.3884223867002698e-12}, "Cashew nuts; with shell": {"MOZ": 1.1969348639258349e-08, "GNB": 5.157017610845165e-08, "BEN": 6.537291688842166e-08, "GHA": 1.9109923202945785e-07, "IND": 2.30360714142062e-07, "IDN": 2.411472794335938e-07, "TZA": 4.506104797930253e-07, "BRA": 4.863316802518756e-07, "CIV": 7.754880254356583e-07, "VNM": 2.5818089287263326e-06}, "Almonds; with shell": {"USA": 1.0733352429222909e-07}, "Pistachios": {"USA": 4.087120406311709e-08}, "Nuts nes": {"ISR": 1.0983908348380892e-09, "TUR": 1.2101929784705137e-07, "CHN": 2.3423923662625666e-07, "ZAF": 2.867912816397726e-07, "IDN": 1.965184477504058e-06, "THA": 2.214409437703246e-06, "MEX": 5.8714884159839554e-06, "USA": 5.966616770953427e-06}, "Soybeans": {"ARG": 4.55983414967618e-09, "BRA": 4.5516862807075815e-08, "USA": 1.1478513583373776e-07}, "Groundnuts; with shell": {"SEN": 4.62521061595852e-07, "ARG": 6.711215607246847e-07, "NIC": 2.093638589649164e-06, "USA": 6.719525128427262e-06}, "Coconuts": {"LCA": 2.3027852568807958e-11}, "Olives": {"EGY": 4.6541001518560935e-09, "GRC": 3.0433923252445025e-07, "ARG": 3.221926780647923e-07, "MAR": 3.872289478272777e-07, "TUR": 4.436156855395159e-07, "ITA": 1.0070228898500644e-06, "TUN": 1.233077552850214e-06, "ESP": 1.2381534483199747e-06, "USA": 0.0}, "Rapeseed": {"USA": 4.286479174852716e-08, "CAN": 4.6907494617424096e-08}, "Mustard seed": {"USA": 1.9185939405495817e-07, "CAN": 4.485670643618513e-07}, "Cabbages and other brassicas": {"USA": 2.554101087616024e-07, "MEX": 3.930429607893925e-07, "LCA": 0.0}, "Artichokes": {"EGY": 2.333254778710317e-12, "MEX": 4.584506525670493e-11, "USA": 5.213894463696704e-10}, "Lettuce and chicory": {"USA": 6.278959720297015e-08, "LCA": 0.0}, "Spinach": {"ESP": 1.1896880896932606e-10, "USA": 3.512058172558609e-09}, "Tomatoes": {"ITA": 2.537744788532759e-08, "MEX": 1.295003509208711e-07, "USA": 1.467134772294799e-07, "LCA": 0.0}, "Cauliflowers and broccoli": {"USA": 5.771681601940171e-07}, "Pumpkins; squash and gourds": {"LCA": 0.0}, "Cucumbers and gherkins": {"LCA": 0.0}, "Onions; dry": {"FRA": 1.2976119811769546e-08, "EGY": 1.3477625668967785e-08, "USA": 5.4959404661213816e-08, "NLD": 1.964921527197128e-07}, "Garlic": {"USA": 1.562829355095342e-07, "CHN": 1.207223023749021e-06}, "Beans; green": {"USA": 7.047217033186832e-08, "GTM": 9.64018837357156e-08, "MEX": 1.018449304119815e-07}, "Peas; green": {"GBR": 2.3847230250626137e-10, "MEX": 2.229571248357322e-09, "USA": 1.1028033577923266e-08, "GTM": 4.588491096116531e-08}, "Carrots and turnips": {"CAN": 6.335116825058121e-09, "MEX": 5.080283592096076e-07, "USA": 1.2662363029475792e-06, "LCA": 0.0}, "Maize; green": {"USA": 7.177810006361776e-07}, "Mushrooms and truffles": {"NLD": 3.8938920815153455e-12, "CAN": 1.4564770906243564e-10, "CHN": 2.6507320792965224e-09, "USA": 1.7719032700086745e-08}, "Vegetables; fresh nes": {"USA": 3.139383841321113e-07, "IND": 5.677323292709702e-07, "PER": 1.944761895913424e-06, "CHN": 3.206497153645244e-06, "MEX": 1.4489461575712908e-05, "LCA": 0.0}, "Plantains and others": {"LCA": 0.0}, "Oranges": {"LCA": 1.998142597913272e-12, "BRA": 7.590257155216733e-07, "USA": 2.506503578234755e-06, "JAM": 1.3727211314043154e-05, "BLZ": 1.916926856389332e-05}, "Lemons and limes": {"LCA": 1.0135378755703458e-12}, "Grapefruit (inc. pomelos)": {"LCA": 8.594290060812226e-13, "BLZ": 3.1632342530397226e-06}, "Apples": {"DEU": 1.6955952744426722e-08, "CAN": 1.7220492098397084e-08, "GBR": 2.9037005735475732e-08, "POL": 3.897160478568861e-08, "BEL": 6.28391354832268e-08, "FRA": 7.073022241921006e-08, "NZL": 7.21847435081753e-08, "ITA": 7.312225680910719e-08, "CHN": 6.510403053003115e-07, "CHL": 7.902181072194942e-07, "USA": 1.460836309526212e-06}, "Pears": {"ARG": 4.30325903962496e-08, "CHL": 4.501728355892949e-08, "USA": 1.9140688004759018e-07}, "Plums and sloes": {"FRA": 5.8800511322251965e-09, "GBR": 7.583075628246277e-09, "ITA": 2.0369314750732696e-08, "ARG": 4.873448653951952e-08, "ESP": 7.267597192865113e-08, "ZAF": 4.139221296575448e-07, "USA": 4.269451226593807e-07, "CHL": 5.910866067707955e-07}, "Grapes": {"DEU": 5.557375550523335e-08, "ZAF": 6.823886284795321e-07, "TUR": 7.006370050488941e-07, "ITA": 9.014279221020676e-07, "FRA": 1.0205941765785748e-06, "ESP": 1.0761565790785834e-06, "AUS": 1.1451587863683296e-06, "USA": 1.83548039331271e-06, "ARG": 8.68804091805896e-06, "CHL": 1.1861268317936172e-05}, "Watermelons": {"LCA": 6.40250359364156e-13}, "Melons; other (inc.cantaloupes)": {"MEX": 1.6043516184823433e-07, "USA": 2.795153493462962e-07, "HND": 4.1774248112085083e-07, "CRI": 1.0358183327622084e-06, "GTM": 1.964232646913881e-06}, "Mangoes; mangosteens; guavas": {"LCA": 7.840273753507679e-13}, "Avocados": {"LCA": 1.899946832705142e-12}, "Pineapples": {"LCA": 3.472168411782395e-13, "IDN": 1.5159521087679164e-08, "USA": 4.067150032850977e-08, "PHL": 3.53516290693194e-07, "BLZ": 4.807128127487291e-07, "THA": 4.953539495827787e-07, "CRI": 4.944001889837133e-06}, "Fruit; tropical fresh nes": {"LCA": 2.0159445476121323e-11}, "Fruit; fresh nes": {"BRB": 0.0, "LCA": 1.3078847538449247e-11, "CHN": 4.432393193955076e-06, "MEX": 6.222506729418882e-06, "CRI": 5.2521880248735583e-05}, "Coffee; green": {"UGA": 7.131963625296513e-07, "IND": 1.5640940469167592e-06, "NIC": 1.7555329249553032e-06, "IDN": 1.795585645805911e-06, "PER": 2.2694461737932e-06, "HND": 2.584533412952497e-06, "VNM": 3.2779800693192978e-06, "GTM": 7.534163032989173e-06, "CRI": 7.755875865933278e-06, "BRA": 9.460996381817811e-06, "MEX": 1.880580197502725e-05, "COL": 2.38887199333602e-05, "JAM": 6.376930409563879e-05}, "Cocoa; beans": {"LCA": 0.0, "IDN": 6.190320833462832e-07, "GHA": 2.2101421758564647e-06, "CIV": 5.622125760037237e-06, "ECU": 5.972646959666163e-06, "COL": 6.570657745081949e-06, "JAM": 9.422848540060743e-06}, "Tea": {"MWI": 1.1659006466567057e-07, "IDN": 4.028086172136794e-07, "VNM": 5.580964550757835e-07, "ARG": 7.852650502700471e-07, "IND": 8.595348005106152e-07, "CHN": 1.7349576302683362e-06, "KEN": 1.914581942728207e-06, "LKA": 1.91188466433184e-05}, "Pepper (piper spp.)": {"LCA": 3.370828576995641e-12}, "Cinnamon (cannella)": {"CHN": 1.864812634729949e-09, "LKA": 2.3712977960600522e-07, "VNM": 3.0738028336275945e-07, "IDN": 4.074215868232446e-07}, "Nutmeg; mace and cardamoms": {"LCA": 5.191424677203017e-12}, "Anise; badian; fennel; coriander": {"CAN": 3.279580109890073e-09, "NLD": 3.402471084016313e-09, "LTU": 4.924798945168087e-09, "RUS": 5.047146140762374e-09, "ROU": 5.078671189926068e-09, "EGY": 7.1248799615709605e-09, "TUR": 1.9311079824840253e-08, "BGR": 2.7770459179878786e-08, "UKR": 3.870650619484159e-08, "CHN": 1.068318493055586e-07, "IND": 3.446010351946268e-07, "MAR": 3.9596174181262e-07, "SYR": 5.524422639116588e-07},