{"Rice; paddy": {"URY": 4.01203153234171e-05}, "Barley": {"BEL": 1.1612926971886824e-06, "DNK": 1.1953934926501282e-06, "USA": 1.997636783046904e-05, "FRA": 5.268173269895419e-05, "ARG": 0.0002531965929593, "AUS": 0.0005085478176775, "URY": 0.0020278989095869}, "Maize": {"PRY": 0.0028574119016679, "URY": 0.0110983859347812}, "Rye": {"POL": 9.191275005749222e-09, "CAN": 1.707112050464991e-08, "USA": 3.334642442146623e-08, "DEU": 4.2985841970613616e-08, "ARG": 3.273346090628534e-07}, "Oats": {"BRA": 0.000335364084348, "URY": 0.0010043187801397}, "Potatoes": {"BEL": 2.152313949299747e-06, "DEU": 2.7002761759373502e-06, "NLD": 4.0017052554150574e-06, "FRA": 9.107429814547953e-06, "ARG": 0.0001562993743066, "URY": 0.0045962278253136}, "Sweet potatoes": {"BRA": 0.0001630652516168, "URY": 0.0090920840191196}, "Roots and tubers nes": {"MEX": 8.85009790512625e-13, "CRI": 1.919896830641869e-12, "PER": 2.349486931554237e-12, "NIC": 2.7876388750251597e-12, "THA": 3.4596212382605458e-12, "ECU": 7.953155953264011e-12, "CHN": 1.958920493137893e-11}, "Beans; dry": {"CHN": 4.708605026658279e-05, "BRA": 8.98043824146158e-05, "ARG": 0.0001253996800021, "PER": 0.0007343373712229, "URY": 0.0060078609377199}, "Broad beans; horse beans; dry": {"URY": 0.0004043379286539}, "Peas; dry": {"NZL": 6.130963436060464e-06, "URY": 0.0012801438314024}, "Chick peas": {"ARG": 0.0003672364271109}, "Lentils": {"CAN": 3.088808036473841e-05}, "Cashew nuts; with shell": {"BFA": 2.3326003292237602e-07, "GHA": 8.443469641227385e-06, "CIV": 1.0137161700302136e-05, "BRA": 0.0001480345008109}, "Almonds; with shell": {"USA": 3.630916298017013e-06, "CHL": 0.0001475344101915}, "Walnuts; with shell": {"IND": 2.3875238679006835e-06, "ARG": 3.558663863242612e-05, "CHL": 0.0002852347696449}, "Hazelnuts; with shell": {"TUR": 1.6394204496440306e-06, "CHL": 9.799767238644398e-06}, "Groundnuts; with shell": {"PRY": 7.55339156471573e-05, "ARG": 0.0001125590109276, "BRA": 0.0001710289221335, "URY": 0.0017986663783803}, "Coconuts": {"VNM": 1.2190187168239558e-05, "LKA": 2.4293398421768592e-05, "MYS": 4.52160226029769e-05, "IDN": 6.134276026765639e-05, "PHL": 0.000228108529885}, "Olives": {"ITA": 1.603036088431573e-05, "ESP": 7.70937255916174e-05, "URY": 0.0015221457702439, "ARG": 0.0021972685861312}, "Sunflower seed": {"BOL": 8.355122005854398e-05, "URY": 9.943354957202565e-05, "PRY": 0.000191062094479, "ARG": 0.0006731795582798}, "Sesame seed": {"NGA": 1.2934803177816029e-06, "IND": 1.1071197461959388e-05, "MEX": 5.22133685073576e-05, "PRY": 5.355588082265731e-05, "VEN": 0.000231184166846}, "Mustard seed": {"RUS": 2.3414622904714283e-07, "CZE": 1.052638369016511e-06, "DEU": 1.45273309132586e-06, "UKR": 2.814489131664155e-06, "USA": 5.749769861027526e-06, "FRA": 7.095762598110423e-06, "CAN": 7.323287407212747e-06}, "Cabbages and other brassicas": {"URY": 0.0003355882073495}, "Asparagus": {"PER": 3.511809834941589e-06}, "Lettuce and chicory": {"ESP": 1.7642309538647312e-08, "USA": 1.0805518839987525e-07, "ITA": 2.1831406829909706e-07}, "Tomatoes": {"ITA": 5.302178072622813e-06, "USA": 2.507520201249593e-05, "ARG": 3.25979239920307e-05, "URY": 0.0004174513066944, "CHL": 0.0007249795624976}, "Pumpkins; squash and gourds": {"URY": 0.0018205131588638}, "Chillies and peppers; green": {"URY": 0.0001948218029616}, "Onions; shallots; green": {"FRA": 1.924098038249174e-07, "NLD": 2.786577171728164e-07, "MAR": 6.115101630793436e-07, "ESP": 9.280728273756508e-07, "NZL": 4.1288575784292895e-06}, "Onions; dry": {"ARG": 9.126453923073949e-05, "URY": 0.0010340703087055}, "Garlic": {"CHN": 2.4210695771592105e-06, "ARG": 4.838833793618156e-06, "URY": 0.0001339958544285}, "Beans; green": {"URY": 0.0002801965227991}, "Carrots and turnips": {"ARG": 9.844128840812674e-06, "URY": 0.000911951790869}, "Maize; green": {"USA": 5.811222988629374e-07, "HUN": 9.653949358120457e-07, "CHN": 1.4272547165562425e-05, "CHL": 1.9292631689660325e-05, "FRA": 3.847435313261879e-05, "URY": 5.36129645474919e-05, "THA": 6.117569266638173e-05}, "Mushrooms and truffles": {"CHN": 1.90227204617208e-06}, "Vegetables; fresh nes": {"EGY": 9.479484466762578e-06, "IND": 2.06970426134133e-05, "ITA": 2.7208918364327413e-05, "MEX": 0.0002182499736883, "CHN": 0.000230266785757, "ARG": 0.000466872226236, "BRA": 0.0011682909645486, "URY": 0.0019426177752597}, "Bananas": {"BOL": 7.58702981491977e-05, "ECU": 0.0013484195536494, "BRA": 0.0030402374544098}, "Plantains and others": {"BOL": 6.163518663022432e-05}, "Oranges": {"URY": 0.0034929109902653}, "Tangerines; mandarins; clementines; satsumas": {"URY": 0.00267514559162}, "Lemons and limes": {"URY": 0.0009950193781481}, "Grapefruit (inc. pomelos)": {"ISR": 5.595851387508007e-08, "ARG": 2.6674929369346107e-06, "MEX": 3.642421576991818e-06, "URY": 5.9842708422172575e-05}, "Apples": {"ARG": 2.1587151911036496e-05, "URY": 0.0020534555503847}, "Pears": {"ARG": 2.177770756812525e-05, "URY": 0.0005774359604519}, "Quinces": {"URY": 0.0001740852919932}, "Apricots": {"TUR": 3.6621613388303553e-06}, "Cherries": {"CHL": 1.0791362475064836e-05}, "Peaches and nectarines": {"URY": 0.0013205367976282}, "Plums and sloes": {"CHL": 2.61438108609891e-05, "ARG": 7.08556040434335e-05, "URY": 0.0002100946934586}, "Grapes": {"ARG": 7.733973281989615e-05, "CHL": 0.0002790620337873, "URY": 0.0040531739737728}, "Watermelons": {"URY": 0.0006314424521248}, "Melons; other (inc.cantaloupes)": {"BRA": 8.84597273116085e-06, "URY": 0.0001151387087731}, "Figs": {"TUR": 1.6576746024097168e-06}, "Mangoes; mangosteens; guavas": {"ARG": 8.764505364951709e-07, "BRA": 9.06061755652577e-06}, "Avocados": {"BRA": 3.643700832501635e-06, "CHL": 0.0004878907782084}, "Pineapples": {"MEX": 1.3314060611324282e-06, "IDN": 1.9329158796741424e-06, "BRA": 1.1010282092182532e-05, "THA": 2.924857145330212e-05, "ECU": 0.0005434927352953}, "Dates": {"ISR": 8.227334695369568e-09, "ESP": 1.2271444237167436e-07, "TUN": 3.3528178037962696e-06}, "Kiwi fruit": {"ITA": 3.013523634984606e-06, "CHL": 0.0002205975659536}, "Papayas": {"BRA": 7.029459624916378e-06}, "Fruit; fresh nes": {"ESP": 6.038731449649831e-06, "MEX": 3.719700620318757e-05, "CHN": 6.765744975380202e-05, "PER": 0.0001120280792874, "BOL": 0.0002096116642346, "CRI": 0.0003973541384314, "CHL": 0.0004408363284359, "URY": 0.0006448727540804, "ECU": 0.0020595017964015}, "Coffee; green": {"VNM": 2.675237327441671e-05, "COL": 0.0007655616004275, "BRA": 0.0033508901491184}, "Cocoa; beans": {"CMR": 3.5746829530926086e-05, "NGA": 0.000360648618704, "IDN": 0.0003747051754148, "GHA": 0.0004084358016987, "CIV": 0.000532408261301, "ECU": 0.0010387880951988, "BRA": 0.009528066115913}, "Tea": {"VNM": 3.197984167399868e-06, "IND": 3.951356624852484e-06, "KEN": 1.0339818441757148e-05, "CHN": 2.937155251103953e-05, "ARG": 3.720418913957009e-05, "ECU": 4.651754586035308e-05, "LKA": 0.0008277333315754}, "Mat\u00e9": {"BRA": 0.0089218796613729}, "Pepper (piper spp.)": {"VNM": 1.950663005696161e-06, "IDN": 2.4573582014560783e-05, "BRA": 4.3598966070683565e-05, "ECU": 0.0001058428633063}, "Chillies and peppers; dry": {"IND": 3.9561778105036573e-07, "CHN": 6.0577463697639e-06, "ARG": 1.225783014827571e-05, "PER": 3.096580318303133e-05}, "Cinnamon (cannella)": {"CHN": 4.593226336971359e-07, "VNM": 4.308575393724899e-06, "IDN": 1.983734424279327e-05}, "Cloves": {"COM": 0.0, "IDN": 2.496653141399595e-06, "MDG": 0.0002236524007155}, "Nutmeg; mace and cardamoms": {"MYS": 1.0774168819398525e-07, "NPL": 8.439184316055987e-07, "IND": 1.9328342922592194e-06, "IDN": 2.6443837266033808e-05, "GTM": 4.17311413398651e-05}, "Anise; badian; fennel; coriander": {"EGY": 4.037599111501557e-07, "SYR": 2.5201345841804785e-06, "IND": 2.8254794452297507e-06, "ARG": 9.501033772356638e-06}, "Ginger": {"THA": 2.6808933984277364e-07, "IND": 2.806996090342999e-07, "CHN": 9.140410028899526e-06}, "Spices nes": {"IDN": 1.5024266914422374e-08, "TUR": 7.073326082355308e-08, "CHN": 7.751257203018539e-08, "ESP": 1.723423083574393e-07, "ARG": 2.222818635173579e-07,