{"Rice; paddy": {"URY": 6.057791890003143e-06}, "Barley": {"BEL": 7.277835609644222e-07, "DNK": 1.1336381758802834e-06, "USA": 6.424057526416007e-06, "FRA": 1.80348231974094e-05, "ARG": 0.0001352863048965, "AUS": 0.0002892488064546, "URY": 0.0005361626868719}, "Maize": {"PRY": 0.0009859305600957, "URY": 0.0024204764582906}, "Rye": {"POL": 2.323091719068066e-08, "CAN": 4.3147200638386935e-08, "USA": 8.42829774819937e-08, "DEU": 1.086465734695542e-07, "ARG": 8.273371422383107e-07}, "Oats": {"BRA": 7.122682732255493e-05, "URY": 0.000225421321328}, "Potatoes": {"BEL": 1.410225879586584e-06, "FRA": 1.5054254904674497e-06, "DEU": 1.9901815965460806e-06, "NLD": 2.4906442334333604e-06, "ARG": 7.302879286996358e-05, "URY": 0.0010531971879361}, "Sweet potatoes": {"BRA": 6.029214651638645e-05, "URY": 0.0020833948371048}, "Roots and tubers nes": {"MEX": 2.2368593196787417e-12, "CRI": 4.852532892269378e-12, "PER": 5.9383204521007325e-12, "NIC": 7.045748040693386e-12, "THA": 8.744181242197474e-12, "ECU": 2.0101575378745247e-11, "CHN": 4.951165070215869e-11}, "Beans; dry": {"CHN": 2.282123870617428e-05, "BRA": 3.2044175556251096e-05, "ARG": 6.531108671822249e-05, "PER": 0.0003051395429742, "URY": 0.0013653073503776}, "Broad beans; horse beans; dry": {"URY": 9.188720440610632e-05}, "Peas; dry": {"NZL": 1.363215971803971e-06, "URY": 0.0002909171501592}, "Chick peas": {"ARG": 0.0001912653217035}, "Lentils": {"CAN": 2.654743155692557e-05}, "Cashew nuts; with shell": {"BFA": 1.1914697444664998e-07, "CIV": 4.257487926429903e-06, "GHA": 4.473377867972041e-06, "BRA": 5.632311898068414e-05}, "Almonds; with shell": {"USA": 1.5649128108024391e-06, "CHL": 4.481414576011809e-05}, "Walnuts; with shell": {"IND": 2.2148568907040253e-06, "ARG": 1.783495693928973e-05, "CHL": 8.664116070363813e-05}, "Hazelnuts; with shell": {"TUR": 1.2175784326062845e-06, "CHL": 2.9767170714799733e-06}, "Groundnuts; with shell": {"PRY": 2.521483722368641e-05, "BRA": 7.463476392051443e-05, "ARG": 7.683024431075108e-05, "URY": 0.0002264086116773}, "Coconuts": {"VNM": 1.1519441971082897e-05, "LKA": 1.9928812393948133e-05, "MYS": 4.256838680997223e-05, "IDN": 4.7780326009066266e-05, "PHL": 0.0002049245280024}, "Olives": {"ITA": 1.1183614389680308e-05, "ESP": 5.270362383917589e-05, "URY": 0.000331225108198, "ARG": 0.0003516025744246}, "Sunflower seed": {"URY": 2.4070103028604475e-05, "BOL": 4.104377924128261e-05, "PRY": 6.37810557863061e-05, "ARG": 0.0003798309264363}, "Sesame seed": {"NGA": 7.685536066389389e-07, "IND": 1.0304812853185569e-05, "PRY": 1.915202296246388e-05, "MEX": 3.360950066357101e-05, "VEN": 0.0001066715110762}, "Mustard seed": {"RUS": 1.407075836988373e-07, "CZE": 8.048672722635911e-07, "DEU": 1.0664973094664796e-06, "FRA": 1.3806334595511113e-06, "UKR": 2.291710988580196e-06, "USA": 2.9558945079112063e-06, "CAN": 6.13784465531057e-06}, "Cabbages and other brassicas": {"URY": 7.086151609574598e-05}, "Asparagus": {"PER": 1.3181279192156206e-06}, "Lettuce and chicory": {"ESP": 1.0711060169048824e-08, "USA": 4.388469617831132e-08, "ITA": 1.636813068420524e-07}, "Tomatoes": {"ITA": 3.975316125056913e-06, "USA": 1.0183848070820034e-05, "ARG": 1.648581306716692e-05, "URY": 8.814741352847323e-05, "CHL": 0.0002721820043252}, "Pumpkins; squash and gourds": {"URY": 0.0003844125618365}, "Chillies and peppers; green": {"URY": 4.113782315356633e-05}, "Onions; shallots; green": {"FRA": 3.174821875075155e-08, "NLD": 1.708828172400706e-07, "MAR": 2.722389456042015e-07, "ESP": 5.634547944816322e-07, "NZL": 1.169609203173266e-06}, "Onions; dry": {"ARG": 4.615539731263007e-05, "URY": 0.0002183503121376}, "Garlic": {"CHN": 1.332157660023135e-06, "ARG": 2.447153058096005e-06, "URY": 2.829404963405293e-05}, "Beans; green": {"URY": 5.916522087329428e-05}, "Carrots and turnips": {"ARG": 4.978490897715431e-06, "URY": 0.0001925642352501}, "Maize; green": {"USA": 3.69362824029041e-07, "HUN": 8.725581864126275e-07, "FRA": 5.249610413571171e-06, "CHL": 5.672902648988545e-06, "CHN": 7.399321756429149e-06, "URY": 1.1692593797778632e-05, "THA": 5.736432147364522e-05}, "Mushrooms and truffles": {"CHN": 1.0466970060106512e-06}, "Vegetables; fresh nes": {"EGY": 9.479484466762578e-06, "IND": 1.944922847978387e-05, "ITA": 2.0399928187542508e-05, "MEX": 0.0001128809670295, "CHN": 0.0001267008868266, "ARG": 0.0002361122214366, "URY": 0.0004101957033492, "BRA": 0.0004325377848959}, "Bananas": {"BOL": 1.490654290532386e-05, "ECU": 0.0007257700849851, "BRA": 0.0012239401261113}, "Plantains and others": {"BOL": 1.2109713239485909e-05}, "Oranges": {"URY": 0.0007525989772968}, "Tangerines; mandarins; clementines; satsumas": {"URY": 0.0005763994106877}, "Lemons and limes": {"URY": 0.0002143915400283}, "Grapefruit (inc. pomelos)": {"ISR": 5.074077885565165e-08, "ARG": 1.3368675293411628e-06, "MEX": 1.7375123871695728e-06, "URY": 1.289399050898281e-05}, "Apples": {"ARG": 1.0818833685079466e-05, "URY": 0.0004424471598192}, "Pears": {"ARG": 1.0914334470467476e-05, "URY": 0.0001244170591525}, "Quinces": {"URY": 3.7509233153006073e-05}, "Apricots": {"TUR": 2.719844481537715e-06}, "Cherries": {"CHL": 3.277917946599865e-06}, "Peaches and nectarines": {"URY": 0.000284529049308}, "Plums and sloes": {"CHL": 7.941283319114323e-06, "ARG": 3.551070557899013e-05, "URY": 4.52679876106576e-05}, "Grapes": {"ARG": 3.876035662671924e-05, "CHL": 8.476616839439105e-05, "URY": 0.0008733158663273}, "Watermelons": {"URY": 0.0001360535510396}, "Melons; other (inc.cantaloupes)": {"BRA": 3.3656530870002816e-06, "URY": 2.4808325981246245e-05}, "Figs": {"TUR": 1.2311355788025674e-06}, "Mangoes; mangosteens; guavas": {"ARG": 4.3925074630582164e-07, "BRA": 3.447319630754512e-06}, "Avocados": {"BRA": 1.3863295001820903e-06, "CHL": 0.0001481987044328}, "Pineapples": {"MEX": 6.351089446051346e-07, "IDN": 1.5055623593714766e-06, "BRA": 4.189114192242726e-06, "THA": 2.7781305011812896e-05, "ECU": 0.0001592295229273}, "Dates": {"ISR": 7.46019401589371e-09, "ESP": 8.047820110307908e-08, "TUN": 2.704866139112348e-06}, "Kiwi fruit": {"ITA": 2.273245286186739e-06, "CHL": 6.70073609413747e-05}, "Papayas": {"BRA": 2.6745190388393764e-06}, "Fruit; fresh nes": {"ESP": 3.9603019385482345e-06, "MEX": 1.77437613075635e-05, "BOL": 2.1235352604607488e-05, "CHN": 2.875296404658629e-05, "PER": 4.810742156414816e-05, "CHL": 0.0001339057339452, "URY": 0.0001389473068624, "CRI": 0.0001738174449253, "ECU": 0.00060338154903}, "Coffee; green": {"VNM": 2.5547473679504032e-05, "COL": 0.0001046485169269, "BRA": 0.0012815789440866}, "Cocoa; beans": {"CMR": 2.8000081258488205e-05, "NGA": 0.0002023770355928, "GHA": 0.0002341507535199, "CIV": 0.0002473170599786, "IDN": 0.000298694146567, "ECU": 0.0004455468846936, "BRA": 0.0036440970514153}, "Tea": {"VNM": 3.053950223633012e-06, "IND": 3.678190517354557e-06, "KEN": 5.948451265227952e-06, "CHN": 1.4562141407933449e-05, "ECU": 1.9951853258108177e-05, "ARG": 2.9075050459257444e-05, "LKA": 0.0007027759632708}, "Mat\u00e9": {"BRA": 0.0034122554326939}, "Pepper (piper spp.)": {"VNM": 1.852738881624572e-06, "BRA": 1.584949602981508e-05, "IDN": 1.9219044824830432e-05, "ECU": 2.876538446210384e-05}, "Chillies and peppers; dry": {"IND": 3.717661869878483e-07, "CHN": 3.333185177778821e-06, "ARG": 6.199176870372464e-06, "PER": 1.1622750557382734e-05}, "Cinnamon (cannella)": {"CHN": 1.658029278953484e-07, "VNM": 4.092283050970218e-06, "IDN": 1.5514824333787714e-05}, "Cloves": {"COM": 0.0, "IDN": 1.9526371290998843e-06, "MDG": 4.7815218545402656e-05}, "Nutmeg; mace and cardamoms": {"MYS": 1.01513776954424e-07, "NPL": 5.38630339632818e-07, "IND": 1.799037161642823e-06, "IDN": 2.0681774983202785e-05, "GTM": 2.5512797111635303e-05}, "Anise; badian; fennel; coriander": {"EGY": 4.037599111501557e-07, "SYR": 1.7173825213828242e-06, "IND": 2.6298904886899374e-06, "ARG": 4.329060200898133e-06}, "Ginger": {"THA": 2.5605716736031736e-07, "IND": 2.6126866122654184e-07, "CHN": 3.2994384203475352e-06}, "Spices nes": {"IDN": 1.1750507480651531e-08,