{"Wheat": {"POL": 1.0404754327923876e-05, "CZE": 1.4787804377242823e-05, "FRA": 4.77917090512213e-05, "ESP": 5.027849398585275e-05, "DEU": 0.0001986856894162}, "Barley": {"DNK": 9.153373097750792e-08, "NLD": 1.0970630955834697e-07, "DEU": 8.79652757733552e-07, "FRA": 4.7467498497108e-06, "SWE": 4.818062644371922e-06, "ETH": 5.321326194783939e-05}, "Maize": {"SSD": 0.0253277913043164}, "Millet": {"SSD": 0.0009826864351548}, "Sorghum": {"SSD": 0.0282815924123703}, "Potatoes": {"NLD": 3.974941894847088e-08, "DEU": 6.629954737674235e-08, "BEL": 5.731925459609424e-07, "FRA": 8.249682954929396e-07}, "Cassava": {"SSD": 0.0029191886964112}, "Yams": {"SSD": 0.0009721203194841}, "Beans; dry": {"SSD": 0.000275729454123}, "Broad beans; horse beans; dry": {"GBR": 3.0598312868083787e-06}, "Pulses nes": {"SSD": 0.0013776769164293}, "Groundnuts; with shell": {"SSD": 0.0110044251920371}, "Olives": {"ESP": 5.529509099691708e-06}, "Sunflower seed": {"SSD": 0.0035190924510334}, "Sesame seed": {"SSD": 0.0070342040793864}, "Melonseed": {"SSD": 0.0006615185801202}, "Oilseeds nes": {"SSD": 0.0003160547676027}, "Pumpkins; squash and gourds": {"SSD": 0.0001363655897526}, "Beans; green": {"SSD": 7.93603455586287e-06}, "Vegetables; fresh nes": {"SSD": 0.0017550897233246}, "Tangerines; mandarins; clementines; satsumas": {"SSD": 5.33776010468118e-05}, "Grapes": {"ESP": 0.0001379639802595}, "Melons; other (inc.cantaloupes)": {"SSD": 6.693848986397278e-05}, "Pineapples": {"SSD": 3.223569076459233e-05}, "Fruit; tropical fresh nes": {"SSD": 0.0003157106825997}, "Fruit; fresh nes": {"SSD": 0.0019690473633347}, "Coffee; green": {"ETH": 0.0017511867877144}, "Chillies and peppers; dry": {"SSD": 0.0001344684757623}, "Ginger": {"ETH": 7.861796725617276e-05}, "Milk; whole fresh cow": {"RUS": 9.076471596122628e-10, "BLR": 1.3001404617468407e-10, "THA": 1.1896402626681745e-13, "MKD": 3.4345864951174876e-11, "DEU": 0.0007100090018831958, "IND": 1.5609499120403186e-09, "SRB": 5.678545504611093e-11, "HUN": 2.168899996841123e-09, "POL": 4.269675150181638e-08, "BGR": 4.177941654119275e-10, "USA": 0.0005403243576931814, "NLD": 2.5723344047673235e-05, "ROU": 2.0336488598373758e-10, "ARG": 0.0009944190937878753, "UKR": 0.00017066120847932596, "GBR": 1.0566851302815796e-08, "FRA": 0.002327066612894933, "CHN": 7.148223993034063e-11, "IDN": 0.00036012153247740427, "SWE": 6.205374874014801e-10, "DNK": 2.7439447176210193e-09, "TUR": 5.383512603847341e-10, "ITA": 2.7607325063804336e-08, "HRV": 8.988625939346572e-11, "MYS": 1.1591630737865718e-08, "EST": 5.139122752537185e-10, "PRT": 1.076015468662982e-09, "TUN": 2.8706170547198418e-11, "SVN": 2.746270302531956e-10, "CAN": 2.491114832043386e-10, "AUT": 5.999857779091101e-09, "GRC": 1.014954057890112e-09, "CZE": 5.2816032457873534e-09, "DZA": 1.0467845963164524e-10, "SVK": 7.337913777688638e-10, "BRA": 0.020461170363228302, "PHL": 1.847687415521623e-11, "LVA": 4.929692165380787e-10, "ISR": 2.7652067770777177e-11, "FIN": 2.692292670253632e-10, "PRY": 1.4840719201662292e-08, "LTU": 2.949785023711104e-09, "BEL": 7.712249378985771e-10, "CHE": 6.882804202388231e-10, "AUS": 2.7888349177902957e-07, "MDA": 1.4304319561104043e-10, "URY": 4.736006440130706e-11, "LUX": 2.9805954597387013e-10, "BEN": 2.01761726867316e-09, "PER": 6.453976070620944e-11, "CYP": 7.715755911642367e-11, "ESP": 5.1532103800783086e-08, "IRL": 2.704919909938629e-09, "NOR": 2.7441789515189774e-09, "GHA": 1.0782239554406883e-09, "ZAF": 6.342178014649708e-09, "NZL": 1.6505305138394416e-08, "SSD": 0.0100496053649532, "ISL": 0.0}, "Meat; chicken": {"SSD": 0.0, "RUS": 3.721832578180118e-10, "SWE": 9.655265394051699e-11, "SVN": 1.7611524088993405e-10, "DNK": 2.1799558873703107e-10, "HUN": 2.605616336917264e-08, "DEU": 4.847971158903266e-08, "SVK": 5.7954358152806625e-11, "THA": 1.0746235856807142e-07, "ROU": 9.5155356464432e-10, "IRL": 7.089440484002003e-11, "POL": 3.49786479680174e-08, "SRB": 3.8944116445906755e-11, "ARG": 8.035382489321941e-08, "CZE": 2.9841453978551813e-10, "HRV": 2.014858053846422e-11, "CAN": 2.149338449691528e-09, "ITA": 1.0186748473003905e-08, "GBR": 1.1856444807740323e-08, "USA": 2.4192304922829717e-07, "FRA": 8.475934616824463e-08, "UKR": 0.0011987981867271455, "AUT": 9.47147236190619e-10, "BEL": 3.586728489638514e-10, "NLD": 3.008383288363292e-10, "IDN": 5.688935052755768e-09, "CHN": 4.358519721560516e-09, "BGR": 8.200474528621388e-11, "ESP": 3.2878272747340285e-09, "CHL": 1.3590432554537284e-08, "BOL": 1.4896109008958476e-10, "BRA": 2.1430410235643174e-06, "PRT": 1.100529582269672e-09, "IND": 5.593527951300918e-09, "PRY": 1.9350333622699684e-08, "MYS": 3.426958070101097e-09, "LAO": 6.268221329724556e-09, "AUS": 4.3766499473858705e-08}}