{"Wheat": {"POL": 8.14799856234425e-06, "CZE": 1.1325659604043508e-05, "FRA": 1.3063443036184264e-05, "ESP": 3.409081736187836e-05, "DEU": 0.0001448603356192}, "Barley": {"NLD": 6.815806064117187e-08, "DNK": 8.680499973846627e-08, "DEU": 6.406544813320545e-07, "FRA": 1.6249806131293656e-06, "SWE": 4.372897263874543e-06, "ETH": 3.805403863384208e-05}, "Maize": {"SSD": 0.0175115686319808}, "Millet": {"SSD": 0.0005015634604832}, "Sorghum": {"SSD": 0.0166981109785592}, "Potatoes": {"NLD": 2.4739868322977553e-08, "DEU": 4.886468288849168e-08, "FRA": 1.363643010324091e-07, "BEL": 3.755636869626912e-07}, "Cassava": {"SSD": 0.007378239779343}, "Yams": {"SSD": 0.0006241744352118}, "Beans; dry": {"SSD": 0.0001113286599056}, "Broad beans; horse beans; dry": {"GBR": 1.846291974146482e-06}, "Pulses nes": {"SSD": 0.000556251508845}, "Groundnuts; with shell": {"SSD": 0.0030242399411302}, "Olives": {"ESP": 3.780141190078111e-06}, "Sunflower seed": {"SSD": 0.0008900340014177}, "Sesame seed": {"SSD": 0.0025244394678514}, "Melonseed": {"SSD": 0.0002374061931564}, "Oilseeds nes": {"SSD": 0.0001134259285534}, "Pumpkins; squash and gourds": {"SSD": 4.411215860465181e-05}, "Beans; green": {"SSD": 2.5671844022772217e-06}, "Vegetables; fresh nes": {"SSD": 0.0005677443729106}, "Tangerines; mandarins; clementines; satsumas": {"SSD": 2.189433484778655e-05}, "Grapes": {"ESP": 9.047910526033436e-05}, "Melons; other (inc.cantaloupes)": {"SSD": 2.745671747221625e-05}, "Pineapples": {"SSD": 1.3222381557213884e-05}, "Fruit; tropical fresh nes": {"SSD": 0.0001294976781328}, "Fruit; fresh nes": {"SSD": 0.0008076605440959}, "Coffee; green": {"ETH": 0.0010175505096763}, "Chillies and peppers; dry": {"SSD": 4.349847157862383e-05}, "Ginger": {"ETH": 5.391818577926576e-05}, "Milk; whole fresh cow": {"RUS": 6.568531666304478e-10, "BLR": 9.196467034495567e-11, "MKD": 1.1356147569782951e-11, "DEU": 0.0006181273819556353, "FRA": 0.0005140869046529688, "SRB": 4.7678352199676685e-11, "GBR": 4.34768367398484e-09, "BGR": 2.9350344309299927e-10, "THA": 3.006811830943707e-13, "USA": 0.0003617845374957829, "IND": 1.448779442265445e-09, "POL": 3.505751628757838e-08, "HUN": 1.9553050766537227e-09, "NLD": 1.703336751649033e-05, "ROU": 1.4995599988462605e-10, "ARG": 0.0006528509260829567, "UKR": 0.00013971603006350959, "CHN": 3.808786922647127e-11, "IDN": 0.0002831180827443878, "SWE": 5.624118281614273e-10, "TUR": 3.7389148780899083e-10, "HRV": 5.793147663128158e-11, "ITA": 2.2923844552661672e-08, "DNK": 3.169665761428595e-09, "PRT": 6.218914200942568e-10, "EST": 3.4774583600875655e-10, "MYS": 1.0867133440691698e-08, "TUN": 2.2228879170774788e-11, "BRA": 0.007468418995036077, "GRC": 4.887329524228763e-10, "AUT": 4.822883679987383e-09, "CAN": 2.1750972670099244e-10, "DZA": 6.619937135080882e-11, "CZE": 4.051496281397014e-09, "URY": 1.0146897506591026e-11, "PRY": 5.667596177183659e-09, "SVN": 1.2794544125365326e-10, "PHL": 1.6598961543113937e-11, "LVA": 4.259181670733189e-10, "CHE": 2.802803772665534e-10, "SVK": 5.879867833968285e-10, "LUX": 1.3493669569214442e-10, "ISR": 2.309418057308929e-11, "PER": 2.4224449638448283e-11, "AUS": 1.5603420766235898e-07, "BEL": 5.12081082011208e-10, "LTU": 2.7542208584919576e-09, "FIN": 2.676070637377515e-10, "NOR": 1.1575125931300678e-10, "MDA": 1.214871551879136e-10, "IRL": 6.071957187454203e-10, "BEN": 1.536026016006768e-09, "CYP": 7.586175488358792e-11, "ESP": 3.4828789886478996e-08, "GHA": 5.71246582735922e-10, "NZL": 3.5094360567223424e-09, "ZAF": 2.4523937027639392e-09, "SSD": 0.0100496053649532, "ISL": 0.0}, "Meat; chicken": {"SSD": 0.0, "RUS": 3.088998792344245e-10, "IRL": 1.5933888691476624e-11, "SWE": 8.752154199886624e-11, "DNK": 2.504454195721522e-10, "HUN": 2.3450110484961945e-08, "DEU": 4.3213622077836224e-08, "SVK": 4.463120713924607e-11, "ROU": 6.989623297170762e-10, "SVN": 8.11252943961053e-11, "POL": 2.878459431565679e-08, "FRA": 1.957030860937086e-08, "ARG": 5.242233911174635e-08, "HRV": 1.2965179489636324e-11, "SRB": 3.274661038545699e-11, "GBR": 4.872648844956405e-09, "CZE": 2.2879638904357203e-10, "THA": 1.0164829983773007e-07, "USA": 1.5546314294785804e-07, "CAN": 1.897656294512546e-09, "ITA": 8.458175093664675e-09, "UKR": 0.0009756289664937347, "BEL": 2.3835592265987155e-10, "NLD": 1.9919458495923146e-10, "CHL": 3.793107859793071e-09, "CHN": 2.325979888273637e-09, "IDN": 4.472491200613887e-09, "BGR": 5.8034774824773816e-11, "ESP": 2.2310773111290436e-09, "AUT": 6.682162503829534e-10, "BOL": 1.0341534864556131e-10, "BRA": 7.629639829743741e-07, "PRT": 6.36059008896707e-10, "PRY": 7.30701928851718e-09, "IND": 5.2023357635916656e-09, "MYS": 3.212767166727472e-09, "LAO": 4.889263082137713e-09, "AUS": 2.7239782937425118e-08}}