{"Wheat": {"AUS": 0.0050171802783714}, "Barley": {"AUS": 0.0003041178814841}, "Maize": {"USA": 1.093227950854953e-06, "IDN": 1.3416188419854164e-06, "AUS": 2.537325415917733e-05}, "Oats": {"AUS": 2.511060448865758e-08}, "Potatoes": {"NZL": 1.4223446439558502e-06, "AUS": 2.191781989350892e-06}, "Sweet potatoes": {"SLB": 0.0003046776237768}, "Cassava": {"SLB": 9.635639296645444e-06}, "Taro (cocoyam)": {"SLB": 0.0001269970479707}, "Yams": {"SLB": 0.0001989389928344}, "Roots and tubers nes": {"THA": 3.695882496633157e-13, "CHN": 9.09943957099872e-13, "FRA": 3.698312054331568e-12, "FJI": 1.0419573928302975e-10}, "Beans; dry": {"CAN": 3.081961252495886e-09, "USA": 4.9631627506528754e-08, "MMR": 5.7999854594509096e-08, "AUS": 6.444964805766992e-06}, "Peas; dry": {"CAN": 7.878164280426119e-11, "USA": 5.722558281478406e-10, "AUS": 7.022411082762821e-09}, "Pulses nes": {"SLB": 0.000240517148322}, "Almonds; with shell": {"USA": 8.831574051434361e-09, "AUS": 4.823617576356223e-08}, "Nuts nes": {"SLB": 1.2961367360221372e-05}, "Soybeans": {"CAN": 5.490595471990573e-07, "USA": 4.528752298337204e-06, "PRY": 1.4254505744254272e-05, "BRA": 1.4446188903102616e-05, "ARG": 4.194572428249607e-05}, "Coconuts": {"SLB": 0.0006182648614953}, "Oil palm fruit": {"SLB": 2.4130032166399906e-05}, "Olives": {"TUR": 5.4385765388976603e-08, "TUN": 8.122010353249398e-08, "GRC": 1.230904265499626e-07, "ITA": 2.568007880030429e-07, "AUS": 5.443241931132747e-07, "ESP": 6.89576234479317e-07}, "Sunflower seed": {"UKR": 3.82333984531173e-10, "ARG": 5.055358789466642e-10, "MDA": 5.124291117213134e-10, "CHN": 2.7055842876684222e-09}, "Sesame seed": {"CHN": 1.1943358368720992e-08, "BFA": 1.211730317701168e-08, "NGA": 1.2484742624983473e-08, "PAK": 1.7717019449327697e-08, "SDN": 2.268762296189417e-08, "MMR": 3.85016209182693e-08, "TZA": 4.858000981648808e-08, "SOM": 5.23001478391239e-08, "UGA": 5.337650756055318e-08, "ETH": 5.400575663705428e-08, "GTM": 7.32778035027753e-08, "MEX": 9.363501303324662e-08, "IND": 2.772017963400504e-07}, "Cabbages and other brassicas": {"NZL": 3.4866327485316214e-08, "AUS": 2.440151283074964e-07}, "Lettuce and chicory": {"AUS": 3.349195231506858e-08}, "Spinach": {"AUS": 1.2615130588344255e-09}, "Tomatoes": {"NZL": 4.211511632533047e-09, "USA": 5.290018552977804e-09, "CHN": 6.696761325102745e-09, "ITA": 1.4562381783117913e-08, "AUS": 8.294892218541705e-08}, "Cauliflowers and broccoli": {"NZL": 1.7255592525994435e-08, "AUS": 4.4690242191183833e-07}, "Chillies and peppers; green": {"NZL": 2.0059499537126303e-10, "AUS": 2.5602018624430448e-08}, "Onions; shallots; green": {"NZL": 3.360816198371739e-06}, "Onions; dry": {"NLD": 1.0054277374183117e-08, "AUS": 8.579050369625089e-08, "CHN": 1.628339093337145e-07, "PER": 2.602512221413724e-07, "MEX": 4.635619790153794e-07, "USA": 6.205539486390325e-07, "IND": 1.1928967437965142e-06}, "Garlic": {"ESP": 3.322754790105268e-08, "ARG": 5.5316316732913434e-08, "MEX": 1.1386490612422969e-07, "CHN": 2.877723292534224e-07, "NZL": 3.875659919134031e-07}, "Leeks; other alliaceous vegetables": {"NZL": 1.962177420175281e-09, "CHN": 3.2923316084107717e-09}, "Beans; green": {"CHN": 6.660995131882711e-11, "AUS": 7.733685455432312e-09, "HKG": 5.814323674739918e-08}, "Carrots and turnips": {"AUS": 2.4639922485651352e-08, "NZL": 1.4780268019726184e-07}, "Maize; green": {"USA": 1.1855772682735262e-09, "NZL": 3.3949048077838633e-09, "CHN": 4.049076381177655e-09, "THA": 9.81855420909566e-08, "AUS": 2.550261116824929e-07}, "Mushrooms and truffles": {"NLD": 7.681529545809455e-13, "KOR": 1.6468165115884504e-10, "USA": 1.7954490008353466e-10, "VNM": 6.81593047000855e-10, "CHN": 4.588012615030721e-09}, "Vegetables; fresh nes": {"NZL": 6.736206747249946e-07, "FJI": 1.4913258259807765e-06, "SLB": 2.228728272509649e-05}, "Bananas": {"SLB": 0.0}, "Oranges": {"USA": 1.5242294010415586e-08, "CHN": 1.5534054164668915e-08, "BRA": 3.368175956645744e-08, "THA": 1.915808534532348e-07, "AUS": 3.0584053684796625e-07, "IDN": 4.867893123232056e-07}, "Tangerines; mandarins; clementines; satsumas": {"USA": 2.756638622589462e-09, "AUS": 7.841470595606496e-07}, "Lemons and limes": {"CHN": 5.932970835078474e-07}, "Grapefruit (inc. pomelos)": {"ISR": 6.570067300447684e-11, "USA": 3.5181581808170927e-09, "NZL": 4.4613800909837245e-09, "ZAF": 6.591717177939054e-09, "THA": 8.156223943758747e-09, "MYS": 1.264217735394014e-08, "AUS": 7.686278982699116e-08}, "Apples": {"USA": 1.823361948076536e-08, "ZAF": 9.121559689940084e-08, "IND": 1.8303461593025441e-07, "CHN": 2.965759529017661e-07, "NZL": 4.270457615949195e-07, "AUS": 1.0876763403856508e-06}, "Pears": {"NZL": 1.2870482736885464e-09, "AUS": 1.0516649111830745e-07}, "Apricots": {"ZAF": 5.188486276267133e-09, "NZL": 6.782840098324678e-09, "TUR": 2.1374409364945328e-08, "CHN": 1.1303427749713825e-07}, "Peaches and nectarines": {"USA": 4.903382351209917e-10, "CHN": 2.254327778155369e-09, "AUS": 2.517598287361517e-08}, "Plums and sloes": {"ARG": 6.071791066918468e-10, "CHL": 3.8078825735347805e-09, "USA": 3.9192673370765845e-09, "CHN": 4.362759352081437e-09, "ZAF": 5.736463808154016e-09, "AUS": 1.9617450953968505e-08}, "Strawberries": {"AUS": 8.748324865062135e-11, "NZL": 8.494201609587477e-10}, "Grapes": {"USA": 1.857990340270337e-08, "TUR": 6.585589225985259e-08, "NZL": 3.63248828031024e-07, "AUS": 4.996008430812856e-06}, "Watermelons": {"SLB": 2.929851058850067e-06}, "Melons; other (inc.cantaloupes)": {"SLB": 1.3704409992477203e-06}, "Mangoes; mangosteens; guavas": {"THA": 4.956739287089049e-12, "CHN": 4.9131438129602166e-11}, "Pineapples": {"FJI": 3.4476595797629473e-09, "AUS": 4.99159245565493e-09, "PHL": 8.641113057173194e-09, "THA": 1.1005875642071025e-07}, "Dates": {"TUN": 2.758830468455437e-07}, "Kiwi fruit": {"ITA": 1.2439621801138907e-09, "AUS": 5.763487967049759e-09, "NZL": 9.622947473633368e-09}, "Fruit; fresh nes": {"SLB": 7.480678501744543e-05}, "Coffee; green": {"MYS": 3.761417866985989e-06, "IND": 1.0989096563569872e-05, "VNM": 1.841899750519651e-05, "COL": 2.218647802851944e-05, "BRA": 2.3797131679451227e-05, "UGA": 4.201689239548943e-05, "IDN": 6.896354046312397e-05}, "Cocoa; beans": {"SLB": 6.957995607089492e-05}, "Tea": {"JPN": 4.842593949874579e-07, "ARG": 5.093862918033939e-07, "THA": 6.419737882697149e-07, "MYS": 1.2641837195351584e-06, "MWI": 1.7778896432377348e-06, "PNG": 2.607730798729661e-06, "KEN": 3.4252661827252508e-06, "IND": 4.775741257964967e-06, "IDN": 5.204911602681025e-06, "VNM": 5.944340708825793e-06, "CHN": 1.3249840747686046e-05, "LKA": 0.000105503638406}, "Mat\u00e9": {"PRY": 7.130993402234549e-12, "BRA": 3.8991573745658e-11, "ARG": 9.185680689088915e-10}, "Pepper (piper spp.)": {"CHN": 8.84297977735751e-10, "MYS": 1.706685859973773e-09, "IND": 1.36869111312865e-08, "LKA": 3.281141038143045e-08, "IDN": 3.7896741278140426e-08, "VNM": 5.3732582152739384e-08}, "Spices nes": {"IDN": 3.045039086163767e-07, "IND": 1.9512801848887764e-06, "SLB": 3.075835726524116e-06}, "Meat; cattle": {"IND": 3.6690309895607338e-09, "USA": 7.818924036697016e-07, "UKR": 8.09406791970847e-12, "IDN": 8.834246116666e-07, "CAN": 3.838591627006136e-09, "THA": 2.9088275428450236e-08, "MEX": 9.225083300858446e-09, "ARG": 3.451086002545537e-06, "CHN": 0.0002473217016946323, "PHL": 8.358546455176146e-09, "MYS": 1.3931979114486875e-06, "URY": 2.2531294840314157e-07, "BRA": 1.4530040485529596e-06, "LAO": 2.2408220177412883e-10, "AUS": 0.021296043749178217, "ZAF": 4.940149193540051e-09, "PRY": 7.741986612320372e-09, "FJI": 0.001082558517211093, "NZL": 0.0012969023760993445, "VUT": 0.00035516008053522365, "VNM": 6.803083501546561e-07, "SLB": 0.00013684934920071801, "PNG": 0.0001585534513663}, "Milk; whole fresh cow": {"SLB": 8.486450457321974e-06, "DNK": 1.1098394510343086e-08, "RUS": 2.357261725232017e-09, "BLR": 1.9761982414140894e-10, "EGY": 2.0806917557835756e-11, "DEU": 1.965185500749391e-07, "MKD": 6.255150821549947e-11, "FRA": 3.413284819361994e-06, "NLD": 1.0198586096753718e-09, "SWE": 1.3321346017219252e-09,