{"Wheat": {"AUS": 0.0089969103850664}, "Barley": {"AUS": 0.0005346901404406}, "Maize": {"USA": 1.7199866869441593e-06, "IDN": 1.7969900804238093e-06, "AUS": 5.301971998026651e-05}, "Oats": {"AUS": 4.6511778511487246e-08}, "Potatoes": {"AUS": 4.106510490436341e-06, "NZL": 7.064959886170937e-06}, "Sweet potatoes": {"SLB": 0.0003652132573969}, "Cassava": {"SLB": 3.812325183062537e-06}, "Taro (cocoyam)": {"SLB": 0.0001513363986009}, "Yams": {"SLB": 0.0002370662247504}, "Roots and tubers nes": {"THA": 1.462269962768313e-13, "CHN": 3.6001786244064973e-13, "FRA": 1.4632312133623014e-12, "FJI": 4.122487658652851e-11}, "Beans; dry": {"CAN": 3.5858786053925637e-09, "MMR": 5.981161918405826e-08, "USA": 1.0779214012331137e-07, "AUS": 1.339582127036542e-05}, "Peas; dry": {"CAN": 9.166286798729188e-11, "USA": 1.242850245158279e-09, "AUS": 1.4596039945408052e-08}, "Pulses nes": {"SLB": 0.0002894482912291}, "Almonds; with shell": {"USA": 2.0491049686055256e-08, "AUS": 8.959046347392947e-08}, "Nuts nes": {"SLB": 1.5383595861964098e-05}, "Soybeans": {"CAN": 6.234289436083442e-07, "USA": 6.763675232478908e-06, "PRY": 3.732572161026507e-05, "BRA": 3.885243602402622e-05, "ARG": 6.389150484811884e-05}, "Coconuts": {"SLB": 0.0007338065884999}, "Oil palm fruit": {"SLB": 2.796609992507625e-05}, "Olives": {"TUR": 7.812357722693102e-08, "TUN": 1.0069419111139656e-07, "GRC": 2.996064326336055e-07, "ITA": 3.680929227016304e-07, "ESP": 1.00869726069828e-06, "AUS": 1.188783326900017e-06}, "Sunflower seed": {"UKR": 4.70218726206374e-10, "MDA": 6.022560423262616e-10, "ARG": 8.959681689873321e-10, "CHN": 6.359650679656409e-09}, "Sesame seed": {"PAK": 1.8873727442927544e-08, "NGA": 2.1011896526785443e-08, "BFA": 2.218327941468713e-08, "SDN": 2.9109393626778734e-08, "CHN": 3.308659799163631e-08, "MMR": 3.9503155061570216e-08, "UGA": 7.341287215706022e-08, "ETH": 7.874565409746224e-08, "TZA": 1.052719726646635e-07, "GTM": 1.198600985093308e-07, "MEX": 1.454648044204737e-07, "SOM": 1.966720017802624e-07, "IND": 2.9781771564554226e-07}, "Cabbages and other brassicas": {"NZL": 1.2308222274514656e-07, "AUS": 6.492747945860802e-07}, "Lettuce and chicory": {"AUS": 8.911529629527853e-08}, "Spinach": {"AUS": 3.356630540997554e-09}, "Tomatoes": {"CHN": 1.2170725430067404e-08, "USA": 1.3025359662017092e-08, "NZL": 1.4867129698919796e-08, "ITA": 1.942294372236982e-08, "AUS": 2.207102681978217e-07}, "Cauliflowers and broccoli": {"NZL": 6.091426416442584e-08, "AUS": 1.1891167576347213e-06}, "Chillies and peppers; green": {"NZL": 7.08123845628576e-10, "AUS": 6.812178203319786e-08}, "Onions; shallots; green": {"NZL": 1.1864075105349035e-05}, "Onions; dry": {"NLD": 1.639545757825433e-08, "AUS": 2.282711406098851e-07, "CHN": 2.959351102713405e-07, "PER": 6.933718557569938e-07, "MEX": 8.962750088470819e-07, "IND": 1.269430032426293e-06, "USA": 1.527960306709759e-06}, "Garlic": {"ESP": 5.4729473649540666e-08, "ARG": 1.0937871738760937e-07, "MEX": 2.2015237306699025e-07, "CHN": 5.229987804083225e-07, "NZL": 1.3681533785059188e-06}, "Leeks; other alliaceous vegetables": {"CHN": 5.983498901252079e-09, "NZL": 6.9267162822703765e-09}, "Beans; green": {"CHN": 1.2105723782819194e-10, "AUS": 2.057776937969838e-08, "HKG": 6.530159182100967e-08}, "Carrots and turnips": {"AUS": 6.556183922469018e-08, "NZL": 5.21760785216925e-07}, "Maize; green": {"USA": 1.865280810081156e-09, "CHN": 7.810260930619697e-09, "NZL": 1.5595513216788676e-08, "THA": 1.0470913614829444e-07, "AUS": 5.329002320410425e-07}, "Mushrooms and truffles": {"NLD": 1.2526230092658317e-12, "KOR": 1.7002781540352827e-10, "USA": 4.420848198637261e-10, "VNM": 7.082028459604414e-10, "CHN": 8.338275637495224e-09}, "Vegetables; fresh nes": {"FJI": 2.1346538767066047e-06, "NZL": 2.3779599376262138e-06, "SLB": 2.6738978260584583e-05}, "Bananas": {"SLB": 0.0}, "Oranges": {"USA": 3.5365225052510506e-08, "CHN": 3.655256158690556e-08, "BRA": 8.852603609481089e-08, "THA": 2.016991742802898e-07, "AUS": 5.68046595974614e-07, "IDN": 6.249643437140554e-07}, "Tangerines; mandarins; clementines; satsumas": {"USA": 6.395962786815502e-09, "AUS": 1.4564193239967886e-06}, "Lemons and limes": {"CHN": 1.396063638916393e-06}, "Grapefruit (inc. pomelos)": {"ISR": 7.245675184415532e-11, "USA": 8.162843188164895e-09, "THA": 8.586993976946871e-09, "MYS": 1.3428485780736425e-08, "NZL": 2.1378337983772933e-08, "ZAF": 2.2595434920184573e-08, "AUS": 1.4275951307278405e-07}, "Apples": {"USA": 4.2305709102479444e-08, "IND": 1.973037246874267e-07, "ZAF": 3.126736217300216e-07, "CHN": 6.978610135332983e-07, "AUS": 2.0201731563966263e-06, "NZL": 2.046346296376838e-06}, "Pears": {"NZL": 6.167363559081613e-09, "AUS": 1.953288073125689e-07}, "Apricots": {"ZAF": 1.7785366214137156e-08, "TUR": 2.8779783604532117e-08, "NZL": 3.2502464518753686e-08, "CHN": 2.65976437692792e-07}, "Peaches and nectarines": {"USA": 1.1376845260336163e-09, "CHN": 5.304568535335241e-09, "AUS": 4.676009112154218e-08}, "Plums and sloes": {"ARG": 1.2115231636697502e-09, "USA": 9.0934980864398e-09, "CHN": 1.0265834547462053e-08, "CHL": 1.2536079847917153e-08, "ZAF": 1.9663752425989883e-08, "AUS": 3.643606681752677e-08}, "Strawberries": {"AUS": 1.6248520262534535e-10, "NZL": 4.070308048378556e-09}, "Grapes": {"USA": 4.310915829608741e-08, "TUR": 8.86723135110492e-08, "NZL": 1.7406399050264134e-06, "AUS": 9.27923293567351e-06}, "Watermelons": {"SLB": 3.47738347139381e-06}, "Melons; other (inc.cantaloupes)": {"SLB": 1.626549876967078e-06}, "Mangoes; mangosteens; guavas": {"THA": 5.218528904677728e-12, "CHN": 1.156092221031469e-10}, "Pineapples": {"FJI": 4.667956169793925e-09, "AUS": 9.271031015541464e-09, "PHL": 9.618719707475918e-09, "THA": 1.158714970324086e-07}, "Dates": {"TUN": 3.4197093078064496e-07}, "Kiwi fruit": {"ITA": 1.649056286877194e-09, "AUS": 1.0704695179928813e-08, "NZL": 4.6111880022772644e-08}, "Fruit; fresh nes": {"SLB": 8.878672415172997e-05}, "Coffee; green": {"MYS": 3.971914711170156e-06, "IND": 1.1805217620656448e-05, "VNM": 1.9287695636022408e-05, "UGA": 6.053499892800662e-05, "BRA": 6.222135163025777e-05, "IDN": 8.651323041801834e-05, "COL": 0.0001623063195365}, "Cocoa; beans": {"SLB": 8.232159725955589e-05}, "Tea": {"ARG": 6.518063991639144e-07, "THA": 6.705917584425293e-07, "JPN": 8.360618024123455e-07, "MYS": 1.3349300957266405e-06, "MWI": 2.429559588733158e-06, "PNG": 3.471139004587236e-06, "IND": 5.1304185493397e-06, "KEN": 5.9539246208672514e-06, "VNM": 6.224694602206384e-06, "IDN": 6.529446048799374e-06, "CHN": 2.672466791673601e-05, "LKA": 0.0001242627560918}, "Mat\u00e9": {"PRY": 2.1320771434949366e-11, "BRA": 1.0194961532866808e-10, "ARG": 1.1753919471659911e-09}, "Pepper (piper spp.)": {"MYS": 1.8113917271833337e-09, "CHN": 2.449764194532247e-09, "IND": 1.4704827534244789e-08, "LKA": 3.970252497725758e-08, "IDN": 4.8454992866233216e-08, "VNM": 5.657254848237024e-08}, "Spices nes": {"IDN": 3.893404610031069e-07, "IND": 2.0963998607538067e-06, "SLB": 3.629018512444117e-06}, "Meat; cattle": {"IND": 3.938576087019098e-09, "UKR": 9.886792247342416e-12, "USA": 1.1491661336778201e-06, "THA": 1.3689387874837496e-08, "CAN": 4.426634462478638e-09, "IDN": 1.1237021851388714e-06, "MEX": 1.5655190340087578e-08, "PHL": 9.268687161735915e-09, "MYS": 1.4860805586326737e-06, "ARG": 5.2625989037159116e-06, "CHN": 0.00025204125139004403, "BRA": 3.920051682190701e-06, "LAO": 2.8728191000884126e-10, "URY": 9.81368098963287e-07, "AUS": 0.021671232768973012, "ZAF": 1.2775805764403832e-08, "PRY": 2.2437730996439635e-08, "FJI": 0.001083058144600368, "VUT": 0.00035553375571379303, "NZL": 0.0012984065418631904, "VNM": 7.196941588378179e-07, "SLB": 0.00014403233894737038, "PNG": 0.0001585534513663}, "Milk; whole fresh cow": {"SLB": 1.0072403667740184e-05, "DNK": 9.60250131061747e-09, "RUS": 3.258001435110775e-09, "EGY": 2.0806917557835756e-11, "BLR": 2.8158892179456447e-10, "DEU": 2.2012394870572857e-07, "VNM": 2.0085694055869547e-07, "SWE": 1.4697668096250422e-09, "NLD": 1.5404016632711868e-09,