{"Wheat": {"GBR": 1.1386403340558268e-05, "CAN": 2.5197228038602435e-05, "RUS": 4.612710339729257e-05, "USA": 0.0001771808817706, "UKR": 0.0001785853925809, "AUS": 0.0046952452425571, "BDI": 0.013009526440619}, "Barley": {"CAN": 2.262336741710271e-06, "DEU": 2.536012438766212e-06, "BEL": 2.995500013377617e-06, "RUS": 5.496869035648539e-06, "EGY": 3.289141641262964e-05, "FRA": 3.338002488308444e-05, "USA": 8.844243536351906e-05}, "Maize": {"ZMB": 6.102742952386355e-05, "UGA": 0.0010460225196232, "TZA": 0.0016368312781949, "RWA": 0.0041358530205755, "BDI": 0.1533127788959649}, "Potatoes": {"RWA": 0.0013716351227249, "BDI": 0.0225619909578287}, "Sweet potatoes": {"BDI": 0.0926369874279174}, "Cassava": {"BDI": 0.0136712430611378}, "Taro (cocoyam)": {"BDI": 0.0009221257929473}, "Yams": {"BDI": 0.0001554285273097}, "Roots and tubers nes": {"THA": 1.9829037771785523e-10, "CHN": 2.0070952227461367e-10, "TZA": 1.142842505005364e-08, "KEN": 1.6932396491351884e-08}, "Beans; dry": {"RWA": 0.0104693977305688, "BDI": 0.5314783371902111}, "Peas; dry": {"USA": 9.717371980871409e-06, "RWA": 0.0005561843834025, "BDI": 0.0031149558252371}, "Chick peas": {"CHN": 1.7609191859236329e-07}, "Pigeon peas": {"BDI": 0.000786777399104}, "Almonds; with shell": {"AUS": 1.3429566548087486e-08, "USA": 2.9439972955502552e-08}, "Nuts nes": {"LBN": 4.785640059860236e-10, "TUR": 1.8256624585259851e-09, "CHN": 1.9860750625956487e-09, "MWI": 3.111098608317665e-09, "ZAF": 4.082558039118218e-09, "THA": 6.335610525667815e-09, "MEX": 6.341534728837065e-09, "USA": 6.385499993032343e-09, "TZA": 2.9640721920289774e-08, "KEN": 5.3440653681217493e-08, "IDN": 7.316532609676332e-08}, "Soybeans": {"ZMB": 9.235649348258584e-07, "ARG": 5.863646034640669e-06, "IND": 8.265541243276287e-06, "TZA": 2.415018739537304e-05, "UGA": 3.2679476734181405e-05, "BDI": 0.0003473806204071}, "Groundnuts; with shell": {"TZA": 0.0004527476486032, "BDI": 0.0014607307550086}, "Coconuts": {"VNM": 8.162796944379283e-10, "MOZ": 1.0780445537325584e-09, "MYS": 1.374759683939207e-09, "IDN": 5.069890975457949e-09, "IND": 6.720211918166021e-09, "PHL": 7.301951003785507e-09, "LKA": 1.293028530522016e-08, "TZA": 2.6265772638385133e-08}, "Oil palm fruit": {"COD": 6.306213139691349e-05, "MYS": 0.0001358794224062, "IDN": 0.0002222444464532, "BDI": 0.0}, "Olives": {"EGY": 2.931671057209054e-09, "PRT": 4.0132198323808535e-08, "GRC": 1.634901913690412e-07, "TUR": 1.9845686064385381e-07, "TUN": 4.829846442419799e-07, "ITA": 4.8733532624972e-07, "MAR": 1.2518246472365653e-06, "ESP": 1.3222188055352354e-06}, "Sunflower seed": {"CHN": 1.9778036647453482e-07, "RUS": 2.454479052907323e-07, "UKR": 7.33191074537557e-07, "ARG": 9.96135256435312e-07, "TZA": 1.986833956254136e-05, "KEN": 3.477034684941634e-05, "UGA": 5.1609076854517054e-05}, "Rapeseed": {"DEU": 6.334277827538746e-10, "ROU": 7.933783589198737e-10, "CAN": 1.116129638095813e-09, "FRA": 1.131745629991903e-09, "UKR": 6.822692266523353e-09, "AUS": 7.499922374754077e-07}, "Sesame seed": {"MOZ": 1.1564171896802008e-08, "SDN": 2.2617787624864728e-08, "PAK": 2.8824193048032948e-08, "NGA": 3.5206931759509536e-08, "ETH": 8.682942223998149e-08, "BFA": 1.0814480312556895e-07, "GTM": 1.373382211106465e-07, "MEX": 1.874914213729484e-07, "IND": 3.277584439004832e-07, "UGA": 6.99196969685195e-07}, "Mustard seed": {"RUS": 4.812134654016803e-09, "ROU": 1.4495064419197068e-08, "DEU": 2.5556501501649732e-08, "CZE": 3.4774972691584365e-08, "USA": 4.074051681934525e-08, "FRA": 6.291206116308309e-08, "UKR": 6.963594146592298e-08, "CAN": 2.499350642366152e-07, "NPL": 4.580779657910817e-07}, "Oilseeds nes": {"ITA": 4.102587338459514e-07, "CIV": 1.20457020279908e-06, "CHN": 1.445706700938592e-06, "BRA": 1.7228648421425662e-06, "IND": 4.14502969467949e-06, "ETH": 9.632160509414144e-06, "MYS": 1.4536556376619495e-05, "TZA": 2.755104735060462e-05}, "Cabbages and other brassicas": {"NLD": 8.243386761010131e-14, "FRA": 1.6758444747833069e-13, "ESP": 7.654638561816498e-13, "BEL": 2.080014691807192e-12}, "Tomatoes": {"ESP": 1.6749359042950193e-07, "USA": 3.006748792620834e-07, "CHN": 4.723905873771515e-07, "ITA": 8.062922813991743e-06}, "Garlic": {"CHN": 2.5481091183495875e-08, "TZA": 1.5653289987449676e-05}, "Beans; green": {"GBR": 1.112047121789024e-09, "EGY": 2.279363099397843e-09, "KEN": 6.851251680621712e-08, "TZA": 2.3006726078167166e-07, "RWA": 5.792680887170128e-07}, "Maize; green": {"SRB": 2.2712432195682398e-10, "SVK": 4.0676098848710927e-10, "USA": 4.742226573762596e-10, "CHN": 1.784867925291008e-09, "HUN": 7.214836250498224e-09, "FRA": 1.2268638453455418e-08, "THA": 1.2724624887866309e-08}, "Mushrooms and truffles": {"NLD": 5.744707908551538e-12, "BEL": 2.626215539034867e-11, "POL": 3.019840226988249e-11, "IND": 6.17069192200293e-10, "FRA": 1.302444772940032e-09, "IDN": 3.7724520962181914e-09, "CHN": 9.658052214939866e-09}, "Vegetables; fresh nes": {"BDI": 0.0397153239168368}, "Bananas": {"BDI": 0.0333671554020302}, "Oranges": {"USA": 1.5646798559535092e-09, "ESP": 1.8614028715271795e-09, "EGY": 3.414109261212813e-09, "BRA": 1.0319666486027102e-08, "ZAF": 3.8668187725822615e-08, "SWZ": 5.5788314519145306e-08, "TZA": 6.576266020657682e-08, "IND": 7.665845006570948e-08, "KEN": 1.9871845551236253e-07}, "Grapefruit (inc. pomelos)": {"EGY": 2.21733748504183e-09, "USA": 6.574845730177122e-09, "CHN": 9.783690912025832e-09, "LBN": 1.0693818932687962e-08, "TUR": 2.2483504928021025e-08, "ZAF": 2.5960229549343013e-07}, "Apples": {"EGY": 9.783799877972653e-07, "FRA": 1.336618564548018e-06, "ITA": 2.464378378911011e-06, "CHN": 3.0807294115019847e-05, "KEN": 0.0003268213619128, "ZAF": 0.0006328978594186}, "Grapes": {"SAU": 4.994892801014293e-09, "IND": 1.151155380904591e-07, "TUR": 2.0712238759258157e-07, "ITA": 2.723145425390762e-07, "CHL": 5.806021721269904e-07, "FRA": 7.961487474089585e-07, "ESP": 9.709595223551607e-07, "ZAF": 1.7978729649068711e-06}, "Mangoes; mangosteens; guavas": {"CHN": 1.0076770225670461e-08, "TZA": 3.3174175744331085e-08, "COD": 1.343605313001228e-07}, "Pineapples": {"IDN": 2.195052410430128e-09, "RWA": 4.079178681281336e-08}, "Dates": {"ARE": 3.6978020891132205e-10, "SAU": 1.5250254180112871e-09}, "Fruit; fresh nes": {"BDI": 0.0186075476556572}, "Coffee; green": {"BDI": 0.0025391406348512}, "Tea": {"BDI": 0.0009145798104405}, "Chillies and peppers; dry": {"IND": 1.592469479747783e-09, "KEN": 8.171469195961234e-07}, "Cinnamon (cannella)": {"CHN": 8.123590040042353e-09, "IDN": 9.502363229261636e-09}, "Nutmeg; mace and cardamoms": {"GRD": 0.0, "IND": 2.4321678161826804e-08, "GTM": 7.311537057051346e-07, "IDN": 1.973200537135608e-06}, "Spices nes": {"TUR": 5.959667933169837e-08, "CHN": 3.62147531256856e-07, "ETH": 3.432303142882587e-06, "IND": 5.286410899785119e-06, "KEN": 5.921277033355177e-05}, "Meat; cattle": {"BEL": 1.106377396335086e-11, "IRL": 1.989238976434287e-12, "FRA": 3.512341155324012e-10, "DEU": 1.253083681134488e-11, "UKR": 3.8418189556685085e-11, "IND": 5.128579575968748e-09, "GBR": 7.258467093042046e-11, "USA": 4.652708055549642e-05, "ARG": 2.560131200320909e-07, "IDN": 5.470179953192031e-08, "CHN": 0.0025891027912018005, "BRA": 0.00035721773689436297, "CAN": 1.9368674725620338e-08, "MYS": 8.569653681806183e-08, "URY": 1.672798100393876e-06, "PRY": 5.873036075203087e-08, "CRI": 1.9370175864828183e-09, "THA": 6.551188297464625e-06, "PHL": 8.282026234230319e-10, "AUS": 1.3594567530696757e-05, "UGA": 1.2413268600637144e-06, "NZL": 3.2540930478414754e-08, "BDI": 0.3842946463817024}, "Milk; whole fresh cow": {"RUS": 5.8857028599749505e-08, "EGY": 5.054290338882105e-08, "BLR": 2.3043783855317237e-10, "CAN": 8.151495550913588e-09, "DNK": 3.109584702850574e-06, "DEU": 4.2676779649258645e-06, "FRA": 5.565352259274995e-06, "ROU": 1.539053673536555e-08, "GBR": 9.469788549302478e-09, "BGR": 1.0263927806762995e-09, "USA": 1.6534498076772675e-05, "POL": 5.261093472885141e-08, "UKR": 5.616693996846627e-06, "NER": 3.872200331893861e-10, "SWE": 6.4248488989482145e-09,