{"Wheat": {"GBR": 2.2833937350139737e-05, "CAN": 3.040961958567772e-05, "RUS": 6.586972846047766e-05, "UKR": 0.0002209717602286, "USA": 0.000330921962196, "AUS": 0.0084196098883072, "BDI": 0.0167280387143081}, "Barley": {"CAN": 2.70219666096805e-06, "DEU": 3.4820802794807084e-06, "BEL": 4.779789592051642e-06, "RUS": 7.933680938572655e-06, "EGY": 3.289141641262964e-05, "FRA": 9.750678058367076e-05, "USA": 0.0002750222290786}, "Maize": {"ZMB": 0.0002968138105381, "UGA": 0.0014254285404386, "TZA": 0.0034441174621501, "RWA": 0.0047165346649907, "BDI": 0.1985996562823697}, "Potatoes": {"RWA": 0.0016242937188891, "BDI": 0.0281416233499952}, "Sweet potatoes": {"BDI": 0.115546328041148}, "Cassava": {"BDI": 0.0054090053188157}, "Taro (cocoyam)": {"BDI": 0.0012364709846166}, "Yams": {"BDI": 0.0002084128496025}, "Roots and tubers nes": {"THA": 7.845326887609189e-11, "CHN": 7.941039952734092e-11, "TZA": 4.5216379816366015e-09, "KEN": 6.6992754259754865e-09}, "Beans; dry": {"RWA": 0.0119593170005367, "BDI": 0.6677280641619676}, "Peas; dry": {"USA": 2.1104613626757333e-05, "RWA": 0.0006353360071933, "BDI": 0.0039135055515748}, "Chick peas": {"CHN": 3.6332265032291017e-07}, "Pigeon peas": {"BDI": 0.0014616885357312}, "Almonds; with shell": {"AUS": 2.4943127688949363e-08, "USA": 6.830673049606024e-08}, "Nuts nes": {"LBN": 5.726920607880931e-10, "TUR": 2.458181163942087e-09, "CHN": 4.6733537988337524e-09, "MWI": 4.879206551307665e-09, "THA": 6.670225069754404e-09, "MEX": 1.3294030648717773e-08, "ZAF": 1.3994407222066792e-08, "USA": 1.4815659911302021e-08, "TZA": 6.124495942888383e-08, "IDN": 9.393328663783148e-08, "KEN": 1.1152673279741788e-07}, "Soybeans": {"ZMB": 4.413371150927219e-06, "IND": 8.77349906888331e-06, "ARG": 8.931474553324928e-06, "UGA": 4.636737685954232e-05, "TZA": 0.0001171278282582, "BDI": 0.0004493182368567}, "Groundnuts; with shell": {"TZA": 0.001007298009335, "BDI": 0.0020724494624545}, "Coconuts": {"VNM": 8.638093999527583e-10, "MYS": 1.4602659297414215e-09, "MOZ": 4.525408755995707e-09, "IDN": 6.508978332036902e-09, "IND": 7.244109729758644e-09, "PHL": 8.128052434730168e-09, "LKA": 1.576213205370147e-08, "TZA": 5.427149122521973e-08}, "Oil palm fruit": {"MYS": 0.0001449383223279, "COD": 0.0002190343714219, "IDN": 0.0002826912709263, "BDI": 0.0}, "Olives": {"EGY": 3.006386196696812e-09, "PRT": 8.033100304153884e-08, "TUR": 2.850775339435956e-07, "GRC": 3.979408828092879e-07, "TUN": 5.987895355454054e-07, "ITA": 6.985363478436306e-07, "ESP": 1.9341131850261684e-06, "MAR": 3.447051218779041e-06}, "Sunflower seed": {"RUS": 3.391782392681408e-07, "CHN": 4.648955302576838e-07, "UKR": 9.017251593725988e-07, "ARG": 1.7654641716661122e-06, "TZA": 4.340761687780028e-05, "KEN": 6.440918311939115e-05, "UGA": 7.392251996913204e-05}, "Rapeseed": {"DEU": 8.625341919680622e-10, "ROU": 1.0700410084603355e-09, "CAN": 1.258770998849201e-09, "FRA": 2.572284995831852e-09, "UKR": 8.413494685359088e-09, "AUS": 1.1672230515904886e-06}, "Sesame seed": {"SDN": 2.9019791277600795e-08, "PAK": 3.0706065707431655e-08, "MOZ": 4.3631629527552654e-08, "NGA": 5.9253476773806526e-08, "ETH": 1.266057560334372e-07, "BFA": 1.9798187351886146e-07, "GTM": 2.246433698138194e-07, "MEX": 2.912735530975864e-07, "IND": 3.521343379977095e-07, "UGA": 9.61660102805931e-07}, "Mustard seed": {"RUS": 8.00769335444442e-09, "ROU": 2.246669515854253e-08, "DEU": 3.4811879130326586e-08, "CZE": 4.548013293386205e-08, "USA": 7.924795526484775e-08, "UKR": 8.552108071466057e-08, "CAN": 2.982066851368201e-07, "FRA": 3.233363985805345e-07, "NPL": 7.177101065399009e-07}, "Oilseeds nes": {"ITA": 6.030597076575236e-07, "CIV": 2.741349106466468e-06, "CHN": 4.005030658130744e-06, "IND": 4.453301858975107e-06, "BRA": 4.739275347029677e-06, "ETH": 1.4044628330698142e-05, "MYS": 1.5428379984789553e-05, "TZA": 5.970260431259357e-05}, "Cabbages and other brassicas": {"NLD": 1.344244771765767e-13, "FRA": 1.0156440875174914e-12, "ESP": 1.260804260107384e-12, "BEL": 3.162164375981653e-12}, "Tomatoes": {"ESP": 2.7588060579059364e-07, "USA": 7.403373739620668e-07, "CHN": 8.585248683067506e-07, "ITA": 1.0754126514903313e-05}, "Garlic": {"CHN": 4.6309454585210484e-08, "TZA": 3.176776009639148e-05}, "Beans; green": {"GBR": 1.9535771921870236e-09, "EGY": 2.279363099397843e-09, "KEN": 1.2956329368115638e-07, "TZA": 4.669128057044867e-07, "RWA": 6.68230658038568e-07}, "Maize; green": {"SRB": 2.705980281642636e-10, "SVK": 5.271192339039233e-10, "USA": 7.4609934432848e-10, "CHN": 3.442830638616437e-09, "HUN": 7.982466370042592e-09, "THA": 1.3570067969735114e-08, "FRA": 8.991675403081228e-08}, "Mushrooms and truffles": {"NLD": 9.367865169103844e-12, "POL": 3.8819171042594956e-11, "BEL": 3.992532001766892e-11, "IND": 6.566588170666556e-10, "IDN": 4.699929227693654e-09, "FRA": 7.893455227255807e-09, "CHN": 1.7552589377296344e-08}, "Vegetables; fresh nes": {"BDI": 0.0495531973161335}, "Bananas": {"BDI": 0.0441680924683596}, "Oranges": {"ESP": 2.8382967347384187e-09, "EGY": 3.414109261212813e-09, "USA": 3.630375795343739e-09, "BRA": 2.7123261361268933e-08, "IND": 8.263462979315886e-08, "ZAF": 1.3254884814604265e-07, "TZA": 1.3588169232579528e-07, "SWZ": 2.6909437304014975e-07, "KEN": 4.1471087202722854e-07}, "Grapefruit (inc. pomelos)": {"EGY": 2.21733748504183e-09, "LBN": 1.2797170546993994e-08, "USA": 1.5254980567515764e-08, "CHN": 2.3021611796774265e-08, "TUR": 3.0273136228086444e-08, "ZAF": 8.898784056730898e-07}, "Apples": {"EGY": 9.783799877972653e-07, "ITA": 3.2668988848321423e-06, "FRA": 6.991113531582994e-06, "CHN": 7.249141167708658e-05, "KEN": 0.0006820522615605, "ZAF": 0.0021694805780621}, "Grapes": {"SAU": 1.2939841425897858e-08, "IND": 1.2408977569193605e-07, "TUR": 2.788819748322327e-07, "ITA": 3.609932967102239e-07, "ESP": 1.4805345387711718e-06, "CHL": 1.911423225139432e-06, "FRA": 4.1642144055105e-06, "ZAF": 6.162843531769027e-06}, "Mangoes; mangosteens; guavas": {"CHN": 2.371124500831597e-08, "TZA": 6.854593666821041e-08, "COD": 2.633623650658512e-07}, "Pineapples": {"IDN": 2.8181175189639115e-09, "RWA": 4.75277338499106e-08}, "Dates": {"ARE": 5.18744823565179e-10, "SAU": 3.9507528721181825e-09}, "Fruit; fresh nes": {"BDI": 0.0237153362085}, "Coffee; green": {"BDI": 0.0032673804701446}, "Tea": {"BDI": 0.0011768864512686}, "Chillies and peppers; dry": {"IND": 1.6946383614732587e-09, "KEN": 1.5452978705152094e-06}, "Cinnamon (cannella)": {"IDN": 1.2149776655118849e-08, "CHN": 2.2504721838345522e-08}, "Nutmeg; mace and cardamoms": {"GRD": 0.0, "IND": 2.613051836769353e-08, "GTM": 1.1959440785907372e-06, "IDN": 2.522945634001094e-06}, "Spices nes": {"TUR": 8.92154370786701e-08, "CHN": 1.003254646677935e-06, "ETH": 5.004632336946496e-06, "IND": 5.679569320706565e-06, "KEN": 0.0001171487612794}, "Meat; cattle": {"BEL": 1.6645395917781595e-11, "DEU": 1.7186885148255668e-11, "IND": 5.505192836881224e-09, "IRL": 8.864048482052586e-12, "UKR": 4.692728828493029e-11, "FRA": 1.3692744212146463e-09, "USA": 6.948902940753471e-05, "GBR": 1.756540542578042e-10, "IDN": 6.958160827199913e-08, "ARG": 4.2302075829191406e-07, "CAN": 2.2497297953263328e-08, "MYS": 9.140981066720561e-08, "CHN": 0.0032756348499553218, "BRA": 0.0009608357343086706, "THA": 2.5924833837545663e-06, "PHL": 9.219007832665027e-10, "PRY": 1.699938644531823e-07, "CRI": 4.791258932588252e-09, "AUS": 2.5405423567413943e-05, "URY": 7.2860024395741565e-06, "UGA": 1.712914659550505e-06, "NZL": 1.5304368917423286e-07, "BDI": 0.3842946463817024}, "Milk; whole fresh cow": {"EGY": 5.054290338882105e-08, "RUS": 8.272511219046251e-08, "BLR": 3.18369797566921e-10, "DNK": 3.246087153762946e-06, "CAN": 9.374803367459406e-09, "DEU": 5.804035014188179e-06, "ROU": 2.269587308419482e-08, "POL": 6.40764421401046e-08, "BGR": 1.461567512828689e-09, "USA": 2.4965536955417374e-05, "UKR": 6.913126418710729e-06, "FRA": 1.835276348432639e-05, "NER": 4.626053117661898e-10, "SWE": 7.0890317568617825e-09, "GBR": 2.3028296183316182e-08, "SRB": 2.9869228630645146e-10,