{"Wheat": {"RUS": 1.1018565906187369e-06, "NZL": 3.759909725628343e-06, "USA": 5.6695143646853925e-06, "TUR": 6.690509211423227e-05, "AUS": 0.0037417797622302}, "Barley": {"USA": 2.116943496642149e-07, "NZL": 3.7228105091042324e-07, "AUS": 0.0001744335139009}, "Maize": {"BRA": 1.4927460889915431e-05}, "Potatoes": {"AUS": 5.218904423746835e-07, "NZL": 4.681252674040212e-06}, "Cassava": {"THA": 6.90610036320225e-08, "WSM": 1.7014683549451862e-06}, "Taro (cocoyam)": {"WSM": 0.0}, "Yams": {"WSM": 0.0}, "Roots and tubers nes": {"WSM": 1.3011058526097015e-05}, "Nuts nes": {"ISR": 5.538397752314153e-10, "TUR": 1.0983844499274105e-07, "CHN": 1.3469719414329232e-07, "ZAF": 1.4201384588405338e-07, "IDN": 7.203093019734334e-07, "THA": 1.0395632828597511e-06, "MEX": 2.5128928493955355e-06, "USA": 2.539744242793897e-06, "AUS": 3.449915146248153e-06}, "Soybeans": {"ARG": 9.5667279860281e-07, "URY": 9.607948495345793e-07, "USA": 1.7036457153241822e-06, "CHN": 2.587114857051663e-06, "BRA": 1.160374039941458e-05}, "Groundnuts; with shell": {"FJI": 1.1321632844581766e-06, "USA": 1.7336989684459123e-06, "CHN": 1.9417427984146404e-06}, "Coconuts": {"WSM": 0.0}, "Oil palm fruit": {"MYS": 6.13409568537115e-07, "IDN": 6.549300429330328e-06}, "Olives": {"AUS": 3.053717070815576e-08, "TUN": 4.674667255519654e-08, "GRC": 4.69467483490356e-08, "ARG": 9.518820095001485e-08, "ITA": 1.7573887283599004e-07, "ESP": 3.496642754472908e-07, "PER": 0.0}, "Oilseeds nes": {"WSM": 0.0, "MYS": 9.38549293730126e-06}, "Cabbages and other brassicas": {"NZL": 1.5736481875199326e-07}, "Lettuce and chicory": {"NZL": 1.5046313795947403e-06}, "Tomatoes": {"CHN": 1.74994940855192e-08, "ITA": 2.3504832199388347e-08, "MEX": 3.7863909896257785e-08, "USA": 4.345446595677152e-08, "NZL": 5.1130126158585256e-08}, "Cauliflowers and broccoli": {"NZL": 6.982590434588105e-07}, "Pumpkins; squash and gourds": {"NZL": 3.358442492400195e-08}, "Cucumbers and gherkins": {"AUS": 3.9207206951750487e-10, "NZL": 9.63272402362227e-10}, "Chillies and peppers; green": {"NLD": 7.277084774074506e-11, "NZL": 1.0110547331379221e-07}, "Onions; shallots; green": {"NZL": 2.662648329857204e-06}, "Garlic": {"USA": 2.6608636393844552e-08, "CHN": 5.196476571483259e-07, "NZL": 1.5018458840326162e-06}, "Maize; green": {"NZL": 1.8709381811957505e-07, "WSM": 0.0}, "Mushrooms and truffles": {"NZL": 3.6838030984412156e-09, "CHN": 2.1473615446225272e-08}, "Vegetables; fresh nes": {"WSM": 0.0, "TON": 0.0, "IND": 6.165065565471059e-07, "CHN": 1.2494474792323613e-06, "NZL": 2.48974390945362e-06, "PHL": 6.389512965664022e-06}, "Bananas": {"WSM": 0.0}, "Oranges": {"TUR": 5.453193900393412e-08, "NZL": 4.082424491032497e-07, "USA": 4.472085413171959e-07, "BRA": 5.820653857370574e-07, "THA": 1.066252394678592e-06, "AUS": 2.2775704367201338e-06}, "Tangerines; mandarins; clementines; satsumas": {"USA": 7.419725095447393e-10, "AUS": 4.03334148704642e-08, "NZL": 2.5998154968473417e-07}, "Grapefruit (inc. pomelos)": {"ISR": 2.6157528785674568e-11, "USA": 2.332874567123186e-09, "NZL": 2.9330359010247076e-09, "THA": 1.4058692380829585e-08, "AUS": 4.886127428809893e-08}, "Fruit; citrus nes": {"WSM": 5.074387461995049e-06}, "Apples": {"CHN": 1.4171717605867426e-07, "USA": 1.7420116050619788e-07, "BRA": 2.945528797610577e-07, "AUS": 3.6516855358267764e-07, "NZL": 1.0350612409013443e-06}, "Pears": {"USA": 3.467004225976791e-09, "AUS": 4.6844344408028426e-08, "NZL": 5.9193897907678744e-08}, "Grapes": {"CHN": 2.9252926627894453e-08, "USA": 8.481152707542088e-08, "TUR": 9.088255247101944e-08, "CHL": 1.8112777031930545e-07, "NZL": 9.88768463622398e-07, "AUS": 2.4995495839539754e-06}, "Mangoes; mangosteens; guavas": {"WSM": 0.0}, "Avocados": {"WSM": 0.0}, "Pineapples": {"WSM": 0.0}, "Kiwi fruit": {"NZL": 4.63933751828554e-08}, "Papayas": {"WSM": 0.0}, "Fruit; tropical fresh nes": {"WSM": 0.0}, "Coffee; green": {"WSM": 0.0, "MYS": 2.903906773250316e-06, "VNM": 1.037097298754073e-05, "IDN": 2.85489841288502e-05, "BRA": 0.0001751816397886}, "Cocoa; beans": {"WSM": 0.0, "IDN": 1.161025484862709e-05}, "Tea": {"MYS": 3.144718322315313e-07, "ARG": 3.668772351222264e-07, "IND": 6.673659239052314e-07, "KEN": 1.236567768100456e-06, "VNM": 2.5819053670218487e-06, "IDN": 1.0803000706593815e-05, "CHN": 1.8385081086724657e-05, "LKA": 0.0001223344864224}, "Pepper (piper spp.)": {"WSM": 0.0, "MYS": 5.18283218061832e-08, "IND": 2.521355269621247e-07, "IDN": 4.419079994552934e-07, "VNM": 1.589747818115424e-06}, "Spices nes": {"WSM": 0.0, "IND": 2.9441217182662166e-06}, "Meat; cattle": {"WSM": 0.0, "IRL": 8.687289035591714e-13, "FRA": 6.7078581384880884e-12, "DEU": 2.682557672653092e-12, "UKR": 3.344152398621359e-12, "GBR": 3.169875632822058e-11, "USA": 5.752356193332341e-07, "CAN": 4.0025333485777445e-09, "NIC": 7.424990879173189e-09, "ARG": 4.202174214322308e-06, "URY": 1.1791086067524389e-07, "MEX": 1.1334539466447466e-08, "BRA": 4.6344254770434876e-06, "IND": 4.3023384385169126e-08, "PRY": 1.4739330400864333e-08, "CHL": 8.512284497772246e-11, "GTM": 7.741553230405822e-10, "PHL": 7.728370957801933e-07, "CRI": 9.510180303410232e-09, "THA": 2.5506821135258612e-08, "FJI": 0.0008831258980162538, "AUS": 0.00010970273855877592, "CHN": 1.5199353389735508e-06, "IDN": 1.1703996839896565e-05, "MYS": 1.8384760219024832e-05, "VNM": 5.549796275272553e-07, "NZL": 0.017156400119825593}, "Milk; whole fresh cow": {"WSM": 0.0, "EGY": 1.775671059911458e-11, "NLD": 3.801413279357728e-10, "SWE": 9.954963927486397e-10, "UKR": 1.232333441165907e-08, "CAN": 4.159433427989164e-08, "GBR": 5.791964129747146e-09, "DNK": 6.708077322395306e-09, "FRA": 1.5999182901097737e-07, "MKD": 1.601451573737516e-10, "SRB": 1.2670737583331319e-10, "POL": 3.438394922257628e-08, "RUS": 1.6004262546291027e-09, "ROU": 1.153516663455848e-09, "EST": 3.128530168713025e-10, "BLR": 9.438120449224646e-11, "USA": 6.407658040618911e-05, "PRT": 4.467741046758714e-10, "URY": 9.143266311110765e-09, "DEU": 1.1964159481805475e-07, "HUN": 3.2174140909550902e-09, "HRV": 1.50477862002808e-10, "TUR": 1.757547642159856e-09, "IDN": 3.358347736738665e-05, "ARG": 1.6634686286143278e-05, "CHE": 8.758539314840135e-10, "AUT": 9.042871777544026e-09, "MYS": 5.2200178151930696e-05, "ISR": 1.0554304730746958e-11, "LVA": 3.6962010210513753e-10, "MDA": 2.930486145553168e-10, "LUX": 1.1967838772279877e-10, "SVN": 1.804295224142727e-10, "ECU": 3.71598942223419e-09, "BRA": 1.1410021911283674e-06, "LTU": 2.635669879012961e-09, "CZE": 4.133784428095263e-09, "ZAF": 1.3083690215974355e-08, "PER": 2.322456905134248e-09, "BEL": 6.725683204926286e-10, "BEN": 1.0939718742739278e-09, "DZA": 3.1118266348317527e-10, "BGR": 7.300943608962789e-09, "NIC": 1.3114753012984138e-08, "IRL": 1.4251050672758112e-09, "CHL": 5.7284238980426685e-09, "SVK": 1.3632556153560073e-09, "ITA": 4.121732179608475e-08, "IND": 6.129287760307385e-08, "ESP": 2.2631776510533778e-08, "PRY": 2.3340366148784864e-08, "AUS": 0.01860237818143825, "CRI": 1.7752403410314382e-08, "GTM": 1.252471375532815e-08, "PAK": 1.6667245531037546e-09, "BOL": 6.248622301339844e-10, "MEX": 4.066714790714846e-08, "GRC": 4.040831388801806e-09, "NOR": 1.0882213664438324e-09, "FIN": 4.21348033811719e-09, "THA": 2.5597643954766334e-08, "GHA": 6.713131465380711e-10, "SLV": 7.37199852349766e-10, "CHN": 6.35354302056877e-08, "CYP": 1.588502154400479e-09, "LAO": 1.788823200726094e-09, "MAR": 4.671138282854462e-09, "PHL": 6.710283956526679e-09, "FJI": 3.5686852710566873e-07, "NZL": 0.01010303729702906, "VNM": 1.8327176210341413e-07, "ISL": 0.0}, "Meat; sheep": {"KWT": 1.4688367551465502e-14, "GBR": 2.1389115015334768e-11, "FRA": 1.2944976783390392e-11, "DEU": 1.3576479158854026e-12, "CAN": 1.9487687448279091e-10, "USA": 2.82226452970965e-10, "IDN": 7.672778896572234e-06, "MYS": 1.2043474643753217e-05, "ARG": 2.3992290696892143e-06, "THA": 4.1416076773722987e-10, "LAO": 2.7964633554882195e-11, "CHN": 2.6618120676996515e-09, "UKR": 7.167629546993081e-11, "BRA": 1.694539626282107e-09, "AUS": 4.116251694424692e-05,