{"Wheat": {"RUS": 1.5734565815096017e-06, "USA": 1.0588991315035645e-05, "NZL": 1.6517061331173506e-05, "TUR": 9.563329001780652e-05, "AUS": 0.0067098360699863}, "Barley": {"USA": 6.582886562168736e-07, "NZL": 1.8154284692235947e-06, "AUS": 0.000306683315003}, "Maize": {"BRA": 4.511568785507836e-05}, "Potatoes": {"AUS": 9.77811017191909e-07, "NZL": 2.325235483514157e-05}, "Cassava": {"THA": 2.7323874961321164e-08, "WSM": 6.73183216810508e-07}, "Taro (cocoyam)": {"WSM": 0.0}, "Yams": {"WSM": 0.0}, "Roots and tubers nes": {"WSM": 5.147804369826172e-06}, "Nuts nes": {"ISR": 6.10791782188152e-10, "TUR": 1.4789305399632393e-07, "CHN": 3.169505804675429e-07, "ZAF": 4.868025319984257e-07, "IDN": 9.247689273014804e-07, "THA": 1.0944676985484994e-06, "MEX": 5.267884823668575e-06, "USA": 5.892723671440002e-06, "AUS": 6.4076285486044055e-06}, "Soybeans": {"ARG": 1.4571989349460718e-06, "USA": 2.5443887345942467e-06, "URY": 4.4844550682457015e-06, "CHN": 4.875628714605529e-06, "BRA": 3.120778667173857e-05}, "Groundnuts; with shell": {"FJI": 1.5468635619462646e-06, "USA": 2.0894249399368187e-06, "CHN": 4.054482955204379e-06}, "Coconuts": {"WSM": 0.0}, "Oil palm fruit": {"MYS": 6.543047666030307e-07, "IDN": 8.330602143684857e-06}, "Olives": {"TUN": 5.795508963136997e-08, "AUS": 6.669201892520076e-08, "GRC": 1.1427003862800769e-07, "ITA": 2.519004549694888e-07, "ESP": 5.11481369531319e-07, "ARG": 5.948592499929025e-07, "PER": 0.0}, "Oilseeds nes": {"WSM": 0.0, "MYS": 9.961296721838643e-06}, "Cabbages and other brassicas": {"NZL": 5.555162551042845e-07}, "Lettuce and chicory": {"NZL": 5.311525129528204e-06}, "Tomatoes": {"ITA": 3.135016234375356e-08, "CHN": 3.180366259755793e-08, "MEX": 7.320806647977418e-08, "USA": 1.0699585310323989e-07, "NZL": 1.80495338360164e-07}, "Cauliflowers and broccoli": {"NZL": 2.4649362671478626e-06}, "Pumpkins; squash and gourds": {"NZL": 1.1855695645044709e-07}, "Cucumbers and gherkins": {"AUS": 1.0432243040199112e-09, "NZL": 3.400464486594746e-09}, "Chillies and peppers; green": {"NLD": 1.1866704116703644e-10, "NZL": 3.569141714854395e-07}, "Onions; shallots; green": {"NZL": 9.399460696441188e-06}, "Garlic": {"USA": 6.551717270453907e-08, "CHN": 9.444100884740795e-07, "NZL": 5.301692003702796e-06}, "Maize; green": {"NZL": 8.594715547173167e-07, "WSM": 0.0}, "Mushrooms and truffles": {"NZL": 1.3004256720256941e-08, "CHN": 3.902624939120888e-08}, "Vegetables; fresh nes": {"TON": 0.0, "WSM": 0.0, "IND": 6.560600841091019e-07, "CHN": 2.270751706802632e-06, "PHL": 6.9792932617747965e-06, "NZL": 8.789087826092368e-06}, "Bananas": {"WSM": 0.0}, "Oranges": {"TUR": 7.342506533268984e-08, "USA": 1.037614856286082e-06, "THA": 1.1225663927504673e-06, "BRA": 1.5298470748129723e-06, "NZL": 1.956243332391813e-06, "AUS": 4.230198347822088e-06}, "Tangerines; mandarins; clementines; satsumas": {"USA": 1.7215272691167742e-09, "AUS": 7.491243396747072e-08, "NZL": 1.2457968891594218e-06}, "Grapefruit (inc. pomelos)": {"ISR": 2.8847338777653416e-11, "USA": 5.412743910412213e-09, "NZL": 1.4054716597083348e-08, "THA": 1.4801200608317105e-08, "AUS": 9.075147729070925e-08}, "Fruit; citrus nes": {"WSM": 2.0076732341688395e-06}, "Apples": {"CHN": 3.334690191559168e-07, "USA": 4.041821553566936e-07, "AUS": 6.782382608840652e-07, "BRA": 7.74175672565685e-07, "NZL": 4.95987532795333e-06}, "Pears": {"USA": 8.044155599274598e-09, "AUS": 8.700537429042881e-08, "NZL": 2.836492588032939e-07}, "Grapes": {"CHN": 6.883389170840651e-08, "TUR": 1.2236970616989794e-07, "USA": 1.967800083123819e-07, "CHL": 5.962978499334946e-07, "AUS": 4.642486726148514e-06, "NZL": 4.738046517429673e-06}, "Mangoes; mangosteens; guavas": {"WSM": 0.0}, "Avocados": {"WSM": 0.0}, "Pineapples": {"WSM": 0.0}, "Kiwi fruit": {"NZL": 2.223108622534722e-07}, "Papayas": {"WSM": 0.0}, "Fruit; tropical fresh nes": {"WSM": 0.0}, "Coffee; green": {"WSM": 0.0, "MYS": 3.0664154955433864e-06, "VNM": 1.0860100848412675e-05, "IDN": 3.5814066759815584e-05, "BRA": 0.0004580400089926}, "Cocoa; beans": {"WSM": 0.0, "IDN": 1.456480694271029e-05}, "Tea": {"MYS": 3.3207033646860296e-07, "ARG": 4.694530131810624e-07, "IND": 7.169288138234691e-07, "KEN": 2.149447922323628e-06, "VNM": 2.703676183575162e-06, "IDN": 1.3552124543769822e-05, "CHN": 3.708234657467769e-05, "LKA": 0.0001440862199409}, "Pepper (piper spp.)": {"WSM": 0.0, "MYS": 5.5008010293680274e-08, "IND": 2.708872296802496e-07, "IDN": 5.65026127285748e-07, "VNM": 1.6737718887103958e-06}, "Spices nes": {"WSM": 0.0, "IND": 3.16308052939479e-06}, "Meat; cattle": {"WSM": 0.0, "DEU": 3.679308199251258e-12, "IRL": 3.871055820910946e-12, "UKR": 4.08483599799247e-12, "FRA": 3.331934334664723e-11, "GBR": 7.671061937195607e-11, "USA": 8.708303314740601e-07, "CAN": 4.5845035841223e-09, "ARG": 6.403185285085366e-06, "MEX": 1.9234988669203405e-08, "NIC": 1.961124192550534e-08, "IND": 4.6173422049987505e-08, "BRA": 1.3209029188475931e-05, "URY": 5.135699390917725e-07, "PRY": 4.047330436066389e-08, "CHL": 3.3704784769076157e-10, "GTM": 1.2076994657322011e-09, "PHL": 8.568695346948696e-07, "THA": 1.8700876026641224e-08, "CRI": 2.1119893244238832e-08, "FJI": 0.000883533482345241, "AUS": 0.0002094272166490305, "CHN": 2.848117047206285e-06, "IDN": 1.4887290973471607e-05, "MYS": 1.9610447670142408e-05, "VNM": 5.871096483154342e-07, "NZL": 0.017176298355935465}, "Milk; whole fresh cow": {"WSM": 0.0, "EGY": 1.775671059911458e-11, "SWE": 1.0982191927769136e-09, "NLD": 5.742169205639154e-10, "CAN": 4.717929770565341e-08, "DNK": 5.8149955117281684e-09, "UKR": 1.507799599433873e-08, "SRB": 1.5087114070013046e-10, "GBR": 1.4123728070176652e-08, "POL": 4.18745440185972e-08, "RUS": 2.2238471498217677e-09, "ROU": 1.5540141852965497e-09, "EST": 4.623461389861661e-10, "MKD": 4.843476992478558e-10, "BLR": 1.3238007050687515e-10, "HUN": 3.5690805366020204e-09, "FRA": 6.351116304687933e-07, "PRT": 7.730217471266362e-10, "DEU": 1.3405818624839234e-07, "USA": 6.953685743999309e-05, "HRV": 2.33348782889204e-10, "IDN": 4.273678436917934e-05, "SVN": 3.8728088648660036e-10, "TUR": 2.530621902861688e-09, "MYS": 5.5680294430015994e-05, "ARG": 2.5363555573430828e-05, "ISR": 1.2637311324573604e-11, "URY": 3.982430476699563e-08, "AUT": 1.1248825683232148e-08, "CHE": 2.1631383891918074e-09, "MDA": 3.4504561597925143e-10, "LVA": 4.278083121073541e-10, "LTU": 2.8242089728288037e-09, "ECU": 7.913786604325649e-09, "CZE": 5.388758963249091e-09, "BEN": 1.431995859737587e-09, "SVK": 1.6800449298165931e-09, "LUX": 2.6435570935370737e-10, "BEL": 1.012875706374324e-09, "BGR": 1.042087695396091e-08, "DZA": 4.920608944286215e-10, "BRA": 3.0925683774202116e-06, "PER": 5.130134679322999e-09, "IND": 6.580353868072747e-08, "ZAF": 3.411609841787928e-08, "ITA": 4.9633538259542076e-08, "ESP": 3.348406502581096e-08, "PAK": 1.799491895384437e-09, "NIC": 3.4689899229846744e-08, "AUS": 0.01939981110502001, "BOL": 9.00061356226568e-10, "MEX": 6.901291534738144e-08, "GTM": 1.8895757841988093e-08, "CHL": 2.0584598966767963e-08, "THA": 2.67203885283811e-08, "IRL": 6.34845182244897e-09, "PRY": 6.158478463644481e-08, "CRI": 3.9512812120882677e-08, "GRC": 8.326494388244159e-09, "FIN": 4.2390219720386305e-09, "SLV": 1.2173435867191e-09, "GHA": 1.267098899275562e-09, "CHN": 1.1910028744614836e-07, "CYP": 1.615635560669547e-09, "LAO": 2.2933394160894604e-09, "MAR": 7.889032913370706e-09, "NOR": 2.5799064183942074e-08, "PHL": 7.469447524682349e-09, "FJI": 4.913871901896779e-07, "NZL": 0.010175176909825327, "VNM": 1.9388210748222666e-07, "ISL": 0.0}, "Meat; sheep": {"KWT": 2.685734386323544e-14, "GBR": 5.186668843461756e-11, "DEU": 1.8621053927512424e-12, "CAN": 2.2658720304813256e-10, "FRA": 4.421107861672208e-11, "THA": 4.232405315894123e-10, "IDN": 9.759648227091692e-06, "USA": 4.2999689809703456e-10, "MYS": 1.2846397040501453e-05, "ARG": 3.6545829073078436e-06, "LAO": 3.585172439728953e-11, "CHN": 4.987804424562669e-09, "UKR": 8.821776295081734e-11, "IND": 2.0557650365121606e-10, "AUS": 8.096721672290381e-05,