{"Wheat": {"CHN": 0.0001395231130393, "AUS": 0.1553307994284254}, "Rice; paddy": {"THA": 7.222321323185534e-06, "PNG": 0.0}, "Barley": {"AUS": 0.0056833145464859}, "Maize": {"NZL": 3.75850857277728e-05, "AUS": 0.0005537531098465, "PNG": 0.0005991225527783}, "Oats": {"CHN": 1.9828202897340543e-10, "GBR": 2.7532062961159807e-10, "AUS": 6.921291319960045e-07}, "Millet": {"AUS": 0.0}, "Potatoes": {"DEU": 1.8309739911809146e-07, "NLD": 2.461485365256451e-07, "BEL": 1.0537707378349248e-06, "FRA": 1.5742515341582474e-06, "AUS": 1.7096220203842902e-05, "NZL": 4.002680527763609e-05, "PNG": 6.795205429958177e-05}, "Sweet potatoes": {"PNG": 0.0411939096290937}, "Cassava": {"PNG": 0.0002899594466166}, "Taro (cocoyam)": {"PNG": 0.0130474575488192}, "Yams": {"PNG": 0.0080416698264552}, "Roots and tubers nes": {"PNG": 0.0004300845456951}, "Beans; dry": {"CAN": 3.500902337706842e-09, "USA": 1.368622105597358e-07, "IND": 2.312916559786913e-07, "CHN": 6.22033957442802e-07, "THA": 1.8256345980776205e-06, "MMR": 3.5611635646583782e-06, "AUS": 9.628406753765235e-06}, "Peas; dry": {"AUS": 2.4836753798230875e-06}, "Chick peas": {"CAN": 8.321673807483221e-10, "ETH": 3.728941492907453e-08, "MWI": 5.1604402997139215e-08, "MMR": 6.333846164272087e-08, "TZA": 8.51077049309305e-08, "IND": 1.2860570293439697e-07, "AUS": 6.663741192206728e-06}, "Lentils": {"MWI": 1.5399853540392192e-08, "CAN": 1.993574811490967e-08, "NPL": 4.2393071998295364e-08, "MMR": 6.149456743740494e-08, "AUS": 2.426472639111038e-07}, "Pulses nes": {"PNG": 0.0}, "Nuts nes": {"PNG": 0.0036435278230422}, "Soybeans": {"CAN": 2.709648543765012e-06, "USA": 2.6516152777922344e-05, "PRY": 0.0001182225125536, "BRA": 0.0001678980725582, "ARG": 0.0002170609127196}, "Groundnuts; with shell": {"IND": 1.3336844649056646e-05, "CHN": 8.926275159180507e-05, "PNG": 0.0}, "Coconuts": {"PNG": 0.0298523473035494}, "Olives": {"GRC": 3.395073686698176e-06, "ITA": 7.114942735575182e-06, "AUS": 7.790258230572432e-06, "TUR": 1.3109728523977028e-05, "ESP": 3.711613943767509e-05}, "Castor oil seed": {"IND": 4.493768563395603e-09}, "Sunflower seed": {"RUS": 1.1131928498295226e-06, "FRA": 2.841943125258631e-06, "CHN": 6.4065974260018105e-06, "UKR": 3.623175576467498e-05, "ARG": 0.000141233022163}, "Rapeseed": {"SWE": 1.3727595298842596e-08, "AUS": 9.648073044501998e-05}, "Sesame seed": {"MOZ": 1.5226743901333497e-07, "PAK": 1.6073891938278217e-07, "BFA": 2.159141285390667e-07, "MMR": 3.2297312213328565e-07, "SDN": 4.050978014242086e-07, "UGA": 7.744709125420037e-07, "IND": 1.1574455108754884e-06, "CHN": 1.5399635216281889e-06, "ETH": 2.0355920229322933e-06, "TZA": 2.1517279842359007e-06}, "Mustard seed": {"RUS": 2.5299594378052157e-08, "DEU": 8.147039515639287e-08, "CZE": 8.842488108190875e-08, "UKR": 1.614966045178659e-07, "USA": 4.480428033482012e-07, "CAN": 9.19744921177133e-07, "CHN": 1.1045780850716024e-06, "NPL": 1.1830649725004336e-06, "FRA": 1.634484113147516e-06}, "Oilseeds nes": {"IND": 1.0047588290964033e-07, "CHN": 1.265393307198662e-07, "ETH": 1.517779646183898e-07, "MYS": 4.09235853821765e-06}, "Cabbages and other brassicas": {"AUS": 3.529873844342977e-06}, "Asparagus": {"MEX": 1.8226834639160744e-08, "PER": 3.9126294943482415e-08, "AUS": 1.504642470690353e-07}, "Lettuce and chicory": {"NZL": 1.031995298372367e-08, "AUS": 2.289381969891208e-06}, "Spinach": {"AUS": 3.8740215725869337e-07}, "Tomatoes": {"USA": 1.0089762384911645e-07, "ITA": 2.320907737879436e-07, "AUS": 2.694324334020388e-06, "CHN": 3.955904372354447e-06, "PNG": 2.339576161689731e-05}, "Cauliflowers and broccoli": {"AUS": 8.972191251669727e-06}, "Pumpkins; squash and gourds": {"AUS": 5.281944528690248e-06, "PNG": 1.3103995945765394e-05}, "Cucumbers and gherkins": {"AUS": 4.118685218058811e-07}, "Eggplants (aubergines)": {"ESP": 6.565762381861105e-11, "THA": 6.525527077506104e-10, "ITA": 2.245505493739154e-09}, "Chillies and peppers; green": {"NZL": 1.3324882748769068e-08, "AUS": 1.3026422595593531e-06}, "Onions; shallots; green": {"NZL": 4.069887909810725e-05}, "Onions; dry": {"EGY": 3.77047910896226e-08, "AUS": 2.8200829120790617e-05}, "Garlic": {"ESP": 2.8201152473791884e-07, "MEX": 1.0243392917249264e-06, "NZL": 5.311905881637704e-06, "CHN": 6.121595022083266e-06}, "Leeks; other alliaceous vegetables": {"CHN": 1.9956660078055177e-08, "NZL": 2.3102556645155187e-08}, "Beans; green": {"AUS": 1.0359204727933665e-06, "PNG": 1.3650654401460929e-05}, "Peas; green": {"CHN": 2.118383323654342e-09, "AUS": 3.633794604163806e-07}, "Carrots and turnips": {"AUS": 6.723819975932344e-06}, "Maize; green": {"PNG": 0.0072578756036878}, "Mushrooms and truffles": {"CHN": 4.276300752270132e-08, "AUS": 4.654964513327038e-08}, "Vegetables; fresh nes": {"PNG": 0.005809936745811}, "Bananas": {"PNG": 0.0239928981734445}, "Oranges": {"CHN": 5.238491841548855e-07, "USA": 1.3045756003254794e-06, "ZAF": 2.695047226278133e-06, "THA": 3.641174568068086e-06, "BRA": 4.22696003820133e-06, "AUS": 5.776537297974987e-05}, "Tangerines; mandarins; clementines; satsumas": {"USA": 2.6207170734548767e-08, "AUS": 5.739454556160541e-06}, "Lemons and limes": {"USA": 4.0082776428667966e-08, "ARG": 1.0380148351076829e-07, "MEX": 3.5939906079778405e-07, "AUS": 2.225229198974995e-06}, "Grapefruit (inc. pomelos)": {"ISR": 5.768864879998118e-11, "NZL": 3.680612561385602e-09, "MEX": 5.3939542965768095e-09, "USA": 6.153131293404011e-09, "THA": 9.619775080297277e-08, "AUS": 5.066428014734174e-07}, "Apples": {"ZAF": 3.4163623544353445e-06, "CHN": 4.274424136461337e-06, "NZL": 1.1602856069511811e-05, "AUS": 6.352610694177946e-05}, "Pears": {"NZL": 1.000237169831773e-07, "AUS": 1.496603019521961e-05}, "Apricots": {"ZAF": 4.2359470319159454e-08, "TUR": 6.0113804861656e-08, "AUS": 5.888023880122955e-07}, "Cherries": {"USA": 2.29738651238553e-09, "AUS": 1.140449722824347e-07}, "Peaches and nectarines": {"USA": 2.920498583304062e-09, "AUS": 1.5079192509654718e-06}, "Plums and sloes": {"USA": 3.4385842982441113e-08, "CHL": 5.0623364690310543e-08, "AUS": 8.292436042389138e-07}, "Strawberries": {"AUS": 1.0738272075656864e-07}, "Berries nes": {"PNG": 0.0072703811294297}, "Grapes": {"USA": 5.77109430907251e-07, "TUR": 1.1400440036873297e-06, "NZL": 4.455444482142016e-06, "ZAF": 1.391513369899176e-05, "AUS": 0.0001585296483043}, "Watermelons": {"AUS": 1.776723654493913e-06}, "Melons; other (inc.cantaloupes)": {"AUS": 3.1208170011671526e-06}, "Mangoes; mangosteens; guavas": {"PAK": 3.558256100297011e-11, "IND": 7.985378921142744e-11, "IDN": 1.1329944071764268e-10, "PHL": 7.781501164897692e-10, "MYS": 8.239601981780044e-10, "AUS": 9.792218878023275e-10, "THA": 4.360370818130721e-09, "TWN": 4.868587344730701e-09}, "Pineapples": {"PNG": 0.0003667564418184}, "Persimmons": {"NZL": 7.204473956844706e-09, "AUS": 4.036553443797663e-08}, "Kiwi fruit": {"FRA": 6.990480346098278e-09, "ITA": 3.502293455502052e-08, "CHL": 7.048959628904022e-08, "AUS": 2.2872598258794e-07, "NZL": 2.820637622105143e-07}, "Fruit; tropical fresh nes": {"PNG": 0.0001005099143026}, "Fruit; fresh nes": {"PNG": 0.0397969565337018}, "Coffee; green": {"PNG": 0.0010399085740311}, "Tea": {"PNG": 0.0012616800175253}, "Pepper (piper spp.)": {"MYS": 9.90640876048069e-06, "IND": 4.272309848914781e-05, "CHN": 8.37352196988711e-05, "LKA": 0.0001845614176346, "VNM": 0.000232044281813, "IDN": 0.0002613173529448}, "Chillies and peppers; dry": {"CHN": 3.683114922080413e-08, "PER": 6.04552249580315e-08, "IND": 1.523154491452311e-07, "PNG": 4.390526985158778e-07}, "Vanilla": {"PNG": 0.0001198269497085}, "Nutmeg; mace and cardamoms": {"PNG": 6.041153749648492e-05}, "Anise; badian; fennel; coriander": {"EGY": 4.56889183416928e-10, "UKR": 1.4069054871116402e-09, "BGR": 1.8961088293024964e-09, "TUR": 3.950675385720684e-09, "SYR": 1.267923525587211e-08, "CHN": 2.269157180171956e-08, "IND": 1.7433220880639725e-07}, "Ginger": {"FJI": 1.1974570037123566e-10, "NGA": 2.3334027370818467e-10, "NPL": 5.929703077066758e-10, "THA": 6.880568951666844e-10, "IND": 2.296079198620218e-09,