{"Wheat": {"CHN": 8.024725576330408e-05, "AUS": 0.0866211388311182}, "Rice; paddy": {"THA": 6.898572594789831e-06, "PNG": 0.0}, "Barley": {"AUS": 0.0032325218831623}, "Maize": {"NZL": 8.181698573460515e-06, "AUS": 0.0002650055187541, "PNG": 0.0004624380136565}, "Oats": {"CHN": 8.471188050872684e-11, "GBR": 1.2384918768208959e-10, "AUS": 3.73664079182377e-07}, "Millet": {"AUS": 0.0}, "Potatoes": {"DEU": 1.3494807581072129e-07, "NLD": 1.532017962182653e-07, "FRA": 2.602181335664728e-07, "BEL": 6.904451676900328e-07, "NZL": 8.058348952942942e-06, "AUS": 9.124824499054957e-06, "PNG": 5.089608858608656e-05}, "Sweet potatoes": {"PNG": 0.0308542382610867}, "Cassava": {"PNG": 0.0007328715427178}, "Taro (cocoyam)": {"PNG": 0.0100134199602889}, "Yams": {"PNG": 0.0061716711361569}, "Roots and tubers nes": {"PNG": 0.0010870372673851}, "Beans; dry": {"CAN": 3.00892655355341e-09, "USA": 6.30166007136536e-08, "IND": 2.168795800934625e-07, "CHN": 3.014817625555464e-07, "THA": 1.7273324323870611e-06, "MMR": 3.453291714137394e-06, "AUS": 4.632395536726459e-06}, "Peas; dry": {"AUS": 1.194939831522036e-06}, "Chick peas": {"CAN": 7.15224330015084e-10, "ETH": 2.58172473811636e-08, "MWI": 3.473504110638176e-08, "TZA": 3.961486944217489e-08, "MMR": 6.141986482948854e-08, "IND": 1.2059211877754141e-07, "AUS": 3.20604288394933e-06}, "Lentils": {"MWI": 1.0365676467324608e-08, "CAN": 1.71342117207404e-08, "NPL": 3.097781813261991e-08, "MMR": 5.963182435750469e-08, "AUS": 1.1674185886477262e-07}, "Pulses nes": {"PNG": 0.0}, "Nuts nes": {"PNG": 0.0027588062215444}, "Soybeans": {"CAN": 2.3864121448985115e-06, "USA": 1.775441364473449e-05, "PRY": 4.514858418255783e-05, "BRA": 6.24281903750613e-05, "ARG": 0.000142503721255}, "Groundnuts; with shell": {"IND": 1.2531816467107992e-05, "CHN": 4.274905258821725e-05, "PNG": 0.0}, "Coconuts": {"PNG": 0.0226035988933308}, "Olives": {"GRC": 1.3948334306135935e-06, "AUS": 3.5670301976375457e-06, "ITA": 4.963754498950978e-06, "TUR": 9.126343738038755e-06, "ESP": 2.537372576398522e-05}, "Castor oil seed": {"IND": 4.182695161063882e-09}, "Sunflower seed": {"RUS": 8.055671665872164e-07, "FRA": 9.14753152670526e-07, "CHN": 2.725556827933186e-06, "UKR": 2.9459974212062127e-05, "ARG": 7.968850062631036e-05}, "Rapeseed": {"SWE": 1.2532848338909069e-08, "AUS": 6.19931201676688e-05}, "Sesame seed": {"MOZ": 4.0357118404759015e-08, "BFA": 1.1794004424683669e-07, "PAK": 1.508877655238057e-07, "MMR": 3.147846974699691e-07, "SDN": 3.157299083327478e-07, "CHN": 5.558847790338653e-07, "UGA": 5.630967881257483e-07, "TZA": 9.929610317987318e-07, "IND": 1.077323335466982e-06, "ETH": 1.3960603751763531e-06}, "Mustard seed": {"RUS": 1.5203511104932938e-08, "DEU": 5.980999383456202e-08, "CZE": 6.761134206339383e-08, "UKR": 1.314993684033692e-07, "USA": 2.303339600951288e-07, "FRA": 3.180240917751555e-07, "CHN": 3.987225256455959e-07, "NPL": 7.550903785016601e-07, "CAN": 7.708630202245056e-07}, "Oilseeds nes": {"CHN": 4.567724294010215e-08, "IND": 9.352061267085261e-08, "ETH": 1.0409315807959438e-07, "MYS": 3.855803439038287e-06}, "Cabbages and other brassicas": {"AUS": 1.326622604510225e-06}, "Asparagus": {"MEX": 9.42709263687279e-09, "PER": 1.4685721654779444e-08, "AUS": 5.6548556728816274e-08}, "Lettuce and chicory": {"NZL": 2.923402359320524e-09, "AUS": 8.604120162773504e-07}, "Spinach": {"AUS": 1.45596268172317e-07}, "Tomatoes": {"USA": 4.0977778423244384e-08, "ITA": 1.7401041286788612e-07, "AUS": 1.0126003712913728e-06, "CHN": 2.176677763277862e-06, "PNG": 1.754187412712821e-05}, "Cauliflowers and broccoli": {"AUS": 3.3719935191251647e-06}, "Pumpkins; squash and gourds": {"AUS": 1.9850984246248165e-06, "PNG": 9.82522609039558e-06}, "Cucumbers and gherkins": {"AUS": 1.547913934628437e-07}, "Eggplants (aubergines)": {"ESP": 3.986228434193074e-11, "THA": 6.176899913100737e-10, "ITA": 1.683571180729781e-09}, "Chillies and peppers; green": {"NZL": 3.774628985893439e-09, "AUS": 4.895683934685692e-07}, "Onions; shallots; green": {"NZL": 1.1529044692815755e-05}, "Onions; dry": {"EGY": 3.77047910896226e-08, "AUS": 1.0598638656032364e-05}, "Garlic": {"ESP": 1.7121581520922869e-07, "MEX": 5.297980469923317e-07, "NZL": 1.5047392378007791e-06, "CHN": 3.368316952624053e-06}, "Leeks; other alliaceous vegetables": {"NZL": 6.544416307836072e-09, "CHN": 1.0980856495108833e-08}, "Beans; green": {"AUS": 3.89327091075799e-07, "PNG": 1.0235104340027576e-05}, "Peas; green": {"CHN": 1.1656090341619383e-09, "AUS": 1.365678852731994e-07}, "Carrots and turnips": {"AUS": 2.5269944372160804e-06}, "Maize; green": {"PNG": 0.0056020551420926}, "Mushrooms and truffles": {"AUS": 1.7494622807750865e-08, "CHN": 2.3529711237723493e-08}, "Vegetables; fresh nes": {"PNG": 0.0043562240353819}, "Bananas": {"PNG": 0.0186261344003252}, "Oranges": {"CHN": 2.2262466014679418e-07, "USA": 5.622677313505119e-07, "ZAF": 7.862202767756887e-07, "BRA": 1.6082438340652909e-06, "THA": 3.4585135700819046e-06, "AUS": 3.110130895694909e-05}, "Tangerines; mandarins; clementines; satsumas": {"USA": 1.1295203152928744e-08, "AUS": 3.0901652700848025e-06}, "Lemons and limes": {"USA": 1.7275542914610753e-08, "ARG": 5.202219315431684e-08, "MEX": 1.7144097872080638e-07, "AUS": 1.1980800477408317e-06}, "Grapefruit (inc. pomelos)": {"ISR": 5.230959095475105e-11, "NZL": 7.680957994234292e-10, "MEX": 2.573030663262458e-09, "USA": 2.651979059075572e-09, "THA": 9.13719516447028e-08, "AUS": 2.7278027452471936e-07}, "Apples": {"ZAF": 9.966479732452e-07, "CHN": 1.8165385181197568e-06, "NZL": 2.4213646124577745e-06, "AUS": 3.420293121834572e-05}, "Pears": {"NZL": 2.087364414921572e-08, "AUS": 8.057822618469478e-06}, "Apricots": {"ZAF": 1.2357436320102576e-08, "TUR": 4.4645821221363743e-08, "AUS": 3.170156105558157e-07}, "Cherries": {"USA": 9.901659221834275e-10, "AUS": 6.14026662510447e-08}, "Peaches and nectarines": {"USA": 1.258725145891944e-09, "AUS": 8.11875005513233e-07}, "Plums and sloes": {"USA": 1.4820183605678676e-08, "CHL": 1.5377042150059172e-08, "AUS": 4.464709601208594e-07}, "Strawberries": {"AUS": 5.781566018899602e-08}, "Berries nes": {"PNG": 0.0055049868333714}, "Grapes": {"USA": 2.487322393399416e-07, "TUR": 8.466973749249071e-07, "NZL": 9.297931075932796e-07, "ZAF": 4.0594317463225605e-06, "AUS": 8.535354861254009e-05}, "Watermelons": {"AUS": 9.566013073075137e-07}, "Melons; other (inc.cantaloupes)": {"AUS": 1.6802712203628404e-06}, "Mangoes; mangosteens; guavas": {"PAK": 3.3481740793300173e-11, "IND": 7.407872133201813e-11, "IDN": 8.824976558787428e-11, "AUS": 5.272203899838644e-10, "PHL": 6.990621763117241e-10, "MYS": 7.757129975813806e-10, "TWN": 3.389108442241445e-09, "THA": 4.141631048767736e-09}, "Pineapples": {"PNG": 0.0002777006249496}, "Persimmons": {"NZL": 1.503479676552722e-09, "AUS": 2.1733105717294986e-08}, "Kiwi fruit": {"FRA": 1.3364975069411212e-09, "CHL": 2.1411486571628296e-08, "ITA": 2.6419477836958708e-08, "NZL": 5.8863025463865815e-08, "AUS": 1.231477801319319e-07}, "Fruit; tropical fresh nes": {"PNG": 7.610409207019443e-05}, "Fruit; fresh nes": {"PNG": 0.0301334576311914}, "Coffee; green": {"PNG": 0.0007812425871681}, "Tea": {"PNG": 0.000947850787737}, "Pepper (piper spp.)": {"MYS": 9.333777725110204e-06, "CHN": 3.022612772700309e-05, "IND": 3.9765665453226136e-05, "LKA": 0.0001525273371922, "IDN": 0.0002043767944281, "VNM": 0.0002203955588014}, "Chillies and peppers; dry": {"CHN": 2.0265794103910145e-08, "PER": 2.269135392434133e-08, "IND": 1.4313242847104262e-07, "PNG": 3.291966852226328e-07}, "Vanilla": {"PNG": 9.173710818728386e-05}, "Nutmeg; mace and cardamoms": {"PNG": 4.624986085813309e-05}, "Anise; badian; fennel; coriander": {"EGY": 4.56889183416928e-10, "UKR": 1.145579397850116e-09, "BGR": 1.3289590136530015e-09, "TUR": 2.639085138357975e-09, "CHN": 8.191037774448974e-09, "SYR": 8.64045005755781e-09, "IND": 1.6226436139406134e-07}, "Ginger": {"FJI": 8.896428767106849e-11, "NGA": 1.3864494609404808e-10, "NPL": 3.7846287777429366e-10, "THA": 6.571760729555355e-10,