{"Wheat": {"CAN": 6.955568017876529e-05, "UKR": 0.0001026333058607, "CHN": 0.0003448707053608, "IND": 0.0011634525753951, "USA": 0.0015773955422114, "MMR": 0.0267885478156417, "AUS": 0.1401204622448707}, "Rice; paddy": {"MMR": 0.0004758331960191}, "Barley": {"DEU": 2.177779918460468e-06, "CAN": 6.75778343158084e-06, "FRA": 1.2581418950388857e-05, "CHN": 5.21035992014948e-05, "USA": 0.0003460284192867, "AUS": 0.003789580151388, "THA": 0.0}, "Maize": {"MMR": 0.0150169020670669}, "Oats": {"CAN": 8.698309493813877e-09, "CHN": 2.4671314310899956e-08, "GBR": 3.4689743983307687e-08, "AUS": 8.971959879286699e-05}, "Sorghum": {"MMR": 0.0393612847009504}, "Cereals nes": {"MMR": 0.0003023349416555}, "Potatoes": {"MMR": 0.0102005277583127}, "Sweet potatoes": {"MMR": 0.0022649104919486}, "Cassava": {"MMR": 0.0005920589883434}, "Beans; dry": {"MMR": 0.0478546020831072}, "Peas; dry": {"MMR": 0.007669695482876}, "Chick peas": {"MMR": 0.0582754183559919}, "Cow peas; dry": {"MMR": 0.0374566896338986}, "Pigeon peas": {"MMR": 0.0707803406478726}, "Chestnut": {"CHN": 1.1040131828191249e-08}, "Almonds; with shell": {"AUS": 4.981540981848071e-08, "USA": 4.784184144871754e-07}, "Areca nuts": {"THA": 0.0027393699256414, "MMR": 0.0112528433305772}, "Soybeans": {"ARG": 0.0001227807922376, "IND": 0.0022431878365802, "MMR": 0.0153403754799109}, "Groundnuts; with shell": {"MMR": 0.0759921318445213}, "Coconuts": {"MMR": 0.0282454356254009}, "Oil palm fruit": {"THA": 0.0003999870058052, "IDN": 0.0023793004086612, "MYS": 0.0027391551108908}, "Olives": {"TUN": 2.1095008283697133e-06, "GRC": 2.4913756003832684e-06, "ITA": 8.754629435540962e-06, "TUR": 8.944650447742359e-06, "ESP": 2.531709905828135e-05}, "Sunflower seed": {"MMR": 0.0253640966597555}, "Rapeseed": {"IND": 0.0001006047716314}, "Sesame seed": {"MMR": 0.1638830381885436}, "Mustard seed": {"MMR": 5.416330708018737e-05}, "Cabbages and other brassicas": {"MYS": 6.127527994098346e-07, "IDN": 2.031546775324273e-06, "CHN": 3.1343206100393004e-06, "THA": 1.2656375704798898e-05}, "Tomatoes": {"ITA": 2.537766955367743e-07, "MYS": 1.871403550339088e-06, "CHN": 1.3271467987246588e-05}, "Cucumbers and gherkins": {"MYS": 7.209746502912343e-07, "THA": 3.7491594981560254e-05}, "Chillies and peppers; green": {"CHN": 5.31738424598036e-07, "THA": 8.567478997892397e-06}, "Onions; dry": {"MMR": 0.0214009419541367}, "Garlic": {"MMR": 0.0083363395900443}, "Carrots and turnips": {"CHN": 3.9181223717562325e-06, "AUS": 6.849857086601264e-06}, "Mushrooms and truffles": {"CHN": 1.191682274745527e-06}, "Vegetables; fresh nes": {"MMR": 0.0850103514085741}, "Plantains and others": {"MMR": 0.0316316910006496}, "Oranges": {"CYP": 1.3062704208576732e-05, "USA": 2.0286402491885607e-05, "CHN": 2.578339852730975e-05, "BRA": 3.811481020757971e-05, "ZAF": 8.8008561100167e-05, "THA": 0.0011482470545235}, "Tangerines; mandarins; clementines; satsumas": {"CHN": 8.733542187424115e-06}, "Lemons and limes": {"USA": 9.257266236380357e-08, "CHN": 3.446945625364903e-07, "TUR": 4.167766139500464e-07, "MYS": 1.5912934627291617e-06, "ZAF": 6.530293122928695e-06, "THA": 3.617521220867146e-05}, "Grapefruit (inc. pomelos)": {"MYS": 1.5311990456620598e-07, "ZAF": 3.53900210489335e-07, "THA": 6.372429803406395e-06}, "Pears": {"CHN": 0.0001137892486095}, "Apricots": {"USA": 3.0383042224416947e-10, "CHN": 1.652073843571357e-09, "PAK": 2.588355461903298e-09, "TUR": 1.889381493252285e-08}, "Strawberries": {"EGY": 1.4519019145913707e-10, "MEX": 8.574325565725655e-09, "KOR": 1.1375145914554874e-08, "NZL": 1.3174999957164213e-08, "USA": 1.4525591450086576e-08, "AUS": 6.732046851481806e-08}, "Grapes": {"ITA": 1.6669839999695708e-06, "FRA": 3.915176769770873e-06, "USA": 4.2549166853691615e-06, "PER": 1.5122166267290348e-05, "ZAF": 1.648678135013518e-05, "AUS": 1.6597791756342903e-05, "THA": 3.5758899773282654e-05, "CHN": 3.812076508411957e-05, "CHL": 4.15671418449443e-05}, "Mangoes; mangosteens; guavas": {"MMR": 5.870348235410749e-05, "THA": 0.0003481452106672}, "Pineapples": {"IDN": 1.0849915137575413e-07, "PHL": 8.12493516234968e-07, "MYS": 3.141773706726803e-06, "KEN": 6.2604670512652895e-06, "CRI": 1.084548867976562e-05, "THA": 2.3183861465556528e-05}, "Kiwi fruit": {"ITA": 1.150744989035891e-07, "CHL": 5.629144014147509e-07, "NZL": 6.115665066179498e-07}, "Fruit; fresh nes": {"THA": 0.0005567464105462, "MMR": 0.1004154440837685}, "Coffee; green": {"MYS": 8.822400525779962e-05, "IND": 0.0007307316093393, "VNM": 0.0008144245156171, "BRA": 0.0018669547441726, "IDN": 0.0027618284339583, "MMR": 0.0028155144013276, "THA": 0.003769105792122}, "Cocoa; beans": {"NGA": 1.2448357660777216e-05, "CMR": 1.9147972944459063e-05, "PNG": 5.476369267720152e-05, "CIV": 8.652123435089384e-05, "ECU": 0.0001120705932769, "GHA": 0.0001653962284214, "IDN": 0.0001862030032623}, "Tea": {"CHN": 0.0018349682742529, "MMR": 0.017413734678583}, "Pepper (piper spp.)": {"MYS": 4.234964751236733e-07, "THA": 3.2351341259045327e-06, "VNM": 1.3777547920467688e-05, "IDN": 0.0001520968433487}, "Chillies and peppers; dry": {"MMR": 0.0302721985510819}, "Vanilla": {"COM": 0.0, "MDG": 0.001939812472466}, "Cinnamon (cannella)": {"IDN": 2.972347571703631e-06}, "Cloves": {"COM": 0.0, "TZA": 9.354783979441662e-06, "LKA": 2.178079856429436e-05, "IDN": 3.83111122842957e-05, "MDG": 0.0029168491412392}, "Anise; badian; fennel; coriander": {"IND": 7.828914489222527e-05}, "Spices nes": {"IND": 2.2197524508137573e-06, "MMR": 0.0001952934387486}, "Meat; cattle": {"ARE": 2.067182634780393e-14, "SWE": 6.161122995935956e-10, "VNM": 3.456346846590977e-09, "DNK": 7.28524826681559e-11, "NLD": 1.4322907093060295e-11, "LTU": 3.351525191751406e-10, "CAN": 3.611639375151934e-09, "THA": 0.00022493808777792918, "GBR": 3.896351401609639e-09, "ROU": 6.61716463419664e-10, "POL": 5.373118681200409e-09, "UKR": 1.1090940415244063e-08, "BEL": 4.7453851914634924e-11, "USA": 5.2373660786829525e-06, "HUN": 8.480993826888014e-10, "DEU": 3.26125171637117e-09, "FRA": 4.3532530162248955e-08, "SVK": 1.7834729272512744e-11, "AUT": 4.983848124210175e-10, "RUS": 9.06985460372562e-10, "IRL": 1.0236839185615455e-09, "ARG": 1.9141710634208795e-05, "ZAF": 1.652968929867925e-06, "ZMB": 6.128331145881546e-11, "IND": 3.247834350192652e-05, "MEX": 2.5113194514330678e-08, "CHN": 2.4691409811287112e-08, "BRA": 0.00011717074687367995, "URY": 4.227170713077243e-07, "NAM": 1.8155160922731846e-10, "NIC": 5.1208861269707854e-08, "IDN": 4.398691207368235e-07, "MWI": 3.437484281199632e-10, "BGR": 3.987118567204359e-10, "MYS": 5.145755918920109e-07, "AUS": 0.00012266384799780133, "PRY": 3.530312015256726e-07, "CHL": 8.8009910536069e-10, "TUR": 2.5968457733735405e-07, "PAN": 2.3835498314936432e-07, "ESP": 4.141696666625139e-08, "GTM": 3.153544004561418e-09, "ITA": 4.436367246921319e-08, "PAK": 4.072141926481957e-07, "CRI": 5.514825054341288e-08, "PHL": 8.699404380034989e-08, "NZL": 8.398921090222398e-07, "NPL": 2.4778526168726833e-05, "LAO": 1.9341300972868982e-05, "MMR": 0.22198915667715138, "ISL": 0.0}, "Milk; whole fresh cow": {"MMR": 0.048875819440235, "MDA": 7.1982054197522536e-09, "SEN": 7.616442858745602e-10, "DEU": 3.165643060899114e-06, "EGY": 9.115559907952928e-10, "DNK": 1.2125370531961147e-07, "UKR": 1.798882479031546e-06, "PAK": 7.970459930073502e-07, "USA": 6.8390159997004e-05, "FRA": 1.6520602655415525e-05, "CAN": 1.9875765542106966e-06, "RUS": 4.079540795619123e-07, "ETH": 5.342702645331808e-10, "BRA": 0.00020368510161468235, "KAZ": 4.956687815150817e-10, "ARG": 6.842765697464057e-05, "THA": 0.00018053618875391904, "HUN": 5.6976514330988916e-08, "NGA": 4.963699084362995e-10, "MDG": 6.243815044157608e-09, "TZA": 4.307053197236005e-09, "ROU": 9.301184810556248e-09, "IRQ": 7.993811218560402e-11, "BGR": 2.4990301996877494e-08, "TUR": 0.00010636781023614773, "HRV": 3.4380043055995856e-09, "ARM": 2.2352774740694856e-10, "IDN": 5.7874763287476195e-05, "POL": 1.1530095655674867e-05, "MKD": 8.729958287271207e-10, "NZL": 0.01517804874510549, "MYS": 7.516486893134462e-05,