{"Wheat": {"CAN": 5.76334185933023e-05, "UKR": 8.294638735765847e-05, "CHN": 0.0001983537142735, "USA": 0.0008445626612857, "IND": 0.0011118828268553, "MMR": 0.0255736066545889, "AUS": 0.0781390043562235}, "Rice; paddy": {"MMR": 0.000460522516032}, "Barley": {"DEU": 1.586085477309746e-06, "FRA": 4.307065366270756e-06, "CAN": 5.657760580722964e-06, "CHN": 1.9037531844071103e-05, "USA": 0.0001112768091846, "AUS": 0.0021554148846, "THA": 0.0}, "Maize": {"MMR": 0.0140048639174477}, "Oats": {"CAN": 7.305221286128061e-09, "CHN": 1.0540306858462266e-08, "GBR": 1.5604702848795633e-08, "AUS": 4.8437480403212494e-05}, "Sorghum": {"MMR": 0.0384029289587921}, "Cereals nes": {"MMR": 0.0007641505655152}, "Potatoes": {"MMR": 0.0091882189110445}, "Sweet potatoes": {"MMR": 0.0020401388934986}, "Cassava": {"MMR": 0.0014964271356914}, "Beans; dry": {"MMR": 0.0464050296641708}, "Peas; dry": {"MMR": 0.0074373713478992}, "Chick peas": {"MMR": 0.0565101871039563}, "Cow peas; dry": {"MMR": 0.0365070400804666}, "Pigeon peas": {"MMR": 0.0689858275837179}, "Chestnut": {"CHN": 4.691819078027214e-09}, "Almonds; with shell": {"AUS": 2.682098931698636e-08, "USA": 2.061967405207488e-07}, "Areca nuts": {"THA": 0.0026019483230467, "MMR": 0.0106816519226459}, "Soybeans": {"ARG": 8.060741832000683e-05, "IND": 0.0021133143611343, "MMR": 0.0146554976976296}, "Groundnuts; with shell": {"MMR": 0.0738073299678842}, "Coconuts": {"MMR": 0.0268117046412801}, "Oil palm fruit": {"THA": 0.0003828061491159, "IDN": 0.0018705434396196, "MYS": 0.002567953101505}, "Olives": {"GRC": 1.0235577475813797e-06, "TUN": 1.7015269082654994e-06, "ITA": 6.107685312776038e-06, "TUR": 6.226822657189151e-06, "ESP": 1.730754163490442e-05}, "Sunflower seed": {"MMR": 0.0246603552567241}, "Rapeseed": {"IND": 9.284844685887624e-05}, "Sesame seed": {"MMR": 0.1597280673261431}, "Mustard seed": {"MMR": 5.279009014927767e-05}, "Cabbages and other brassicas": {"MYS": 5.816727671877176e-07, "IDN": 1.63064431821204e-06, "CHN": 1.7246134720884412e-06, "THA": 1.1980207125432688e-05}, "Tomatoes": {"ITA": 1.902694658898841e-07, "MYS": 1.776482266093398e-06, "CHN": 7.302428606660295e-06}, "Cucumbers and gherkins": {"MYS": 6.844053920455552e-07, "THA": 3.54886014620772e-05}, "Chillies and peppers; green": {"CHN": 2.925811889669316e-07, "THA": 8.109760276682327e-06}, "Onions; dry": {"MMR": 0.0206703806142402}, "Garlic": {"MMR": 0.0080517629843142}, "Carrots and turnips": {"CHN": 2.155888777293012e-06, "AUS": 2.57436261165906e-06}, "Mushrooms and truffles": {"CHN": 6.557055136262419e-07}, "Vegetables; fresh nes": {"MMR": 0.0821083634323804}, "Plantains and others": {"MMR": 0.0139445162495385}, "Oranges": {"USA": 8.743371793501353e-06, "CHN": 1.0957390997624511e-05, "CYP": 1.2792695849105191e-05, "BRA": 1.450165318548707e-05, "ZAF": 2.5674546476263664e-05, "THA": 0.0010906447756453}, "Tangerines; mandarins; clementines; satsumas": {"CHN": 3.711567985907401e-06}, "Lemons and limes": {"USA": 3.9898508633295467e-08, "CHN": 1.4648779106706644e-07, "TUR": 3.095351265567274e-07, "MYS": 1.4981148661486946e-06, "ZAF": 1.905068236457505e-06, "THA": 3.436046802630072e-05}, "Grapefruit (inc. pomelos)": {"ZAF": 1.032425401413668e-07, "MYS": 1.441539293075981e-07, "THA": 6.052754279553475e-06}, "Pears": {"CHN": 4.835798845600973e-05}, "Apricots": {"USA": 1.3094989833312518e-10, "CHN": 7.02095925864298e-10, "PAK": 2.4355370780966316e-09, "TUR": 1.4032215821444358e-08}, "Strawberries": {"EGY": 1.4519019145913707e-10, "NZL": 2.749450521000246e-09, "MEX": 4.090135248533464e-09, "USA": 6.260481453989262e-09, "KOR": 1.0962461224909974e-08, "AUS": 3.6245843875013204e-08}, "Grapes": {"FRA": 7.485356846691005e-07, "ITA": 1.2574859131970602e-06, "USA": 1.8338548959301988e-06, "ZAF": 4.809652932926312e-06, "PER": 6.493804340935972e-06, "AUS": 8.936375250240071e-06, "CHL": 1.262617955399432e-05, "CHN": 1.6200506993399602e-05, "THA": 3.3965040072965885e-05}, "Mangoes; mangosteens; guavas": {"MMR": 5.572370882031991e-05, "THA": 0.0003306803650698}, "Pineapples": {"IDN": 8.45107850025123e-08, "PHL": 7.299150557999687e-07, "MYS": 2.957806342049681e-06, "KEN": 2.9998498402805102e-06, "CRI": 4.744219196320129e-06, "THA": 2.202083365864784e-05}, "Kiwi fruit": {"ITA": 8.6806208903094e-08, "NZL": 1.276259473027689e-07, "CHL": 1.7098741915680544e-07}, "Fruit; fresh nes": {"THA": 0.0005288170012101, "MMR": 0.0953183821946725}, "Coffee; green": {"MYS": 8.354845806243121e-05, "IND": 0.0006802145013432, "BRA": 0.0007140341172699, "VNM": 0.0007777436664495, "IDN": 0.002201576175542, "MMR": 0.0025614419609014, "THA": 0.0036082565783058}, "Cocoa; beans": {"NGA": 6.985363566456227e-06, "CMR": 1.4998387421081525e-05, "CIV": 4.019129465252378e-05, "PNG": 4.114181767361584e-05, "ECU": 4.806822867059998e-05, "GHA": 9.481943393100352e-05, "IDN": 0.0001484306884367}, "Tea": {"CHN": 0.0009097601319746, "MMR": 0.0158423166582607}, "Pepper (piper spp.)": {"MYS": 3.990166428363921e-07, "THA": 3.089937409654672e-06, "VNM": 1.3085909073559506e-05, "IDN": 0.0001189552279477}, "Chillies and peppers; dry": {"MMR": 0.0292388002089675}, "Vanilla": {"COM": 0.0, "MDG": 0.0004147174678711}, "Cinnamon (cannella)": {"IDN": 2.3246786399190325e-06}, "Cloves": {"COM": 0.0, "TZA": 4.31696572268136e-06, "LKA": 1.8000334249212215e-05, "IDN": 2.9963193149647583e-05, "MDG": 0.0006236006352093}, "Anise; badian; fennel; coriander": {"IND": 7.286971344539007e-05}, "Spices nes": {"IND": 2.066093903991077e-06, "MMR": 0.0001903421115302}, "Meat; cattle": {"ARE": 1.4735630927233832e-14, "NLD": 9.482680602635931e-12, "SWE": 5.583829477462431e-10, "GBR": 1.6090702333215749e-09, "DNK": 8.383328409439766e-11, "LTU": 3.001718706506865e-10, "CAN": 3.165476906847786e-09, "FRA": 1.0658354736070136e-08, "ROU": 4.5260280779269095e-10, "BEL": 3.154137599773096e-11, "POL": 4.419146251705549e-09, "UKR": 9.045171175285733e-09, "USA": 3.128061770438572e-06, "VNM": 3.2928234995903302e-09, "IRL": 2.297847377050055e-10, "DEU": 2.783707846055804e-09, "THA": 0.00021274663827800308, "HUN": 7.660784821795563e-10, "ZMB": 1.2600367092961274e-11, "SVK": 1.3762487956585402e-11, "RUS": 6.085566940993057e-10, "NAM": 1.871543126928112e-11, "ZAF": 6.29044425837731e-07, "URY": 9.705189090342285e-08, "ARG": 1.2456942266311559e-05, "CHN": 1.2876992468991357e-08, "BRA": 4.3439506576849955e-05, "MEX": 1.4798370783913822e-08, "AUT": 4.008020674426505e-10, "IND": 3.0230102541505083e-05, "NIC": 1.938813101713488e-08, "IDN": 3.446995351740409e-07, "CHL": 2.222727135744403e-10, "MWI": 2.38292392696252e-10, "PRY": 1.3242171469830782e-07, "BGR": 2.7899633510672985e-10, "AUS": 6.652865999798855e-05, "PAN": 1.0019310084378194e-07, "MYS": 4.824137128649599e-07, "TUR": 1.8036014734242737e-07, "GTM": 2.0214738408398743e-09, "ESP": 2.7979790114211907e-08, "ITA": 3.682685848937011e-08, "PAK": 3.771697126163045e-07, "CRI": 2.4832976190756297e-08, "NZL": 1.7858214785940612e-07, "PHL": 7.815233114602973e-08, "NPL": 1.7205079465139562e-05, "LAO": 1.5086370412405014e-05, "MMR": 0.217309913808123, "ISL": 0.0}, "Milk; whole fresh cow": {"MMR": 0.0472815791696163, "MDA": 6.113476579575443e-09, "SEN": 4.3581695159019074e-10, "DEU": 2.8269644508231536e-06, "FRA": 4.198831996984601e-06, "UKR": 1.4655867165749502e-06, "EGY": 9.115559907952928e-10, "USA": 4.399064072162721e-05, "DNK": 1.4010801277723771e-07, "PAK": 7.382395835985411e-07, "BRA": 7.553945848030538e-05, "ETH": 3.4941895023688627e-10, "KAZ": 2.52354169198664e-10, "RUS": 2.7602405620573043e-07, "ARG": 4.420511520740974e-05, "CAN": 1.7183211352521573e-06, "NGA": 2.912772294982897e-10, "NZL": 0.015079056769997233, "TZA": 2.0325612531655717e-09, "HUN": 5.1354773597541374e-08, "THA": 0.00017082176725986554, "BOL": 5.6153538567626007e-08, "ROU": 6.840341173557072e-09, "IRQ": 4.116271360321276e-11, "ARM": 9.172466360821167e-11, "MKD": 2.8864812322890855e-10, "BGR": 1.7532258501099716e-08, "ZAF": 3.746245365211429e-07, "HRV": 2.216402927778782e-09, "TUR": 7.387373604583504e-05, "BIH": 5.3372447804584936e-11,