{"Wheat": {"NLD": 1.1054859436270934e-07, "DEU": 5.457164560935304e-07, "CAN": 1.3181748129640718e-06, "FRA": 3.2988330976054365e-06, "RUS": 6.688988215095906e-06, "USA": 5.448613249772803e-05}, "Rice; paddy": {"USA": 2.1480433748823247e-09, "URY": 1.9860864130420933e-08, "GUY": 2.829492780935178e-07}, "Barley": {"GBR": 2.7716334482399443e-08, "DNK": 2.7044517291114614e-07}, "Maize": {"DMA": 0.0, "USA": 9.5436311455134e-08, "CAN": 3.068698546859395e-07, "BLZ": 2.764982589866009e-06}, "Oats": {"FIN": 1.963736197221578e-09, "IRL": 4.521390923223489e-09, "CAN": 8.424903502690789e-08, "GBR": 2.662623955104e-07}, "Potatoes": {"DMA": 0.0, "CAN": 2.1744907300309216e-08, "DEU": 5.46562332564369e-08, "BEL": 1.074603373997384e-07, "NLD": 1.4448972171289518e-07, "FRA": 2.022362079625052e-07, "USA": 3.7331398262917204e-07}, "Sweet potatoes": {"DMA": 0.0}, "Cassava": {"THA": 1.0347983901930597e-07, "DMA": 4.114305131623748e-07, "CRI": 4.934467625728903e-07}, "Yautia (cocoyam)": {"DMA": 0.0}, "Taro (cocoyam)": {"DMA": 0.0}, "Yams": {"DMA": 0.0}, "Roots and tubers nes": {"CRI": 1.976177752653189e-09, "DMA": 3.0421261235602153e-08}, "Beans; dry": {"CHN": 3.733954782471414e-07, "CAN": 5.926490919972849e-07, "USA": 2.4563705503152267e-06, "BLZ": 2.841714494937508e-06}, "Peas; dry": {"CAN": 8.757331811894014e-08, "BLZ": 2.483354316424577e-06}, "Lentils": {"CAN": 1.625544348008248e-06, "USA": 4.278849895889539e-06}, "Pulses nes": {"DMA": 0.0}, "Almonds; with shell": {"USA": 1.5812296782710312e-09}, "Nuts nes": {"DMA": 0.0, "CHN": 1.325797799960755e-07, "MEX": 1.1545174140695172e-06, "USA": 1.2574986395458262e-06, "IDN": 1.294341954212333e-06, "THA": 2.257882699186143e-06}, "Soybeans": {"CAN": 9.026637875951949e-08, "USA": 4.2842006099180673e-07, "PRY": 2.4808044413766696e-06, "ARG": 4.376661987956949e-06, "BRA": 1.7064120610466033e-05}, "Groundnuts; with shell": {"IND": 1.1054689632133357e-07, "MMR": 1.5026513966934762e-07, "USA": 2.845687996580847e-07, "THA": 3.579957149410972e-07, "CHN": 7.678227858518172e-07, "NIC": 1.5087000602851366e-05}, "Coconuts": {"DMA": 0.0, "GUY": 1.0486497478525776e-06, "CRI": 4.302591930938319e-05}, "Olives": {"TUN": 7.615073391615105e-08, "GRC": 9.614883878822693e-08, "ESP": 1.273656737008003e-07, "ITA": 4.444211910257872e-07}, "Sesame seed": {"SDN": 1.4117250979916952e-08, "BFA": 1.805853657252989e-08, "MMR": 2.572637370964647e-08, "NGA": 3.991157278954324e-08, "ETH": 7.918697842624959e-08, "IND": 2.450027101170596e-07, "MEX": 3.400698630990912e-07, "VEN": 7.681959114824468e-07, "GTM": 9.835398614928845e-07}, "Oilseeds nes": {"BGR": 8.19598349551822e-09, "FRA": 1.3616972255373348e-08, "ITA": 4.6143394231986527e-08, "MYS": 1.791194992867203e-07, "CHN": 2.280906015110717e-07, "IND": 2.4338542691968904e-07, "BRA": 3.904984433539728e-07, "ETH": 9.73151845190788e-07}, "Cabbages and other brassicas": {"DMA": 0.0}, "Lettuce and chicory": {"DMA": 0.0}, "Tomatoes": {"DMA": 0.0, "USA": 3.61161109742923e-08}, "Pumpkins; squash and gourds": {"DMA": 0.0}, "Cucumbers and gherkins": {"DMA": 0.0}, "Onions; dry": {"EGY": 3.308987151472866e-09, "FRA": 1.9307750713168773e-08, "NLD": 7.869192724587811e-08}, "Carrots and turnips": {"DMA": 0.0}, "Maize; green": {"USA": 4.641571929708345e-09, "THA": 2.816133082123916e-06}, "Mushrooms and truffles": {"JPN": 1.0418090655186952e-11, "CHN": 2.0513694627395194e-10, "TWN": 2.9555395667666766e-09}, "Vegetables; fresh nes": {"DMA": 0.0, "CHN": 7.078353236248321e-06, "MEX": 7.473959409322446e-06, "CRI": 5.367441691161971e-05}, "Bananas": {"DMA": 0.0}, "Plantains and others": {"DMA": 0.0}, "Oranges": {"DMA": 0.0, "ISR": 2.733994218949066e-07}, "Lemons and limes": {"DMA": 0.0}, "Grapefruit (inc. pomelos)": {"DMA": 0.0}, "Apples": {"CAN": 3.7923129976049745e-09, "GBR": 1.3650543173209624e-08, "CHL": 7.450492174181794e-07, "CHN": 1.0098852812954594e-06, "USA": 1.3030372746537444e-06}, "Plums and sloes": {"CAN": 7.46217889362442e-10, "GBR": 7.107167177611239e-09, "ITA": 7.577634383396013e-09, "FRA": 7.920075057971509e-09, "ARG": 2.3319293659338565e-08, "ESP": 2.748476592602111e-08, "USA": 7.291596555279708e-08, "ZAF": 3.585658884139612e-07, "CHL": 4.2352141123487547e-07}, "Grapes": {"ITA": 2.6439778957154505e-07, "USA": 4.764256763422807e-07, "FRA": 6.066574521712062e-07, "TUR": 6.456298024715552e-07, "ARG": 7.923575421058257e-07, "ZAF": 1.138687426027999e-06, "ESP": 1.4631363715657692e-06, "AUS": 1.7702953144619154e-06, "CHL": 7.4628523739153056e-06}, "Watermelons": {"DMA": 0.0}, "Mangoes; mangosteens; guavas": {"DMA": 0.0}, "Avocados": {"DMA": 0.0}, "Pineapples": {"DMA": 0.0, "THA": 2.308648530341347e-07, "CRI": 2.327019600236809e-06}, "Papayas": {"DMA": 0.0}, "Fruit; fresh nes": {"DMA": 0.0}, "Tea": {"MWI": 6.635622420991675e-08, "IDN": 1.7899517084908986e-07, "IND": 4.06510034252461e-07, "ARG": 5.043836855617276e-07, "VNM": 7.074437616452771e-07, "KEN": 1.0495848063210151e-06, "CHN": 2.08813163826429e-06, "TWN": 2.429274845776785e-06, "LKA": 7.631344221074491e-06}, "Pepper (piper spp.)": {"KHM": 7.163216855983795e-10, "IND": 2.1980609419233713e-09, "MYS": 2.731715789910556e-09, "VNM": 5.5906202537283735e-08, "LKA": 6.172075940014695e-08, "IDN": 8.977739958708449e-08}, "Cinnamon (cannella)": {"DMA": 0.0, "CHN": 2.73961465178816e-07, "VNM": 2.3202511673073625e-06, "IDN": 4.453046050029173e-06}, "Nutmeg; mace and cardamoms": {"DMA": 0.0, "IND": 8.232760867200341e-08, "IDN": 1.9005567711886127e-06, "GTM": 3.614992344742141e-05}, "Anise; badian; fennel; coriander": {"EGY": 3.1618405786851607e-10, "TUR": 5.2329734653904235e-09, "SYR": 1.3714757569572324e-08, "CHN": 2.0154095270184485e-08, "IND": 1.0547036444231145e-07}, "Ginger": {"DMA": 0.0}, "Spices nes": {"DMA": 0.0, "GUY": 1.7282465578278255e-09, "TUR": 3.2855480199613935e-08, "IND": 2.499070083647665e-07}, "Meat; cattle": {"DMA": 0.0, "ARG": 6.630448390499099e-08, "URY": 1.721311672311538e-07, "USA": 0.0008165997909930666, "HND": 1.4511553627468624e-08, "CAN": 1.5585405470826288e-08, "BRA": 0.00040406712565362323, "MEX": 9.885267598898694e-08, "SLV": 5.591517833582275e-10, "NIC": 2.0157264214119703e-07, "PAN": 1.1727912545225478e-07, "PRY": 2.5429671811839345e-07, "AUS": 1.2855840892750272e-06, "CHL": 3.464320385476025e-09, "NZL": 3.615643704953566e-08, "GTM": 1.2413246093484177e-08, "IDN": 1.637718821195035e-08, "MYS": 2.1562470983951064e-08, "CRI": 4.787194072779642e-07, "JAM": 1.4455883911901966e-07}, "Milk; whole fresh cow": {"DMA": 0.0, "SEN": 1.7302732577498823e-10, "EGY": 1.8597248609929674e-11, "RUS": 3.5667052239575515e-09, "DNK": 1.0532386998856498e-08, "BLR": 3.0610907554541467e-10, "MKD": 5.4709993740091807e-11, "DEU": 1.6077866937050994e-06, "HUN": 7.1552124214429584e-09, "ROU": 1.1608492036153196e-09, "CAN": 6.311178416785371e-08, "POL": 1.1065825311340051e-07, "BGR": 1.8617395424539337e-09, "UKR": 1.199498654435221e-07, "USA": 4.947866763839037e-05, "SRB": 2.471194141599604e-10, "TZA": 1.9569184999074164e-09, "FRA": 4.9487667536057005e-06, "GBR": 2.260096327353565e-06, "NLD": 1.819454622832281e-07, "SLV": 1.6888456728094056e-09, "IDN": 6.317120374725895e-07, "TUR": 1.8224823348272165e-09, "SWE": 1.927921609938186e-09, "ITA": 9.663051293240676e-08, "MYS": 6.950903704488491e-07, "ARG": 4.880251202735385e-06, "THA": 1.52976265486653e-08, "TUN": 4.5726448094164934e-11, "HRV": 3.7458571847119105e-10, "NER": 2.1753084485674993e-09, "IND": 3.5323353494189675e-08, "EST": 1.3864318403279391e-09, "IRL": 4.8239582085071774e-08, "PRY": 1.7657610325896999e-06, "PRT": 2.62875586045393e-09, "GTM": 2.9280021327641435e-09, "PAN": 1.898944647471695e-09, "BRA": 1.832528480581469e-05, "MAR": 6.929685808492643e-10, "SVN": 1.3488261146642018e-09, "ZAF": 2.981696885115132e-08, "LBN": 1.7632405210003067e-10, "PAK": 4.573427902942515e-10, "URY": 1.350273026252344e-07, "CHN": 2.7842745441728188e-09, "AUT": 1.829568026500583e-08, "GRC": 5.506710881742253e-09, "GHA": 4.199066576518219e-09, "ISR": 5.261211667611255e-11, "AUS": 7.015736420449401e-06, "COL": 1.5212555348261973e-08,