{"Wheat": {"NLD": 7.419063557924895e-08, "DEU": 3.978780213858306e-07, "FRA": 9.017069929485324e-07, "CAN": 1.0922317282995896e-06, "RUS": 4.684149429978732e-06, "USA": 2.9172741924284112e-05}, "Rice; paddy": {"USA": 1.574896565563625e-09, "URY": 2.998804488146556e-09, "GUY": 1.699982133125946e-07}, "Barley": {"GBR": 9.256690670790149e-09, "DNK": 2.564736836695768e-07}, "Maize": {"DMA": 0.0, "USA": 6.065956440315083e-08, "CAN": 2.720273370713844e-07, "BLZ": 2.1299684878370075e-06}, "Oats": {"IRL": 1.0038776249504011e-09, "FIN": 1.9511354809555604e-09, "CAN": 7.075602960000693e-08, "GBR": 1.1977446601357454e-07}, "Potatoes": {"DMA": 0.0, "CAN": 1.790403798453304e-08, "FRA": 3.342891998749299e-08, "DEU": 4.028322381718272e-08, "BEL": 7.040949991497366e-08, "NLD": 8.992978473055666e-08, "USA": 1.5162439452620705e-07}, "Sweet potatoes": {"DMA": 0.0}, "Cassava": {"THA": 2.6154495101700054e-07, "DMA": 1.039889261828835e-06, "CRI": 1.2471850610682338e-06}, "Yautia (cocoyam)": {"DMA": 0.0}, "Taro (cocoyam)": {"DMA": 0.0}, "Yams": {"DMA": 0.0}, "Roots and tubers nes": {"CRI": 4.99478273658829e-09, "DMA": 7.688963720031027e-08}, "Beans; dry": {"CHN": 1.8097392524196842e-07, "CAN": 5.09365134423602e-07, "USA": 1.131007029193282e-06, "BLZ": 2.137299718858475e-06}, "Peas; dry": {"CAN": 7.526679034510216e-08, "BLZ": 1.867771196499792e-06}, "Lentils": {"CAN": 1.3971093966318624e-06, "USA": 1.970146282894072e-06}, "Pulses nes": {"DMA": 0.0}, "Almonds; with shell": {"USA": 6.815047159579995e-10}, "Nuts nes": {"DMA": 0.0, "CHN": 5.6343561003306354e-08, "USA": 5.419777183149709e-07, "MEX": 5.507293062450676e-07, "IDN": 1.0081724439792633e-06, "THA": 2.1446150984547954e-06}, "Soybeans": {"CAN": 7.949842168402174e-08, "USA": 2.8685711084317054e-07, "PRY": 9.474067649438304e-07, "ARG": 2.873343763946868e-06, "BRA": 6.344814766612758e-06}, "Groundnuts; with shell": {"IND": 1.0387415105756352e-07, "MMR": 1.4594496136701468e-07, "USA": 2.361207741848968e-07, "THA": 3.3794681777923095e-07, "CHN": 3.677199735104765e-07, "NIC": 5.9534905578383096e-06}, "Coconuts": {"DMA": 0.0, "GUY": 5.481901156494589e-07, "CRI": 1.8821133685541585e-05}, "Olives": {"GRC": 3.950182736296485e-08, "TUN": 6.142330977069813e-08, "ESP": 8.70710619474859e-08, "ITA": 3.100513620936497e-07}, "Sesame seed": {"BFA": 9.864220636269904e-09, "SDN": 1.1002869781394002e-08, "NGA": 2.3714456874491965e-08, "MMR": 2.507412601921844e-08, "ETH": 5.4308427998054124e-08, "MEX": 2.18901377486856e-07, "IND": 2.280428187605236e-07, "VEN": 3.5445601573129893e-07, "GTM": 6.012980266490588e-07}, "Oilseeds nes": {"FRA": 2.64947526831774e-09, "BGR": 5.744462540226109e-09, "ITA": 3.139113797952506e-08, "CHN": 8.233447860286159e-08, "BRA": 1.4195757572676594e-07, "MYS": 1.6876565796929209e-07, "IND": 2.2653748921177617e-07, "ETH": 6.674120918117786e-07}, "Cabbages and other brassicas": {"DMA": 0.0}, "Lettuce and chicory": {"DMA": 0.0}, "Tomatoes": {"DMA": 0.0, "USA": 1.4667917207118797e-08}, "Pumpkins; squash and gourds": {"DMA": 0.0}, "Cucumbers and gherkins": {"DMA": 0.0}, "Onions; dry": {"FRA": 3.185839188238278e-09, "EGY": 3.308987151472866e-09, "NLD": 4.8256686942880455e-08}, "Carrots and turnips": {"DMA": 0.0}, "Maize; green": {"USA": 2.95019502649538e-09, "THA": 2.640682212075693e-06}, "Mushrooms and truffles": {"JPN": 6.410201927214355e-12, "CHN": 1.1287356501883328e-10, "TWN": 2.082020742836513e-09}, "Vegetables; fresh nes": {"DMA": 0.0, "MEX": 3.865603057841424e-06, "CHN": 3.8947589829623735e-06, "CRI": 2.839606248114652e-05}, "Bananas": {"DMA": 0.0}, "Plantains and others": {"DMA": 0.0}, "Oranges": {"DMA": 0.0, "ISR": 2.479068625124851e-07}, "Lemons and limes": {"DMA": 0.0}, "Grapefruit (inc. pomelos)": {"DMA": 0.0}, "Apples": {"CAN": 3.1525785594524235e-09, "GBR": 3.583274682161961e-09, "CHL": 2.263115715479256e-07, "CHN": 4.291795698763133e-07, "USA": 5.616047181182325e-07}, "Plums and sloes": {"CAN": 6.203365914600397e-10, "FRA": 1.514225066904532e-09, "GBR": 1.8656350803247087e-09, "ITA": 5.716172736302277e-09, "ARG": 1.1686931226204477e-08, "ESP": 1.802497307338905e-08, "USA": 3.14265378873977e-08, "ZAF": 1.0460364823382561e-07, "CHL": 1.2864626110594613e-07}, "Grapes": {"FRA": 1.159857595260409e-07, "ITA": 1.9944792263916601e-07, "USA": 2.0533787702857094e-07, "ZAF": 3.321868108742142e-07, "ARG": 3.971058573400144e-07, "TUR": 4.795017184932084e-07, "AUS": 9.531402409436632e-07, "ESP": 9.595495108510497e-07, "CHL": 2.2668701737901182e-06}, "Watermelons": {"DMA": 0.0}, "Mangoes; mangosteens; guavas": {"DMA": 0.0}, "Avocados": {"DMA": 0.0}, "Pineapples": {"DMA": 0.0, "THA": 2.1928342411145537e-07, "CRI": 1.0179247227700988e-06}, "Papayas": {"DMA": 0.0}, "Fruit; fresh nes": {"DMA": 0.0}, "Tea": {"MWI": 4.855778978801959e-08, "IDN": 1.426850049167052e-07, "IND": 3.784070877815792e-07, "ARG": 3.941755336615013e-07, "KEN": 6.03821440801167e-07, "VNM": 6.755812164764324e-07, "CHN": 1.0352761633337349e-06, "TWN": 1.8189205175724889e-06, "LKA": 6.47929119370952e-06}, "Pepper (piper spp.)": {"KHM": 4.6191541175963647e-10, "IND": 2.045903952507809e-09, "MYS": 2.5738114192212847e-09, "LKA": 5.1007969062214487e-08, "VNM": 5.3099687061445016e-08, "IDN": 7.021507348413851e-08}, "Cinnamon (cannella)": {"DMA": 0.0, "CHN": 9.88926077766467e-08, "VNM": 2.2037735581451543e-06, "IDN": 3.4827357115390587e-06}, "Nutmeg; mace and cardamoms": {"DMA": 0.0, "IND": 7.662862151364314e-08, "IDN": 1.4864290340726629e-06, "GTM": 2.210065751626509e-05}, "Anise; badian; fennel; coriander": {"EGY": 3.1618405786851607e-10, "TUR": 3.4956712849274563e-09, "CHN": 7.2750780382439e-09, "SYR": 9.346121863029646e-09, "IND": 9.816935980680681e-08}, "Ginger": {"DMA": 0.0}, "Spices nes": {"DMA": 0.0, "GUY": 8.35644056273012e-10, "TUR": 2.1947743371124498e-08, "IND": 2.326076253943565e-07}, "Meat; cattle": {"DMA": 0.0, "URY": 3.951970809107825e-08, "ARG": 3.798765557160351e-08, "USA": 0.000816111543720563, "HND": 9.35844129711458e-09, "BRA": 0.0003656605234259882, "CAN": 1.3698918921107495e-08, "MEX": 5.825059617295414e-08, "PAN": 4.9298567573663315e-08, "NIC": 7.631719781309381e-08, "PRY": 9.38052142230418e-08, "SLV": 3.386115609675525e-10, "AUS": 6.85377274912809e-07, "CHL": 8.749286166532677e-10, "NZL": 7.687766223647794e-09, "GTM": 7.957095959844031e-09, "IDN": 1.2875314885738418e-08, "MYS": 2.0214778644405217e-08, "CRI": 3.4236665925571746e-07, "JAM": 7.56976221827668e-08}, "Milk; whole fresh cow": {"DMA": 0.0, "SEN": 9.90071652339261e-11, "EGY": 1.8597248609929674e-11, "RUS": 2.5793500115701104e-09, "MKD": 1.8089361363809067e-11, "BLR": 2.1480594260343488e-10, "DNK": 1.2171338870146829e-08, "DEU": 1.5296853906271992e-06, "FRA": 4.1038591879273275e-06, "ROU": 8.561128005485052e-10, "GBR": 1.7896607588577642e-06, "BGR": 1.3074233243626927e-09, "USA": 4.7641699186250685e-05, "POL": 9.078109579847052e-08, "HUN": 6.4507811846995905e-09, "CAN": 5.487137518703439e-08, "TZA": 9.234983958561863e-10, "UKR": 9.818530146949534e-08, "SRB": 2.0746847658815096e-10, "SLV": 1.023473023470824e-09, "NLD": 1.7938041306232556e-07, "IRL": 1.0827836834132199e-08, "ARG": 2.970642738923785e-06, "TUR": 1.2657483822690814e-09, "IDN": 4.965914999654693e-07, "ITA": 8.023541959512693e-08, "SWE": 1.7473181636705002e-09, "PRY": 6.561561442203066e-07, "PAN": 7.991061176972841e-10, "MYS": 6.516460004486189e-07, "HRV": 2.4136616314647115e-10, "TUN": 3.540868287961517e-11, "EST": 9.381373239799901e-10, "NER": 1.8208243360534235e-09, "BRA": 6.755091679540391e-06, "IND": 3.289396677812573e-08, "PRT": 1.5193104092309604e-09, "GTM": 1.9048354539034728e-09, "URY": 3.099977532206417e-08, "COL": 2.0349462708802286e-09, "ZAF": 1.145621161328002e-08, "THA": 1.4474969578385667e-08, "MAR": 4.115432579725574e-10, "LBN": 1.1576991966719313e-10, "CHN": 1.4844423350879732e-09, "GRC": 2.656309885512701e-09, "GHA": 2.225815687339776e-09, "PAK": 4.2359982822015603e-10, "AUT": 1.4703888319790094e-08, "AUS": 3.7625078333575478e-06, "CHE": 8.688020807972438e-10, "NIC": 1.0666011226592032e-08,