{"Wheat": {"RUS": 3.222230958017056e-05, "UKR": 0.0001075473808429, "USA": 0.000117629721891, "PAK": 0.0003164162002903, "IND": 0.0005557685223049, "PRK": 0.0024793787506129, "CHN": 0.0033987274702379}, "Rice; paddy": {"CHN": 8.735383303155595e-06, "PRK": 0.0001196161239752}, "Barley": {"CHN": 6.61999496247865e-07, "USA": 2.9600327149178906e-06, "AUS": 4.81843257073932e-05, "PRK": 0.0002202370340325}, "Maize": {"CHN": 0.0009475650949467, "PRK": 0.0116591235522231}, "Oats": {"PRK": 0.00012766949951}, "Potatoes": {"PRK": 0.0041384975674468}, "Sweet potatoes": {"PRK": 0.0011974715593762}, "Beans; dry": {"PRK": 0.0120990186713302}, "Cashew nuts; with shell": {"GMB": 7.538939218164325e-09, "IDN": 7.224759852034037e-08, "BEN": 8.61585495076652e-08, "GHA": 9.755016723739957e-08, "GNB": 1.039064389402894e-07, "CIV": 4.326287774022138e-07, "IND": 4.847269818141236e-07, "TZA": 6.878013398743318e-07}, "Chestnut": {"PRK": 0.0002007448150071}, "Nuts nes": {"IDN": 5.828254399273444e-05, "PRK": 9.6145442420428e-05}, "Soybeans": {"ARG": 0.000124784262007, "USA": 0.0002318673099586, "CHN": 0.0003945741048572, "BRA": 0.0017721671652316, "PRK": 0.0039478984891356}, "Groundnuts; with shell": {"IND": 1.7047389423778963e-06, "CHN": 9.727135032647848e-06}, "Coconuts": {"IDN": 1.3796267454431597e-08, "THA": 2.101484610631249e-07, "IND": 2.562473711617599e-07}, "Oil palm fruit": {"MYS": 6.857683077969715e-05, "IDN": 0.0005858402912837}, "Olives": {"TUR": 3.3029140012058813e-08, "TUN": 4.019152420981526e-08, "GRC": 1.0628335353507697e-07, "ITA": 2.024900649810187e-07, "ESP": 2.450355758296584e-07}, "Castor oil seed": {"IND": 6.943273967366045e-06}, "Sunflower seed": {"FRA": 8.069372381462137e-08, "ARG": 3.483147680909469e-07, "UKR": 6.738224489136749e-07, "CHN": 4.6644732949717245e-06}, "Rapeseed": {"IND": 7.620866815812917e-08}, "Sesame seed": {"IND": 8.697877601866476e-06, "PAK": 5.79302195567821e-05}, "Mustard seed": {"CAN": 8.272430565239804e-09, "NPL": 5.255897953576573e-07}, "Cabbages and other brassicas": {"PRK": 0.0008649859348174}, "Tomatoes": {"PRK": 0.0002733253203006}, "Pumpkins; squash and gourds": {"PRK": 0.0002431456758057}, "Cucumbers and gherkins": {"PRK": 0.0002025032892052}, "Eggplants (aubergines)": {"PRK": 0.0001753220484899}, "Chillies and peppers; green": {"CHN": 1.469810957857303e-05, "PRK": 0.0007139608946438}, "Onions; shallots; green": {"PRK": 0.0002181522885994}, "Onions; dry": {"PRK": 0.0002916544657038}, "Garlic": {"CHN": 2.714938569800505e-05, "PRK": 0.000208479992781}, "Carrots and turnips": {"CHN": 6.46076838540264e-07}, "Maize; green": {"CHN": 4.634696872345465e-08, "THA": 3.424066099821913e-06}, "Mushrooms and truffles": {"PRK": 9.77092838268229e-07}, "Vegetables; fresh nes": {"CHN": 0.0003499180333796, "PRK": 0.0056225252959991}, "Bananas": {"PHL": 0.0001557400129991}, "Tangerines; mandarins; clementines; satsumas": {"CHN": 0.0004642865948504}, "Lemons and limes": {"CHN": 1.9449725955277538e-07}, "Grapefruit (inc. pomelos)": {"CYP": 7.86014910405186e-08}, "Apples": {"CHN": 0.0001242908472423, "PRK": 0.0027222618393935}, "Pears": {"PRK": 0.0005413192692493}, "Apricots": {"AFG": 2.998538002632355e-11, "PAK": 5.6963051513658694e-09}, "Peaches and nectarines": {"PRK": 0.0008715988903308}, "Plums and sloes": {"CHN": 1.1347940283981899e-07}, "Grapes": {"FRA": 6.754295313464245e-08, "USA": 8.219915826518167e-08, "DEU": 1.0491995596570521e-07, "ESP": 3.1906253093949386e-07, "CYP": 6.755274883220683e-07, "BGR": 1.0379827864663394e-06, "ITA": 1.0428874440477265e-06, "CHN": 1.5959584148022408e-06, "PER": 4.01637717046808e-06, "CHL": 5.168834777701602e-06}, "Watermelons": {"PRK": 0.0002292777260722}, "Melons; other (inc.cantaloupes)": {"PRK": 0.0002870272550257}, "Mangoes; mangosteens; guavas": {"PAK": 4.152782162769194e-07}, "Pineapples": {"THA": 6.677137374133748e-07, "CRI": 6.727896980877067e-07, "PHL": 2.518415684038705e-06}, "Fruit; fresh nes": {"PRK": 0.0043476599639594}, "Coffee; green": {"MWI": 2.0662856810481027e-05, "RWA": 9.575711565371528e-05, "TZA": 0.000254305591817, "GTM": 0.0003481485350999, "UGA": 0.0016067964899841}, "Cocoa; beans": {"CMR": 1.5613561619374352e-06, "IDN": 8.130190729141412e-06, "CIV": 1.1972586549255482e-05, "ECU": 1.3166890328123356e-05, "GHA": 8.142468927521084e-05}, "Tea": {"KEN": 1.513919290408059e-07, "IND": 9.169763226894436e-07}, "Pepper (piper spp.)": {"VNM": 8.475738873687153e-06, "IDN": 1.3911981894977483e-05, "IND": 2.2139189556839297e-05, "LKA": 4.200744350521658e-05}, "Chillies and peppers; dry": {"CHN": 0.0001344597108445}, "Anise; badian; fennel; coriander": {"SYR": 6.18591045799595e-08, "IND": 9.515259438949305e-08, "MAR": 2.0858135539973224e-06}, "Ginger": {"CHN": 1.392181480115072e-07}, "Spices nes": {"PAK": 1.975536651115375e-07, "IND": 1.311487661310111e-06}, "Meat; cattle": {"ARE": 5.5538475655884073e-14, "EST": 2.9506310603426977e-11, "POL": 4.0178954076774726e-08, "EGY": 1.0637747081583539e-10, "DEU": 4.643044895419746e-08, "RUS": 1.365486261247088e-09, "CHE": 2.8627002788907935e-12, "LUX": 1.9365257706337518e-11, "ISR": 3.5189908841173986e-12, "FRA": 8.739102005024926e-08, "UKR": 2.886200827192149e-08, "AZE": 8.934363566076069e-10, "LTU": 1.2966041519116972e-09, "AUT": 2.7238573100457315e-09, "USA": 6.06443467008484e-06, "BGR": 2.1815255992271574e-10, "SVK": 1.722735336231283e-10, "MDA": 5.852256444878666e-12, "ROU": 9.559737880108958e-10, "CZE": 2.3631713150030235e-10, "IND": 8.634275435747713e-07, "GTM": 9.640129741509752e-08, "IRL": 1.0443728242069926e-08, "LVA": 2.4768241990704164e-10, "ITA": 1.8800416392303313e-08, "SVN": 1.1485127884949696e-10, "IDN": 3.193522770117895e-07, "SLV": 1.0509021450410327e-08, "ARG": 1.365781239764534e-06, "CAN": 3.4413050198267375e-07, "THA": 6.796457646447057e-06, "SDN": 6.226377558374176e-09, "MYS": 3.1863749465522304e-07, "BRA": 0.000258329265662553, "SRB": 4.6624719262372514e-11, "SWE": 6.29487787906881e-10, "DNK": 6.661374590479794e-10, "HRV": 2.4829296701572248e-11, "VNM": 1.5513281945153292e-08, "HUN": 9.576641014116826e-10, "ESP": 5.3178766444227674e-08, "GRC": 2.2169022133661666e-10, "NLD": 2.4287054914778774e-10, "FIN": 4.966771995571477e-10, "BEL": 3.804134241208263e-10, "BLR": 1.4774130002648702e-09, "PRY": 6.942305162058012e-06, "PRT": 6.468063002045706e-11, "KAZ": 6.592691655596752e-11, "ZAF": 1.0911299757851517e-06, "ETH": 1.0730977136682238e-07, "MDG": 4.166279796794576e-08, "ZMB": 2.018354038683128e-10, "NAM": 2.2924951225239246e-10, "AUS": 2.9955276543763655e-05, "GBR": 4.556706750525423e-08, "COL": 6.699238941378687e-08, "HND": 7.168565499001383e-08, "PHL": 1.1073218809556327e-07, "URY": 2.0244462956295915e-06, "NIC": 8.31896828495256e-07, "IRN": 1.072358263976414e-08, "CYP": 8.026252601101341e-10, "TUR": 1.4838009992211913e-07, "CHL": 2.4167434226447793e-08, "CRI": 1.1318314738105439e-06, "MEX": 5.960946891648631e-07, "LAO": 2.032204695670377e-09, "PAN": 8.614615925024185e-07, "MWI": 3.817019056965402e-09, "CHN": 0.0005839260903036168, "BOL": 5.130868924474398e-09, "PAK": 1.315747285223135e-07, "NZL": 1.096104208831504e-07, "BGD": 1.3729718864834978e-07, "PRK": 0.0011936849615391304}, "Milk; whole fresh cow": {"PRK": 0.00038936927811184435, "KAZ": 1.956614064663626e-11, "EGY": 6.5824874951212285e-12, "MKD": 1.5521358231053172e-11, "VNM": 1.1425361983668168e-10, "CAN": 1.080517432544094e-08, "FRA": 2.238647551071892e-06, "DEU": 1.388640494220415e-06, "FJI": 1.6746883762501096e-11, "RUS": 9.396755166397377e-09, "ROU": 1.1100576554947127e-09, "HUN": 1.5537022937980515e-08, "NLD": 1.0537194020313264e-09, "UKR": 1.7352102051190615e-06, "USA": 1.803094738780058e-05, "NZL": 4.182253141452618e-07, "IDN": 7.231835437553014e-07, "ARG": 9.749713944743547e-07, "TUR": 1.313183459522253e-09, "NER": 5.207787831258269e-10, "MYS": 1.105924651676851e-06, "SRB": 5.042716194243694e-10, "POL": 1.5082973558018604e-07, "ITA": 1.0165999801452686e-06, "BGR": 1.7583692633209767e-09, "PRT": 2.023670616380555e-09, "IND": 3.096590472058617e-06,