{"Wheat": {"RUS": 4.601361512199054e-05, "UKR": 0.0001330732245756, "USA": 0.0002196978477121, "PAK": 0.0003344932616646, "IND": 0.0005815453777877, "PRK": 0.0024960920464158, "CHN": 0.0059092492635349}, "Rice; paddy": {"CHN": 1.61388181769834e-05, "PRK": 0.0001204862083068}, "Barley": {"CHN": 1.8118187119320464e-06, "USA": 9.20457235326328e-06, "AUS": 8.471610993010368e-05, "PRK": 0.0002211214272722}, "Maize": {"CHN": 0.0018277577263507, "PRK": 0.011730283502866}, "Oats": {"PRK": 0.0001284148068833}, "Potatoes": {"PRK": 0.0041639819882033}, "Sweet potatoes": {"PRK": 0.0012048454598233}, "Beans; dry": {"PRK": 0.0121813985495379}, "Cashew nuts; with shell": {"GMB": 1.07039973408854e-08, "IDN": 9.27550623054808e-08, "BEN": 1.0184072607207193e-07, "GNB": 1.744334095470852e-07, "GHA": 1.841252628048245e-07, "IND": 5.225155825434919e-07, "CIV": 1.0300975477827857e-06, "TZA": 1.4211652897327123e-06}, "Chestnut": {"PRK": 0.0002017957810424}, "Nuts nes": {"IDN": 7.482603034682209e-05, "PRK": 9.664879586659058e-05}, "Soybeans": {"ARG": 0.0001900707263343, "USA": 0.000346292991596, "CHN": 0.000743607045678, "PRK": 0.0039644886534545, "BRA": 0.0047661713323057}, "Groundnuts; with shell": {"IND": 1.814249235245779e-06, "CHN": 2.0310879085037488e-05}, "Coconuts": {"IDN": 1.7712334714607913e-08, "THA": 2.212474279589354e-07, "IND": 2.762240383580893e-07}, "Oil palm fruit": {"MYS": 7.314875665323169e-05, "IDN": 0.0007451791896076}, "Olives": {"TUR": 4.7445403259769214e-08, "TUN": 4.9828217938953294e-08, "GRC": 2.586974250841151e-07, "ITA": 2.902450588898624e-07, "ESP": 3.584327616795436e-07}, "Castor oil seed": {"IND": 7.459655815236701e-06}, "Sunflower seed": {"FRA": 2.506982052775503e-07, "ARG": 6.173230387681704e-07, "UKR": 8.28709835998412e-07, "CHN": 1.09641458578139e-05}, "Rapeseed": {"IND": 8.257494783989185e-08}, "Sesame seed": {"IND": 9.34475199134249e-06, "PAK": 6.171236520627886e-05}, "Mustard seed": {"CAN": 9.870140087863972e-09, "NPL": 8.234866904610521e-07}, "Cabbages and other brassicas": {"PRK": 0.0008691819409392}, "Tomatoes": {"PRK": 0.0002746512085851}, "Pumpkins; squash and gourds": {"PRK": 0.000244325164053}, "Cucumbers and gherkins": {"PRK": 0.000203485623145}, "Eggplants (aubergines)": {"PRK": 0.0001761725275082}, "Chillies and peppers; green": {"CHN": 2.6712413260317515e-05, "PRK": 0.0007174242853928}, "Onions; shallots; green": {"PRK": 0.0002192105350998}, "Onions; dry": {"PRK": 0.0002930692678113}, "Garlic": {"CHN": 4.934142085769329e-05, "PRK": 0.000209491319429}, "Carrots and turnips": {"CHN": 1.1741830755001412e-06}, "Maize; green": {"CHN": 8.939863934307168e-08, "THA": 3.651566165361476e-06}, "Mushrooms and truffles": {"PRK": 9.818326697104655e-07}, "Vegetables; fresh nes": {"CHN": 0.0006359426744579, "PRK": 0.0056497999019925}, "Bananas": {"PHL": 0.0001770698349463}, "Tangerines; mandarins; clementines; satsumas": {"CHN": 0.0010924942176939}, "Lemons and limes": {"CHN": 4.576637227425749e-07}, "Grapefruit (inc. pomelos)": {"CYP": 8.026048926092513e-08}, "Apples": {"CHN": 0.0002924638217656, "PRK": 0.0027365137877306}, "Pears": {"PRK": 0.0005441532561008}, "Apricots": {"AFG": 5.496476704371555e-11, "PAK": 6.0537212444033916e-09}, "Peaches and nectarines": {"PRK": 0.0008761620011146}, "Plums and sloes": {"CHN": 2.6702384433433924e-07}, "Grapes": {"DEU": 1.389375814348524e-07, "USA": 1.9071878085993042e-07, "FRA": 3.5327988563614705e-07, "ESP": 4.865116271148495e-07, "CYP": 6.897854735857867e-07, "ITA": 1.382501914933408e-06, "BGR": 1.4929604728697422e-06, "CHN": 3.7553859172115487e-06, "PER": 9.35296479154673e-06, "CHL": 1.701652407674135e-05}, "Watermelons": {"PRK": 0.0002304780714099}, "Melons; other (inc.cantaloupes)": {"PRK": 0.0002885299384012}, "Mangoes; mangosteens; guavas": {"PAK": 4.413349519399829e-07}, "Pineapples": {"THA": 7.029789619595724e-07, "CRI": 1.538026122429775e-06, "PHL": 2.8033349883752155e-06}, "Fruit; fresh nes": {"PRK": 0.0043704214133896}, "Coffee; green": {"MWI": 2.82366467938368e-05, "RWA": 0.0001119169099299, "GTM": 0.0005495433378115, "TZA": 0.0005575984783281, "UGA": 0.0023149599661767}, "Cocoa; beans": {"CMR": 1.9933346636599023e-06, "IDN": 1.0199143767404913e-05, "CIV": 2.5773814343884178e-05, "ECU": 3.069847280616948e-05, "GHA": 0.0001420313953393}, "Tea": {"KEN": 2.631550617182921e-07, "IND": 9.850768877784413e-07}, "Pepper (piper spp.)": {"VNM": 8.923713120515483e-06, "IDN": 1.7787940618132687e-05, "IND": 2.378571476489706e-05, "LKA": 5.082992640695772e-05}, "Chillies and peppers; dry": {"CHN": 0.0002443677089045}, "Anise; badian; fennel; coriander": {"SYR": 9.07737599849734e-08, "IND": 1.0222923759145688e-07, "MAR": 5.018031881862615e-06}, "Ginger": {"CHN": 3.856750131906276e-07}, "Spices nes": {"PAK": 2.104515401888341e-07, "IND": 1.4090249938696368e-06}, "Meat; cattle": {"ARE": 7.791194893856437e-14, "EST": 4.3603398812099346e-11, "POL": 4.8934783744853015e-08, "EGY": 1.0637747081583539e-10, "DEU": 5.347700775592975e-08, "RUS": 1.840915053406484e-09, "SVK": 2.1592556567962986e-10, "ISR": 4.213501929821649e-12, "SVN": 2.4933566382359496e-10, "UKR": 3.5319042353898115e-08, "LTU": 1.3873116043484655e-09, "CHE": 6.374035454714668e-12, "MDA": 6.890649979546432e-12, "LUX": 4.2775698202329494e-11, "AUT": 3.388436468738985e-09, "BGR": 3.097633097858083e-10, "AZE": 1.712856092716512e-09, "USA": 9.399372529911296e-06, "IND": 9.26342076511329e-07, "CZE": 3.082341336259495e-10, "VNM": 1.6283679686469152e-08, "ROU": 1.3107944184698255e-09, "ITA": 2.2641308442916436e-08, "FRA": 3.6406072274960004e-07, "IDN": 4.1151967294019566e-07, "LVA": 2.905896762275675e-10, "THA": 2.7087927154406297e-06, "GTM": 1.4982507789927936e-07, "CAN": 3.977465641099355e-07, "SLV": 1.7343643420315534e-08, "MYS": 3.3988063157959273e-07, "SDN": 8.317505828551314e-09, "SRB": 5.5448851914071156e-11, "SWE": 6.945714044509474e-10, "ARG": 2.2513323048877856e-06, "DNK": 5.754414514776009e-10, "HUN": 1.0621116111060237e-09, "HRV": 3.858605156256771e-11, "IRL": 4.6525014927333423e-08, "BRA": 0.0007055523805636276, "ESP": 7.871062168637321e-08, "FIN": 4.996879874835591e-10, "NLD": 3.6683849818977736e-10, "MDG": 2.1053032850197075e-07, "BEL": 5.723302082910884e-10, "BLR": 1.9587544810367727e-09, "GRC": 4.4069020401991447e-10, "PRT": 1.1191248884411696e-10, "KAZ": 1.5189579256613328e-10, "PRY": 1.867715029413745e-05, "ZAF": 2.869724930798288e-06, "ETH": 1.6407934073600097e-07, "PHL": 1.2293786998915058e-07, "AUS": 5.596668657997251e-05, "HND": 1.1115849249687962e-07, "GBR": 1.105002768299515e-07, "CYP": 8.163350037224135e-10, "IRN": 2.2675681751805882e-08, "ZMB": 9.81649330326827e-10, "TUR": 2.1363934384237283e-07, "NIC": 2.197329111367025e-06, "COL": 5.008119630176272e-07, "NAM": 2.223866352057535e-09, "LAO": 2.60536375436724e-09, "MEX": 1.0115871602723497e-06, "URY": 8.817633547808915e-06, "CRI": 2.5301048618241723e-06, "MWI": 5.506236628411004e-09, "CHL": 9.092536504281389e-08, "BOL": 7.390584068096028e-09, "CHN": 0.001602391816582858, "PAK": 1.420556716403831e-07, "PAN": 2.049379264994389e-06, "BGD": 1.475079378789002e-07, "NZL": 5.155102493158618e-07, "PRK": 0.0011641793776701072}, "Milk; whole fresh cow": {"PRK": 0.0003769226099844787, "EGY": 6.5824874951212285e-12, "VNM": 1.1997349138345206e-10, "KAZ": 3.839403055352114e-11, "CAN": 1.224100417421496e-08, "MKD": 4.6943249934602936e-11, "DEU": 1.8086601402263424e-06, "FJI": 2.3059484183798312e-11, "HUN": 1.7219063063448783e-08, "RUS": 1.1827845654576955e-08, "ROU": 1.5021554338769461e-09, "UKR": 2.1393812636077594e-06, "NLD": 1.5915062737197584e-09, "FRA": 9.213010833346998e-06, "USA": 2.7010554443444082e-05, "IDN": 9.199494344303934e-07, "MYS": 1.1796551736577243e-06, "NER": 6.221657215015796e-10, "SRB": 6.004826471550639e-10, "TUR": 1.8907846956815297e-09, "ITA": 1.1859340778839985e-06, "POL": 1.8342916738168903e-07, "ARG": 1.5414180333632516e-06, "NZL": 1.9669647916834284e-06, "BGR": 2.5035877646044686e-09, "IND": 3.35455991187342e-06, "PRT": 3.501417901995057e-09,