{"Wheat": {"KAZ": 8.387265362907845e-07, "RUS": 2.191426999473145e-05}, "Barley": {"RUS": 3.6448543431402826e-07}, "Maize": {"IND": 7.5933457228024e-09, "RUS": 8.930121330001269e-09}, "Oats": {"RUS": 1.3224696883533662e-08}, "Potatoes": {"BEL": 7.917098727406232e-10, "USA": 4.057176213031808e-09, "NZL": 1.1796697283295897e-07, "AUS": 5.487695964596017e-07}, "Cassava": {"KHM": 4.811903600435945e-09, "FJI": 4.8258704983701264e-08, "THA": 1.4319901562520744e-07}, "Taro (cocoyam)": {"KIR": 0.0}, "Roots and tubers nes": {"KIR": 4.883932220837936e-08}, "Beans; dry": {"ETH": 3.7844329808934654e-10, "MDG": 3.060473889463804e-07}, "Peas; dry": {"NZL": 5.127423953218024e-10, "RUS": 3.345914719573579e-09, "AUS": 9.15580740216233e-08}, "Lentils": {"CAN": 1.5267371417208435e-09, "USA": 3.294286634560901e-09, "TUR": 1.160108788921046e-08, "RUS": 3.3113716702210394e-08}, "Nuts nes": {"KIR": 0.0, "RUS": 1.599176250284145e-07, "TUR": 4.192259213444123e-07, "CHN": 4.435937790371021e-07, "IDN": 2.9674517683299887e-06, "THA": 1.9782175158905465e-05}, "Soybeans": {"CAN": 3.525735185382173e-08, "URY": 4.937311786495768e-07, "USA": 1.0326021985810477e-06, "ARG": 1.240956940167242e-06, "CHN": 1.321909699797641e-06, "BRA": 6.106511587152247e-06}, "Groundnuts; with shell": {"USA": 7.628610290942326e-08, "CHN": 3.8688392219744986e-07, "IND": 4.692407233263578e-07, "FJI": 6.489852248046365e-07, "MMR": 6.678717727338461e-07, "THA": 1.5414441898449006e-06}, "Coconuts": {"KIR": 0.0}, "Oil palm fruit": {"MYS": 1.6270334465049742e-06, "IDN": 2.23787270419826e-06}, "Olives": {"TUR": 1.3538796664979423e-09, "GRC": 3.159174561359677e-09, "TUN": 3.294938189329916e-09, "ITA": 3.945138279766845e-09, "ESP": 2.6082828885054027e-08}, "Rapeseed": {"UKR": 2.3403100994934705e-10, "DEU": 3.73898343986662e-10, "AUS": 3.83332402718389e-07}, "Mustard seed": {"CAN": 7.797521891952867e-10, "UKR": 2.5765987335963343e-09, "RUS": 2.3028549111495227e-08}, "Oilseeds nes": {"CHN": 4.229350584315701e-09, "RUS": 8.804694985191494e-09}, "Cabbages and other brassicas": {"KOR": 2.82831920354575e-09, "NZL": 2.6753272204262447e-08, "AUS": 5.489735517053176e-07}, "Tomatoes": {"PRT": 7.40245772485918e-10, "ESP": 1.5890733136065212e-09, "ITA": 1.916407800630269e-09, "UKR": 2.728257436400126e-09, "MAR": 2.9370910542240877e-09, "TUR": 5.160628618958461e-09, "RUS": 1.2301128741044308e-08, "CHN": 1.3999833791147276e-08}, "Cauliflowers and broccoli": {"NZL": 9.177859186711593e-09}, "Onions; shallots; green": {"NZL": 4.492216389386332e-07}, "Onions; dry": {"AUS": 1.13559805738896e-06}, "Garlic": {"ESP": 8.742025269792972e-09, "ARG": 1.4566668069217948e-08, "MEX": 2.9381264960238297e-08, "NZL": 4.547600057455076e-08, "CHN": 5.662822132732646e-08}, "Carrots and turnips": {"AUS": 9.671264340132869e-08}, "Maize; green": {"THA": 2.679704430099508e-07}, "Vegetables; fresh nes": {"RUS": 8.170278025278914e-08, "KIR": 0.0}, "Bananas": {"KIR": 0.0}, "Grapefruit (inc. pomelos)": {"ISR": 3.699149771694063e-10, "MEX": 3.905613768088509e-09, "TUR": 6.126243361939975e-09, "CHN": 8.975673875606287e-09, "ZAF": 2.421583101085277e-08}, "Apples": {"POL": 5.977946611764934e-09, "USA": 1.6685921466524184e-08, "RUS": 1.8783861885266744e-08, "NZL": 2.9489362216578304e-08, "AUS": 8.010485749549234e-08, "CHN": 3.962651352319145e-07}, "Pears": {"USA": 7.135956934933421e-10, "NZL": 1.2050233395577876e-08, "AUS": 3.027476611168672e-07}, "Watermelons": {"AUS": 2.0834687910561e-08}, "Pineapples": {"CRI": 7.256335464972791e-08, "THA": 2.7773581022435906e-07}, "Fruit; tropical fresh nes": {"KIR": 0.0}, "Coffee; green": {"MYS": 2.398722419055335e-07, "IND": 2.0729905630337107e-06, "COL": 2.9456998560899485e-06, "VNM": 2.9737344563222207e-06, "UGA": 3.032079819964492e-06, "BRA": 4.4515374313562125e-06, "MDG": 5.317503527624143e-06, "IDN": 6.135371268617618e-06}, "Cocoa; beans": {"CMR": 1.8375476241954122e-07, "NGA": 4.939517551450452e-07, "IDN": 6.325502875343581e-07, "GHA": 1.947123797276788e-06, "CIV": 3.891644723872963e-06}, "Tea": {"IDN": 5.588512686149577e-09, "VNM": 7.70775622071518e-09, "CHN": 1.2193900724059024e-08, "KEN": 1.5878557881071172e-08, "IND": 1.67759611929432e-08, "LKA": 8.255830190835667e-07}, "Pepper (piper spp.)": {"CHN": 2.996141174565186e-10, "BRA": 1.715787339124234e-09, "MEX": 2.0570964017054483e-09, "IND": 8.115347800705231e-09, "LKA": 2.6680857389110465e-08, "IDN": 2.8533365143629145e-08, "VNM": 3.641089448507997e-08}, "Anise; badian; fennel; coriander": {"LTU": 2.0595464673125783e-10, "RUS": 2.1650519026187888e-09, "IND": 3.8124223011445825e-09}, "Meat; cattle": {"IRL": 2.1956389885217887e-10, "ROU": 3.822634089351273e-11, "EST": 3.808497369464051e-11, "POL": 3.3853368957401264e-08, "SWE": 1.2896905271181172e-11, "RUS": 0.00014989332299399622, "BGR": 2.1478831224416783e-12, "FIN": 6.541643884907735e-12, "FRA": 3.033450314087745e-09, "USA": 7.618353421615793e-08, "KAZ": 3.473682173515345e-10, "DEU": 5.022471082422978e-09, "UKR": 9.232193952796783e-08, "NLD": 8.836827721333492e-12, "SVK": 6.831377990625234e-11, "ARG": 8.028030342712773e-07, "IND": 5.01019829220931e-09, "THA": 1.8067618936738478e-09, "CZE": 1.0824792420170084e-10, "BEL": 2.082428846623336e-11, "LVA": 8.22069238602606e-11, "NAM": 3.2516648637006655e-12, "ESP": 1.6144557804033503e-08, "ZAF": 1.0775462153145855e-09, "HRV": 9.18263614959458e-11, "LTU": 1.2451741260349464e-08, "SRB": 2.3660806322099614e-10, "PHL": 5.677248892050819e-09, "PRT": 5.963276626263456e-12, "BRA": 0.00026001266614981375, "GBR": 2.441866509903935e-10, "PRY": 0.00015518181194857644, "AGO": 1.3779195058187107e-10, "HUN": 3.206920855948257e-10, "PAK": 2.5011599074963784e-10, "CHL": 1.377106985533669e-09, "DNK": 6.188743938420151e-10, "CAN": 5.577962722794326e-10, "LBN": 1.3465077890070776e-10, "LAO": 3.1226759226169114e-11, "AUS": 0.0036289491032233377, "MEX": 1.3498302205010855e-08, "MDA": 1.1767781451620042e-08, "AUT": 1.1420358576034358e-09, "IDN": 1.44371111513847e-07, "NIC": 1.0442478232636088e-07, "URY": 1.5123499441312878e-06, "CHN": 1.6220247725117764e-07, "MYS": 2.236109200829421e-07, "ITA": 5.988235470259275e-09, "FJI": 0.00010654578387173562, "BLR": 2.124727934472821e-06, "GTM": 1.088769028956822e-08, "NZL": 0.00023110777264552745, "VNM": 6.695618323570997e-08, "CRI": 1.3375080511595537e-07}, "Milk; whole fresh cow": {"NLD": 5.386997933268776e-10, "UKR": 2.2653787957790384e-07, "DNK": 8.790570653211119e-09, "GEO": 5.384832456783372e-11, "DEU": 4.448006176951541e-07, "RUS": 4.751070572509133e-05, "HRV": 1.0179492259379307e-09, "BIH": 6.476721185259492e-09, "KGZ": 4.8785356351439795e-11, "SRB": 6.210688509422467e-09, "FRA": 1.4890958749808064e-07, "MKD": 2.6964325592500243e-11, "EGY": 2.0928413554849737e-11, "CAN": 4.406081895951429e-08, "ROU": 2.50657148220425e-10, "USA": 1.041497306842671e-05, "KAZ": 5.717870082359193e-09, "IDN": 1.2392810301431364e-06, "ARG": 1.9027042229358482e-06, "SWE": 1.6386249327391802e-09, "MYS": 1.890801984702379e-06, "GBR": 4.6038789685039034e-09, "POL": 7.649230718424165e-08, "PRT": 3.792635845130615e-10, "HUN": 3.2885122876714534e-09, "VNM": 3.1480852154913843e-07, "IND": 5.154277241935309e-07, "BRA": 1.1348778544469849e-06, "NER": 1.055504069788095e-09, "GTM": 5.648659324940054e-10, "MNE": 5.783864333144471e-12, "NIC": 1.7665496783371526e-09, "MDA": 2.090665966916032e-09, "IRN": 1.1082927379424412e-10, "BGD": 5.744751579383382e-11, "AUT": 5.326194600294646e-09, "TUR": 5.45818732969879e-09, "BGR": 7.782920461921705e-10, "CZE": 7.814904503515523e-09, "CHE": 8.43890671583264e-10, "GRC": 6.726705447518603e-10, "LUX": 1.2392718865224596e-10, "CHL": 1.4503729936195338e-08, "PRY": 4.380870899111696e-08, "MEX": 7.532031930134052e-09, "ISR": 2.3609690274687283e-11, "SLV": 2.482509889338965e-11, "EST": 4.29613981262711e-09, "SVN": 2.4134976702759813e-10, "PER": 4.1500832178549433e-10, "AUS": 0.0009988225001176234, "BEL": 3.8056788062344037e-10, "ZAF": 1.7108432478761066e-08, "IRL": 8.909758482780454e-10, "SVK": 1.0491531972895796e-09, "BOL": 3.672526552735404e-09,