{"Wheat": {"KAZ": 1.9324281891446148e-06, "RUS": 3.129368435580717e-05}, "Barley": {"RUS": 5.260651334152457e-07}, "Maize": {"IND": 8.151606602931137e-09, "RUS": 1.3319466769196289e-08}, "Oats": {"RUS": 1.9109781316511155e-08}, "Potatoes": {"BEL": 1.2083228846980958e-09, "USA": 9.989161803732449e-09, "NZL": 5.859563886287897e-07, "AUS": 1.0281716501198493e-06}, "Cassava": {"KHM": 1.903821916704346e-09, "FJI": 1.9093478973979447e-08, "THA": 5.6656460111349465e-08}, "Taro (cocoyam)": {"KIR": 0.0}, "Roots and tubers nes": {"KIR": 1.932319924465529e-08}, "Beans; dry": {"ETH": 5.466085892594895e-10, "MDG": 1.5418831934258286e-06}, "Peas; dry": {"NZL": 2.306021160884753e-09, "RUS": 4.779636945947895e-09, "AUS": 1.903029159065505e-07}, "Lentils": {"CAN": 1.7763669313237983e-09, "USA": 7.154675846006249e-09, "TUR": 1.6396070141063956e-08, "RUS": 4.7302922229801374e-08}, "Nuts nes": {"KIR": 0.0, "RUS": 2.300357215931985e-07, "TUR": 5.644708628763387e-07, "CHN": 1.043802780390745e-06, "IDN": 3.809762252270092e-06, "THA": 2.082696847361769e-05}, "Soybeans": {"CAN": 4.003291397588054e-08, "USA": 1.542187661292547e-06, "ARG": 1.8902190322194128e-06, "URY": 2.30446206858682e-06, "CHN": 2.491246522310952e-06, "BRA": 1.6423213925913193e-05}, "Groundnuts; with shell": {"USA": 9.193873266961477e-08, "IND": 4.993841592270644e-07, "MMR": 6.876417265183385e-07, "CHN": 8.078383344451652e-07, "FJI": 8.867021305784822e-07, "THA": 1.6328912886696196e-06}, "Coconuts": {"KIR": 0.0}, "Oil palm fruit": {"MYS": 1.7355055970346318e-06, "IDN": 2.846537175695588e-06}, "Olives": {"TUR": 1.944808938977662e-09, "TUN": 4.084963221007085e-09, "ITA": 5.6548793761655165e-09, "GRC": 7.689542127076951e-09, "ESP": 3.8153400207421295e-08}, "Rapeseed": {"UKR": 2.88598485978821e-10, "DEU": 5.091347660922586e-10, "AUS": 5.965853971777187e-07}, "Mustard seed": {"CAN": 9.303509144598051e-10, "UKR": 3.1643646029115073e-09, "RUS": 3.8320947550519934e-08}, "Oilseeds nes": {"CHN": 1.1716538868617343e-08, "RUS": 1.4651563721720794e-08}, "Cabbages and other brassicas": {"KOR": 2.920136712613366e-09, "NZL": 9.444218666257113e-08, "AUS": 1.460707344208179e-06}, "Tomatoes": {"PRT": 1.2804354594428035e-09, "ITA": 2.5560572037675747e-09, "ESP": 2.617380804120701e-09, "UKR": 3.352880119346858e-09, "MAR": 6.597369915466401e-09, "TUR": 7.505161589669641e-09, "RUS": 1.735398544057825e-08, "CHN": 2.544336357037764e-08}, "Cauliflowers and broccoli": {"NZL": 3.2398918676426845e-08}, "Onions; shallots; green": {"NZL": 1.5858050392336353e-06}, "Onions; dry": {"AUS": 3.021596245108372e-06}, "Garlic": {"ESP": 1.4399089667149208e-08, "ARG": 2.8803137376536367e-08, "MEX": 5.6807276489995275e-08, "CHN": 1.0291639494220789e-07, "NZL": 1.605356123220187e-07}, "Carrots and turnips": {"AUS": 2.573327404485578e-07}, "Maize; green": {"THA": 2.857747994593197e-07}, "Vegetables; fresh nes": {"RUS": 1.152633135389246e-07, "KIR": 0.0}, "Bananas": {"KIR": 0.0}, "Grapefruit (inc. pomelos)": {"ISR": 4.0795377700885515e-10, "MEX": 8.187505289361441e-09, "TUR": 8.248740596991217e-09, "CHN": 2.112029922415753e-08, "ZAF": 8.300829948759827e-08}, "Apples": {"POL": 7.599638225752709e-09, "RUS": 2.7019906169295333e-08, "USA": 3.871473463698491e-08, "NZL": 1.4130908811513188e-07, "AUS": 1.48781100407124e-07, "CHN": 9.324356415115362e-07}, "Pears": {"USA": 1.655687279070289e-09, "NZL": 5.774311021709166e-08, "AUS": 5.623021071997442e-07}, "Watermelons": {"AUS": 3.869687670497012e-08}, "Pineapples": {"CRI": 1.658829427674568e-07, "THA": 2.924043952231106e-07}, "Fruit; tropical fresh nes": {"KIR": 0.0}, "Coffee; green": {"MYS": 2.532959963816495e-07, "IND": 2.226944187869634e-06, "VNM": 3.1139851710015e-06, "UGA": 4.368408470657983e-06, "IDN": 7.696687042131032e-06, "BRA": 1.163924625633944e-05, "MDG": 1.6274238736344855e-05, "COL": 2.15494185912096e-05}, "Cocoa; beans": {"CMR": 2.34593968034142e-07, "IDN": 7.935202921564844e-07, "NGA": 8.802531259419605e-07, "GHA": 3.396423275143163e-06, "CIV": 8.377682482629079e-06}, "Tea": {"IDN": 7.010665091497185e-09, "VNM": 8.071278362455408e-09, "IND": 1.8021852072436984e-08, "CHN": 2.4594857679103468e-08, "KEN": 2.7600697776064963e-08, "LKA": 9.723761463008975e-07}, "Pepper (piper spp.)": {"CHN": 8.300187895948006e-10, "MEX": 3.1957610305655103e-09, "BRA": 4.7198064747462336e-09, "IND": 8.718898562656653e-09, "LKA": 3.2284421626243564e-08, "IDN": 3.648292591536569e-08, "VNM": 3.833534535318509e-08}, "Anise; badian; fennel; coriander": {"LTU": 2.3715756419111507e-10, "RUS": 3.60278192094148e-09, "IND": 4.095957947581873e-09}, "Meat; cattle": {"POL": 4.104488580817447e-08, "EST": 5.628064853905694e-11, "ROU": 5.185223531450813e-11, "SWE": 1.423033421674615e-11, "FIN": 6.581298417962855e-12, "RUS": 0.00015040534335853572, "IRL": 9.780932332694632e-10, "BGR": 3.035018381516983e-12, "SVK": 8.582694266785102e-11, "DEU": 5.649024184966245e-09, "USA": 1.153216312990222e-07, "UKR": 1.1346242655538669e-07, "KAZ": 6.814726871828107e-10, "NLD": 1.3347392763060741e-11, "IND": 5.382574593241695e-09, "THA": 1.0187260002475928e-09, "CZE": 1.411894364264476e-10, "ARG": 1.279391744946855e-06, "FRA": 1.336226784590119e-08, "BEL": 3.1330044103826246e-11, "LVA": 9.644803776216014e-11, "ESP": 2.3897266246040325e-08, "LTU": 1.3273302611465466e-08, "HRV": 1.423004601135078e-10, "SRB": 2.815494653330481e-10, "PHL": 6.314593933123139e-09, "ZAF": 2.837222961197863e-09, "PRT": 1.0317851398479262e-11, "HUN": 3.555257361916288e-10, "PAK": 2.700396607538055e-10, "BRA": 0.00029209836763124713, "GBR": 5.945592651961925e-10, "DNK": 5.346133514000736e-10, "CAN": 6.394695989552979e-10, "PRY": 0.00017271494338759789, "NAM": 3.1543221215626347e-11, "LBN": 2.0508072129210139e-10, "LAO": 4.0033893646415393e-11, "MDA": 1.3846845701048356e-08, "AUT": 1.4200858051991092e-09, "MEX": 2.2906946571182113e-08, "AUS": 0.003670755045166226, "CHL": 5.394122867062839e-09, "AGO": 9.550335142620728e-10, "IDN": 1.836476868153742e-07, "MYS": 2.385187619809777e-07, "ITA": 7.213759955869945e-09, "NIC": 2.758117420675594e-07, "CHN": 3.0397221174447114e-07, "URY": 6.587157995836962e-06, "FJI": 0.00010659495737227881, "BLR": 2.173392432244898e-06, "GTM": 1.6985038214456502e-08, "NZL": 0.0002313758147169882, "VNM": 7.083254815534809e-08, "CRI": 2.9702935541264464e-07}, "Milk; whole fresh cow": {"NLD": 8.136721852302809e-10, "DNK": 7.608736510014195e-09, "UKR": 2.783941522703942e-07, "DEU": 4.60389779283581e-07, "RUS": 4.8429414166007466e-05, "SRB": 7.389095342357516e-09, "HRV": 1.582941091027812e-09, "EGY": 2.0928413554849737e-11, "CAN": 5.0981336016707433e-08, "GEO": 2.6184541091960513e-10, "BIH": 1.919846466580583e-08, "KGZ": 1.0554615707519172e-10, "MKD": 8.155169520372976e-11, "FRA": 5.886566276108195e-07, "ROU": 3.414956399677189e-10, "USA": 1.0959953384254689e-05, "VNM": 3.330211101836754e-07, "IDN": 1.5778420188070796e-06, "SWE": 1.8080060779534838e-09, "KAZ": 1.1222516908199313e-08, "MYS": 2.016859231986991e-06, "POL": 9.28835152983103e-08, "ARG": 2.981252143284627e-06, "HUN": 3.6510153976362576e-09, "GBR": 1.1208256559401115e-08, "IND": 5.53050543527101e-07, "PRT": 6.562128812759379e-10, "NER": 1.2609930980404337e-09, "GTM": 8.595479771085267e-10, "MDA": 2.4602617446896585e-09, "IRN": 2.343553853655312e-10, "BRA": 3.0699123117660497e-06, "SVN": 5.18042449356884e-10, "BGD": 6.171986957549601e-11, "MNE": 1.3545582145288523e-11, "NIC": 4.672709449073355e-09, "AUT": 6.627450030397258e-09, "CZE": 1.0187639514609099e-08, "BGR": 1.11021263303046e-09, "TUR": 7.859023604892754e-09, "ISR": 2.8269318907268734e-11, "SVK": 1.3001732812726612e-09, "THA": 1.9873521469271032e-07, "MEX": 1.2781999937023952e-08, "GRC": 1.391498991352355e-09, "EST": 6.3489147614918776e-09, "SLV": 4.099387002209687e-11, "CHE": 2.0815103782038284e-09, "LUX": 2.737408189376388e-10, "BEL": 5.733273444555198e-10, "AUS": 0.0010357152828579207, "PRY": 1.2161370788140847e-07, "PER": 9.27634754191948e-10, "CHL": 5.1974114446882e-08, "BOL": 5.289964844129462e-09, "ITA": 3.640854089501645e-08,