{"Wheat": {"CAN": 2.0124777820257734e-06, "USA": 0.0001226200885583}, "Rice; paddy": {"USA": 2.4657579005479136e-10, "GUY": 6.703766811545475e-09, "BRA": 7.379979399118979e-09}, "Barley": {"DNK": 3.657090739650938e-07}, "Maize": {"USA": 5.239795277664278e-06, "VCT": 0.0}, "Oats": {"IRL": 1.2402147905960387e-09, "FIN": 2.408072071917106e-09, "GBR": 1.4801353294132393e-07}, "Potatoes": {"BEL": 1.671971553764544e-08, "CAN": 2.010289270472405e-08, "DEU": 4.105370647937309e-08, "NLD": 1.0631606385675765e-07, "USA": 1.99988754932597e-06}, "Sweet potatoes": {"VCT": 0.0}, "Cassava": {"VCT": 4.551807438589743e-07}, "Yams": {"VCT": 0.0}, "Roots and tubers nes": {"VCT": 1.222232477530323e-05}, "Beans; dry": {"CAN": 6.783565591332624e-09, "CHN": 3.7903835674093314e-08, "MEX": 3.811953138885074e-07, "USA": 9.052919338553446e-07}, "Peas; dry": {"CAN": 9.292195836184145e-08, "USA": 8.675739540272559e-07}, "Pigeon peas": {"VCT": 0.0}, "Lentils": {"CAN": 1.1515962689550878e-06, "USA": 2.1959985013392204e-06}, "Pulses nes": {"VCT": 0.0}, "Almonds; with shell": {"USA": 3.997277601827663e-08}, "Nuts nes": {"ISR": 1.100528524196568e-09, "LBN": 5.2011382485342194e-08, "TUR": 1.612138023876318e-07, "CHN": 3.192795747083673e-07, "ZAF": 3.771461335994823e-07, "PHL": 4.580144529173703e-07, "IDN": 2.8328172097017315e-06, "THA": 3.2706980184107035e-06, "USA": 5.777467584711238e-06, "MEX": 5.815225062243272e-06}, "Soybeans": {"ARG": 3.979114963124408e-07, "BRA": 1.3874056652555149e-06, "USA": 1.051441513321324e-05}, "Groundnuts; with shell": {"VCT": 0.0, "USA": 1.186310988520142e-07}, "Coconuts": {"VCT": 0.0}, "Oil palm fruit": {"IDN": 1.2027214795222456e-06, "MYS": 5.229751545539951e-06}, "Olives": {"ARG": 2.03807943296704e-07, "MAR": 2.96484645650652e-07, "GRC": 4.070458328744921e-07, "TUR": 5.33236505943273e-07, "ITA": 8.838833905798019e-07, "TUN": 9.040423240578376e-07, "ESP": 1.2445712811954694e-06, "USA": 0.0}, "Sunflower seed": {"ROU": 3.151246486149138e-08, "MDA": 4.125350538030578e-08, "BGR": 5.2167144653407296e-08, "RUS": 1.075164474918408e-07, "UKR": 1.2628675619849136e-07, "TUR": 6.556000434603596e-07}, "Oilseeds nes": {"FRA": 5.4249936336738185e-08, "BGR": 1.1280711757007e-07, "CIV": 5.900380169212917e-07, "ITA": 6.19610066410208e-07, "CHN": 1.6545421766879524e-06, "BRA": 2.8275554333156628e-06, "MYS": 3.3558626216741384e-06, "IND": 4.533891856979176e-06, "ETH": 1.338561988555378e-05}, "Cabbages and other brassicas": {"CAN": 1.8471802071936003e-09, "USA": 3.633427438729874e-07, "MEX": 5.583108302879933e-07}, "Tomatoes": {"BRB": 0.0, "ITA": 7.53235850645458e-09, "GUY": 1.6745037089943504e-08, "MEX": 9.230130010071037e-08, "USA": 1.0612990891456178e-07}, "Pumpkins; squash and gourds": {"VCT": 0.0}, "Cucumbers and gherkins": {"BRB": 0.0, "GUY": 1.91877746375697e-09}, "Chillies and peppers; green": {"VCT": 0.0}, "Onions; dry": {"NLD": 5.58242612129615e-08, "MEX": 3.766476221932594e-07, "USA": 4.972407965768101e-07}, "Carrots and turnips": {"VCT": 0.0, "USA": 1.7643029919856625e-07}, "Maize; green": {"USA": 2.498486249950869e-07, "THA": 1.3076385450262802e-06}, "Vegetables; fresh nes": {"VCT": 0.0, "CHN": 1.0880110402397438e-06, "MEX": 4.261847968292758e-06}, "Bananas": {"VCT": 0.0}, "Plantains and others": {"VCT": 0.0}, "Oranges": {"VCT": 0.0, "USA": 1.2343730944876134e-07}, "Lemons and limes": {"VCT": 0.0}, "Grapefruit (inc. pomelos)": {"VCT": 0.0}, "Apples": {"VCT": 0.0, "GBR": 1.6216282493615688e-08, "USA": 2.1917128755316461e-07}, "Pears": {"VCT": 0.0}, "Grapes": {"HRV": 4.9471775270231554e-08, "ESP": 2.500123529662529e-07, "FRA": 2.629461285138321e-07, "ITA": 2.8485912871438254e-07, "TUR": 3.321146494043328e-07, "ARG": 5.903233358728761e-07, "ZAF": 8.037017624719592e-07, "USA": 8.129630870186497e-07, "CHL": 2.266837456475187e-06}, "Mangoes; mangosteens; guavas": {"VCT": 0.0}, "Fruit; fresh nes": {"VCT": 0.0}, "Coffee; green": {"VCT": 0.0}, "Cocoa; beans": {"VCT": 0.0}, "Tea": {"TZA": 1.245380378377335e-09, "MWI": 2.149870102240035e-09, "VNM": 4.562694313941606e-09, "ARG": 4.611903741447349e-09, "IDN": 7.566486099233797e-09, "IND": 1.1420605466750872e-08, "CHN": 1.4554728669698736e-08, "KEN": 3.96357651444015e-08, "LKA": 1.2859903741703638e-07}, "Nutmeg; mace and cardamoms": {"VCT": 0.0}, "Spices nes": {"VCT": 0.0, "TUR": 2.657655810249141e-07, "IND": 2.1817252208070583e-06}, "Meat; cattle": {"VCT": 0.0, "NLD": 1.2309922763426543e-11, "BEL": 1.8015964494426486e-11, "IRL": 4.086353050707006e-10, "ROU": 4.787007884424896e-10, "DNK": 1.5531098034572223e-10, "DEU": 3.0260544463288195e-09, "LTU": 3.749437294191065e-10, "SVK": 7.860928273980551e-12, "FRA": 1.4327729270308445e-09, "HUN": 2.5894312961584565e-11, "UKR": 5.983577625225911e-10, "GBR": 3.057837468847169e-10, "GTM": 7.280865730057676e-08, "AUT": 2.289321752119799e-10, "USA": 0.004889919379553424, "POL": 4.730352423276547e-09, "ARG": 2.183881132177799e-07, "ITA": 6.741972250719249e-10, "HND": 2.715963492707045e-08, "ESP": 1.6647541302025586e-09, "BRA": 0.0014979057250480705, "URY": 7.09737583771129e-07, "IDN": 8.57983820173132e-08, "SWE": 6.041869171670924e-09, "MYS": 1.3427228491407073e-07, "CAN": 8.244090702632178e-08, "PAN": 1.7884002463917647e-07, "SLV": 9.827027905597347e-10, "MEX": 3.486701264649368e-07, "PRY": 4.1146512396083866e-07, "NIC": 4.1528294458736127e-07, "AUS": 3.919209324963082e-06, "CHL": 4.7609574596458814e-09, "NZL": 5.054853858746429e-08, "CRI": 8.536358217431066e-07, "JAM": 0.0006983668082477257}, "Milk; whole fresh cow": {"VCT": 0.0, "EGY": 3.2925850375752136e-11, "DNK": 2.7523696328783807e-08, "RUS": 5.8890960219391086e-09, "MKD": 2.5941034257159e-11, "BLR": 2.795196673126041e-10, "DEU": 4.0563559276437846e-06, "HUN": 1.3982555066878205e-08, "FRA": 5.898186624713646e-06, "ROU": 2.250300402298717e-09, "CAN": 5.187020954855235e-07, "HRV": 6.492038591616736e-10, "BIH": 1.7387761767067766e-11, "BGR": 3.0126933214398296e-09, "UKR": 1.6654358368658353e-07, "VNM": 7.494398011302172e-10, "FJI": 8.396780982374194e-11, "USA": 6.888612710388517e-05, "SLV": 1.5393596466868898e-09, "SRB": 5.325245309416617e-10, "NLD": 8.036903916103545e-08, "ARG": 2.9307781676575402e-05, "SWE": 3.633220653226414e-09, "NER": 8.703838963293665e-10, "IRL": 7.071267245113002e-08, "GBR": 5.857551062517065e-06, "NZL": 0.0015095897974461581, "PAN": 1.145957491664903e-09, "POL": 1.5972562036409005e-07, "IRN": 1.0662332266867762e-10, "IND": 2.5030645641466183e-07, "IDN": 4.567789647114006e-06, "EST": 1.586656858100379e-09, "BRA": 1.2949858177699013e-05, "PRT": 1.5953077250823626e-09, "MYS": 7.10716900716963e-06, "TUR": 4.555127794462543e-09, "LBN": 8.300988054899327e-11, "PRY": 3.1552979329743494e-06, "GTM": 3.811246053878402e-09, "CHE": 2.147506423797324e-09, "ISR": 2.7109908056318853e-11, "URY": 1.7229751679141424e-07, "COL": 9.588414402747106e-09, "THA": 9.622939726729782e-08, "MDA": 7.20257094035801e-10, "ZAF": 2.6706366389716966e-08, "NIC": 1.529558490493814e-08, "GRC": 6.804901925505064e-09, "LVA": 1.8410864403183621e-09, "AUT": 3.917696609382567e-08, "CHN": 5.5718689216565444e-09, "BEN": 3.725132211865899e-09, "CZE": 2.8262156297382377e-08, "AUS": 3.120909307686537e-05, "NOR": 3.83657354711147e-10, "LTU": 9.671057397601533e-09, "PER": 0.0006055051755427028, "BEL": 2.4057920262076982e-09, "LUX": 1.0148594323378028e-09, "CHL": 3.6103204138608036e-07, "SVN": 1.6707979967018765e-09, "FIN": 2.2374737977506603e-09, "MEX": 7.954343311830206e-08, "MAR": 5.674890215349476e-10, "SVK": 5.931960859572672e-09, "ESP": 1.1472565978666558e-07, "ECU": 5.2368145949310785e-08, "DZA": 4.839049931568869e-09, "ITA": 1.5603670680081055e-07, "BOL": 2.548699898179983e-06, "CUB": 2.5187252927119238e-08, "PAK": 2.6120908840836673e-08, "PHL": 1.7821121719956782e-09, "CYP": 2.5048607281485726e-09, "GHA": 3.371012187527389e-09, "LAO": 6.861802313509299e-09, "JAM": 1.1623916504042313e-08, "CRI": 6.900108012634992e-08, "DOM": 1.4188261621635136e-08, "ISL": 0.0}, "Meat; sheep": {"VCT": 0.0, "IRL": 4.723929689135187e-10, "GBR": 8.588353775844319e-10,