{"Wheat": {"CAN": 2.428786360240704e-06, "USA": 0.0002290183901606}, "Rice; paddy": {"USA": 3.3631128787433484e-10, "GUY": 1.1157917150259522e-08, "BRA": 2.058996769968089e-08}, "Barley": {"DNK": 3.856311974334429e-07}, "Maize": {"USA": 8.24382336076145e-06, "VCT": 0.0}, "Oats": {"FIN": 2.423623751040632e-09, "IRL": 5.5858361195424615e-09, "GBR": 3.2903872720624657e-07}, "Potatoes": {"CAN": 2.441547201306878e-08, "BEL": 2.5517952479036573e-08, "DEU": 5.570162327526539e-08, "NLD": 1.708174719454621e-07, "USA": 4.923917343131295e-06}, "Sweet potatoes": {"VCT": 0.0}, "Cassava": {"VCT": 1.8009152887892276e-07}, "Yams": {"VCT": 0.0}, "Roots and tubers nes": {"VCT": 4.835743130471835e-06}, "Beans; dry": {"CAN": 7.892715296967961e-09, "CHN": 7.82053040514313e-08, "MEX": 6.602730366602455e-07, "USA": 1.9661526306749123e-06}, "Peas; dry": {"CAN": 1.081152017051034e-07, "USA": 1.8842350718307504e-06}, "Pigeon peas": {"VCT": 0.0}, "Lentils": {"CAN": 1.339888494559022e-06, "USA": 4.769365625493563e-06}, "Pulses nes": {"VCT": 0.0}, "Almonds; with shell": {"USA": 9.274497781593473e-08}, "Nuts nes": {"ISR": 1.213697189520291e-09, "LBN": 6.2241425279356e-08, "TUR": 2.170679089916323e-07, "PHL": 5.098316172275966e-07, "CHN": 7.512839979992012e-07, "ZAF": 1.2928013576897318e-06, "THA": 3.443439559552084e-06, "IDN": 3.6369117059572055e-06, "MEX": 1.219070517032882e-05, "USA": 1.3404900943865624e-05}, "Soybeans": {"ARG": 6.060966816200048e-07, "BRA": 3.731370966437689e-06, "USA": 1.5703241099458478e-05}, "Groundnuts; with shell": {"VCT": 0.0, "USA": 1.42972212076529e-07}, "Coconuts": {"VCT": 0.0}, "Oil palm fruit": {"IDN": 1.5298418882561987e-06, "MYS": 5.578412108172573e-06}, "Olives": {"TUR": 7.65978800782343e-07, "MAR": 8.164064842431709e-07, "GRC": 9.907638906133795e-07, "TUN": 1.1208039215937666e-06, "ITA": 1.2669401176529523e-06, "ARG": 1.2736561788339423e-06, "ESP": 1.8205320591327204e-06, "USA": 0.0}, "Sunflower seed": {"ROU": 4.148804576520757e-08, "MDA": 4.8485092501809817e-08, "BGR": 7.48769687709174e-08, "RUS": 1.4857425370753417e-07, "UKR": 1.553155095778515e-07, "TUR": 9.655094770114532e-07}, "Oilseeds nes": {"BGR": 1.6094896037826457e-07, "FRA": 2.788174272795449e-07, "ITA": 9.107956386647106e-07, "CIV": 1.3428027579545115e-06, "MYS": 3.5617461496738034e-06, "CHN": 4.583566043170117e-06, "IND": 4.871084291867466e-06, "BRA": 7.77807024073212e-06, "ETH": 1.951753774086968e-05}, "Cabbages and other brassicas": {"CAN": 2.185682369605346e-09, "USA": 8.94641459596725e-07, "MEX": 1.079467400278726e-06}, "Tomatoes": {"BRB": 0.0, "ITA": 1.004647299778848e-08, "GUY": 3.01477328409727e-08, "MEX": 1.784601678077156e-07, "USA": 2.613185985389646e-07}, "Pumpkins; squash and gourds": {"VCT": 0.0}, "Cucumbers and gherkins": {"BRB": 0.0, "GUY": 3.454563286298429e-09}, "Chillies and peppers; green": {"VCT": 0.0}, "Onions; dry": {"NLD": 9.103233106584765e-08, "MEX": 7.282302393102352e-07, "USA": 1.2243322304408568e-06}, "Carrots and turnips": {"VCT": 0.0, "USA": 4.344158870756712e-07}, "Maize; green": {"USA": 3.930893903753377e-07, "THA": 1.3945200029254168e-06}, "Vegetables; fresh nes": {"VCT": 0.0, "CHN": 1.9773563656812537e-06, "MEX": 8.24008007214022e-06}, "Bananas": {"VCT": 0.0}, "Plantains and others": {"VCT": 0.0}, "Oranges": {"VCT": 0.0, "USA": 2.863996866579798e-07}, "Lemons and limes": {"VCT": 0.0}, "Grapefruit (inc. pomelos)": {"VCT": 0.0}, "Apples": {"VCT": 0.0, "GBR": 6.177619186997593e-08, "USA": 5.085220048943818e-07}, "Pears": {"VCT": 0.0}, "Grapes": {"HRV": 7.109501468940481e-08, "ITA": 3.776230054179015e-07, "ESP": 3.812228163622575e-07, "TUR": 4.471790344498342e-07, "ARG": 1.177890325247568e-06, "FRA": 1.3753259799679913e-06, "USA": 1.8862398607553389e-06, "ZAF": 2.754971182615368e-06, "CHL": 7.462744663957221e-06}, "Mangoes; mangosteens; guavas": {"VCT": 0.0}, "Fruit; fresh nes": {"VCT": 0.0}, "Coffee; green": {"VCT": 0.0}, "Cocoa; beans": {"VCT": 0.0}, "Tea": {"TZA": 2.73066037974732e-09, "MWI": 2.9378862413056846e-09, "VNM": 4.777885397003144e-09, "ARG": 5.9013530975890955e-09, "IDN": 9.491988824265381e-09, "IND": 1.2268773152981996e-08, "CHN": 2.9356601163966853e-08, "KEN": 6.889635589500503e-08, "LKA": 1.5146464199371497e-07}, "Nutmeg; mace and cardamoms": {"VCT": 0.0}, "Spices nes": {"VCT": 0.0, "TUR": 3.978475434787071e-07, "IND": 2.34398344457318e-06}, "Meat; cattle": {"VCT": 0.0, "NLD": 1.8593253052759775e-11, "BEL": 2.7104933889990633e-11, "DNK": 1.3416506570322535e-10, "ROU": 6.540678432157764e-10, "LTU": 3.996275054858701e-10, "DEU": 3.54407221624883e-09, "SVK": 1.0186931900637847e-11, "AUT": 2.84669986679857e-10, "HUN": 2.8649365725650798e-11, "IRL": 1.8204655069173537e-09, "UKR": 7.308857482207269e-10, "GBR": 7.45585175878464e-10, "FRA": 6.5374989881035855e-09, "GTM": 1.1187643128596984e-07, "USA": 0.0048958885738144605, "POL": 5.799183811883311e-09, "ITA": 8.121753008439909e-10, "ARG": 3.760592332942254e-07, "ESP": 2.464245301221257e-09, "HND": 4.2114758882782276e-08, "IDN": 1.0913412705228515e-07, "SWE": 6.666546415507488e-09, "BRA": 0.0016404684066856296, "MYS": 1.432240391219801e-07, "CAN": 9.380427607372847e-08, "URY": 3.091047495081915e-06, "MEX": 5.91701670076307e-07, "SLV": 1.6227444103872052e-09, "AUS": 7.356046108729882e-06, "PAN": 4.254525581134191e-07, "NIC": 1.0968652253409727e-06, "PRY": 1.1186831980832422e-06, "CHL": 1.8851231595241907e-08, "NZL": 2.3773551382998039e-07, "CRI": 1.9770449312053516e-06, "JAM": 0.0006986418744522955}, "Milk; whole fresh cow": {"VCT": 0.0, "EGY": 3.2925850375752136e-11, "DNK": 2.3809746186049312e-08, "RUS": 8.149866925799552e-09, "BLR": 4.085412772166597e-10, "DEU": 4.212538950118705e-06, "MKD": 7.845682295120189e-11, "VNM": 7.86846392371152e-10, "HUN": 1.5509178508762313e-08, "ROU": 3.051349958350425e-09, "CAN": 5.772359779975762e-07, "HRV": 1.0075223907339809e-09, "UKR": 2.0348129017003664e-07, "BGR": 4.291166652452899e-09, "FRA": 7.376208399722897e-06, "FJI": 1.1561878675687334e-10, "SRB": 6.343146200907825e-10, "USA": 7.272920837789792e-05, "SWE": 4.008792822311949e-09, "SLV": 2.5402022720244856e-09, "BIH": 5.154115315769685e-11, "NLD": 8.152067756650117e-08, "NER": 1.0398331160743106e-09, "ARG": 3.528227559769917e-05, "GBR": 7.514935327549376e-06, "IND": 2.686143462203853e-07, "POL": 1.955314707820098e-07, "IRN": 2.2546164039079893e-10, "IDN": 5.810562407048365e-06, "MYS": 7.5809944887793985e-06, "EST": 2.3448099342912325e-09, "IRL": 1.7922966427723542e-07, "THA": 1.0172154192977623e-07, "PRT": 2.7602469943416687e-09, "NZL": 0.001519500036635065, "PAN": 2.723180059361666e-09, "LBN": 1.2642868324357927e-10, "TUR": 6.55874463399184e-09, "BRA": 3.507885594288936e-05, "ISR": 3.246034265906788e-11, "GTM": 5.820626846037954e-09, "CHE": 5.303553191557473e-09, "PRY": 8.490284637430604e-06, "MDA": 8.480557161211112e-10, "SVN": 3.5862652665955977e-09, "LVA": 2.1309232858019565e-09, "GRC": 1.4095762200520644e-08, "BEN": 4.875868057324509e-09, "AUT": 4.874686745295059e-08, "CZE": 3.684274558217998e-08, "LTU": 1.0378704196049726e-08, "ZAF": 6.95195813614745e-08, "NIC": 4.045842864814543e-08, "SVK": 7.3376066156005465e-09, "CHN": 1.045277712182407e-08, "BEL": 3.6237260765104283e-09, "FIN": 2.2510371069546852e-09, "URY": 7.50457067072374e-07, "AUS": 6.05050165549919e-05, "COL": 7.167967375412219e-08, "MEX": 1.3498670299592196e-07, "LUX": 2.241707046984662e-09, "PER": 0.000620575456146864, "ESP": 1.6976309611074512e-07, "MAR": 9.584258263769392e-10, "ECU": 1.1152624101331725e-07, "CHL": 1.2936271094730122e-06, "ITA": 1.8790427635752417e-07, "DZA": 7.651799142214345e-09, "BOL": 5.704365640259358e-06, "CUB": 4.3278765424101464e-08, "PAK": 2.820163876006405e-08, "PHL": 1.9837302620960228e-09, "CYP": 2.5476465711491696e-09, "NOR": 9.095576528863523e-09, "GHA": 6.362762079497311e-09, "LAO": 8.7970916883218e-09, "JAM": 2.2198053616317082e-08, "DOM": 2.243123462172144e-08, "CRI": 1.655425425141129e-07, "ISL": 0.0}, "Meat; sheep": {"VCT": 0.0, "SWE": 3.4703014736387133e-07, "DNK": 1.3715645362559612e-11,