{"Wheat": {"IND": 0.0031562975413643, "NPL": 0.4153927473031004}, "Rice; paddy": {"IND": 4.910326299472043e-05, "NPL": 0.0023220681773173}, "Barley": {"IND": 0.000152383065676, "NPL": 0.0374409626491919}, "Maize": {"IND": 0.0055885437272258, "NPL": 0.2839504173258568}, "Oats": {"SWE": 6.408212555914221e-09, "FIN": 1.3634662762892381e-08, "GBR": 1.8207387396373088e-07, "DEU": 2.620865742843872e-07, "AUS": 6.941741385108653e-05}, "Sorghum": {"IND": 2.8860597733081333e-07}, "Buckwheat": {"NPL": 0.0}, "Canary seed": {"CAN": 1.5631298964283733e-07}, "Potatoes": {"IND": 0.0012236679917734, "NPL": 0.2144098353978812}, "Sweet potatoes": {"IND": 5.481989791015451e-06}, "Cassava": {"IND": 5.586430932381078e-07}, "Roots and tubers nes": {"NPL": 0.000572850115244}, "Beans; dry": {"IND": 0.0022391725060893, "MMR": 0.0042330391024244, "NPL": 0.123032876681286}, "Broad beans; horse beans; dry": {"AUS": 0.001117941134299, "NPL": 0.0063704233041594}, "Peas; dry": {"RUS": 1.668967747684591e-05, "UKR": 3.753981358952943e-05, "USA": 0.0002153980061032, "CAN": 0.0002230440958082, "AUS": 0.0059940577281891}, "Chick peas": {"CAN": 7.971306533209237e-06, "IND": 7.207061979133966e-05, "NPL": 0.0067972492151659, "AUS": 0.0282013386192487}, "Pigeon peas": {"NPL": 0.0131518522944441}, "Lentils": {"CAN": 9.42514761700519e-05, "NPL": 0.1534167493764372}, "Pulses nes": {"NPL": 0.0634784876910939}, "Cashew nuts; with shell": {"BEN": 2.0098022014256e-05, "IDN": 2.550136848343392e-05, "GNB": 3.187458428253994e-05, "GHA": 4.4357279085543706e-05, "IND": 9.548682205839312e-05, "VNM": 0.0002094576720516, "CIV": 0.0002641782533492, "TZA": 0.0002726141106898}, "Almonds; with shell": {"AUS": 2.6383171630530487e-06, "USA": 4.022153032977087e-05, "NPL": 5.331051938263714e-05}, "Walnuts; with shell": {"IND": 1.9190298502270683e-05, "NPL": 0.0026048306409662}, "Pistachios": {"IRN": 4.541365222765409e-07, "USA": 6.174231145511289e-07, "CHN": 2.67763302959904e-06}, "Hazelnuts; with shell": {"ITA": 5.258551704274103e-09, "TUR": 2.7356672791369912e-08}, "Areca nuts": {"IND": 3.940666863640703e-05, "THA": 0.0005310215788603, "NPL": 0.0006955145231353, "IDN": 0.0049160739852565}, "Soybeans": {"UKR": 4.625721725889506e-05, "IND": 0.0030996751734468, "ARG": 0.0031699873832292, "NPL": 0.0079401567696392, "BRA": 0.0105313181772315}, "Groundnuts; with shell": {"IND": 0.0009095921623688}, "Coconuts": {"IDN": 1.1184777006811069e-05, "NPL": 2.951926422606825e-05, "MYS": 3.233916492977132e-05, "IND": 0.0002406693067613}, "Oil palm fruit": {"MYS": 0.0003115692107548, "IDN": 0.0027596567325195}, "Olives": {"GRC": 1.1639494752227085e-06, "ITA": 3.0564661875097247e-06, "TUR": 6.348845237007669e-06, "TUN": 8.824265510367316e-06, "ESP": 2.555105337193334e-05}, "Sunflower seed": {"IND": 0.0003269158900401, "ARG": 0.0004982037988175, "UKR": 0.0010781073228}, "Sesame seed": {"BGD": 7.526596131199763e-06, "NGA": 7.574767576314989e-06, "SDN": 1.594474140481205e-05, "SOM": 0.0002443886626433, "IND": 0.000386316354577}, "Mustard seed": {"CAN": 9.412234886559009e-06, "NPL": 0.0066656587079898}, "Oilseeds nes": {"NPL": 0.0286001619342865}, "Cabbages and other brassicas": {"IND": 1.4364884064621808e-06, "NPL": 0.0001426958460844}, "Asparagus": {"ESP": 6.596236997990572e-09, "THA": 7.369771942026601e-08}, "Lettuce and chicory": {"IND": 1.3414581106715331e-05, "NPL": 0.0007258253940482}, "Tomatoes": {"TUR": 1.600478543577179e-06, "CHN": 1.143030341863764e-05, "IND": 0.0001975901575065}, "Cauliflowers and broccoli": {"IND": 7.213730964687033e-07, "NPL": 0.0001428457619819}, "Pumpkins; squash and gourds": {"IND": 1.883873523652687e-05}, "Cucumbers and gherkins": {"IND": 8.743361213295475e-07}, "Chillies and peppers; green": {"IND": 0.0001057870678838, "NPL": 0.0111693853055444}, "Onions; dry": {"CHN": 7.597417584855362e-05, "IND": 0.0010152508105415}, "Garlic": {"CHN": 8.442025944260752e-05, "NPL": 0.0094856481503045}, "Beans; green": {"IND": 3.340782740826326e-07, "NPL": 0.0001050855110712}, "Peas; green": {"UKR": 1.6339834450441375e-06, "IND": 6.418112209043097e-06, "USA": 6.43204018515383e-06}, "Carrots and turnips": {"IND": 8.679465348637043e-07}, "Maize; green": {"FRA": 1.762751492544744e-07, "USA": 3.19292248014484e-07, "CHN": 1.809857134457412e-06, "THA": 1.4922319530051665e-05}, "Mushrooms and truffles": {"CHN": 1.756414748281994e-07, "IND": 8.372831139575034e-07}, "Vegetables; fresh nes": {"IND": 0.0011344965351736, "NPL": 0.2896833141005504}, "Bananas": {"NPL": 0.0}, "Oranges": {"IND": 7.953291704036794e-05, "NPL": 0.0031927280717391}, "Tangerines; mandarins; clementines; satsumas": {"NPL": 0.0109641978323931}, "Lemons and limes": {"IND": 9.424469844704608e-05, "NPL": 0.0071744866449513}, "Fruit; citrus nes": {"NPL": 3.402409352207749e-05}, "Apples": {"IND": 0.0003511434702678, "CHN": 0.0007668762528642, "NPL": 0.0078425027176021}, "Pears": {"CHN": 9.470145191357708e-06, "NPL": 0.0032083746886984}, "Apricots": {"AFG": 1.174903175994228e-06, "IND": 4.044544885544359e-06, "TUR": 6.862793565210923e-06, "NPL": 0.0002523192117954}, "Peaches and nectarines": {"NPL": 0.001677918337683}, "Plums and sloes": {"NPL": 0.0014723229432675}, "Strawberries": {"NLD": 4.0653758224256176e-10, "ESP": 8.799517306017945e-10, "MEX": 1.4689585040581353e-08, "USA": 2.4575838290908052e-08}, "Grapes": {"AFG": 3.6429994076148855e-06, "ESP": 1.2890193103111137e-05, "AUS": 3.193029453866424e-05, "IND": 0.0001521358365493}, "Watermelons": {"IND": 8.218522248036048e-05}, "Melons; other (inc.cantaloupes)": {"IND": 6.515854151381263e-07}, "Figs": {"AFG": 1.7834636700693105e-06, "IND": 2.8141583667722235e-06}, "Mangoes; mangosteens; guavas": {"IND": 0.0001884150881344, "NPL": 0.0488703739906165}, "Pineapples": {"THA": 1.3583365299239669e-06, "IND": 2.270689457602118e-06, "NPL": 0.0002293717931042}, "Dates": {"PAK": 7.980105203563027e-05}, "Persimmons": {"NPL": 0.0002833617755704}, "Papayas": {"IND": 1.3266434896260734e-06, "NPL": 0.0016300276874953}, "Fruit; fresh nes": {"NPL": 0.0448403657794837}, "Coffee; green": {"VNM": 1.86500876692806e-05, "THA": 2.8968669119416515e-05, "BRA": 3.809791662497197e-05, "IDN": 4.606189401861399e-05, "UGA": 8.767314502562176e-05, "IND": 0.0001437883179576, "NPL": 0.0033268934731022}, "Cocoa; beans": {"UGA": 2.059422391230413e-05, "PNG": 2.174940752348271e-05, "CMR": 2.734653708824201e-05, "NGA": 4.711503421613495e-05, "IDN": 0.0001669679449645, "ECU": 0.0002376608207438, "CIV": 0.0003108224697408, "GHA": 0.0003330307138398, "IND": 0.0003597688115228}, "Tea": {"NPL": 0.0116190357101683}, "Pepper (piper spp.)": {"IND": 0.0002138431487501, "VNM": 0.0008813504516802, "LKA": 0.0010663314907689, "IDN": 0.0023723685395516, "MDG": 0.0094257978225196}, "Chillies and peppers; dry": {"IND": 0.0008820092878083, "NPL": 0.0097333390352416}, "Vanilla": {"COM": 0.0, "IDN": 1.0053969036826492e-07, "MDG": 0.0008891746246374}, "Cloves": {"COM": 0.0, "TZA": 2.0525411755717e-05, "IDN": 3.361987280075981e-05, "LKA": 0.0001167978747848, "MDG": 0.00910791433095}, "Nutmeg; mace and cardamoms": {"GTM": 0.0020440858112177, "NPL": 0.0041040054066648}, "Anise; badian; fennel; coriander": {"IND": 0.0022978029943045}, "Ginger": {"CHN": 0.0001425465955226, "NPL": 0.0079802608092374}, "Spices nes": {"IND": 0.0001625851476742, "NPL": 0.003620762189579}, "Meat; cattle": {"IND": 0.0005432315341033025, "LTU": 2.2523677002442512e-12, "HUN": 2.9141099568216066e-12, "RUS": 9.686103075251191e-11, "DEU": 7.40427826041616e-11, "BGR": 4.600095477822404e-12, "USA": 2.1769285931155365e-08, "TUR": 1.0137803793511217e-09, "ROU": 5.839401221774063e-11, "FRA": 5.596198631922534e-10, "UKR": 3.290845647906992e-10, "OMN": 9.506435002145839e-12, "CAN": 1.6379915409958927e-11, "ITA": 1.8373784317443663e-10, "ARG": 0.00019328695599394027, "PHL": 4.633357935517739e-09, "PRY": 7.060768737652528e-09, "ZAF": 1.3334365759028152e-08, "THA": 9.021282037775622e-07, "BRA": 0.0006424026562058143, "AUS": 2.9999349958172994e-06, "PAK": 5.020966701644814e-09,