{"Wheat": {"DEU": 4.468013560269291e-05, "CAN": 7.885830451880872e-05, "IND": 0.0002560280327146, "USA": 0.0011680487636833, "FRA": 0.0023333615605072}, "Barley": {"DNK": 6.180462840841837e-07, "NLD": 1.1111007287093805e-06, "GBR": 3.3506295154829394e-06, "DEU": 2.3833754558662803e-05, "FRA": 0.000312880561795}, "Maize": {"BFA": 0.1692974273191755}, "Potatoes": {"DEU": 1.3447437659421258e-06, "BEL": 1.659158484704608e-06, "NLD": 3.6817394132186e-06, "TUN": 5.2970757730532205e-06, "MLI": 1.456949935980746e-05, "FRA": 1.6159288490435458e-05, "MAR": 1.7831697555723977e-05, "CHN": 1.979844722542836e-05, "ZAF": 0.0001139672449493, "BFA": 0.0001323937959697}, "Sweet potatoes": {"BFA": 0.001297795241646}, "Cassava": {"BFA": 0.0001490168035169}, "Yams": {"BFA": 0.0009405304098253}, "Roots and tubers nes": {"ESP": 3.45891856917488e-07, "CHN": 3.8510209335593457e-07, "GHA": 7.738977702629508e-07, "CIV": 6.635486691463543e-06, "TGO": 1.7348963612876494e-05}, "Peas; dry": {"CAN": 8.935138515975393e-07, "USA": 6.092245201917546e-05}, "Chick peas": {"CAN": 3.004015523485928e-07, "TUR": 1.3298481543557495e-06, "IND": 1.6070771762528182e-06, "USA": 3.4826110302418384e-06, "ITA": 1.2162816425430445e-05, "AUS": 2.138018536834665e-05, "ARG": 2.917722361502186e-05, "MEX": 3.102570803036982e-05}, "Cow peas; dry": {"BFA": 0.1788004243613527}, "Lentils": {"CAN": 4.138254374107477e-07, "USA": 4.4347173923234e-05}, "Bambara beans": {"BFA": 0.0071741462918195}, "Pulses nes": {"BFA": 0.001709241149291}, "Cashew nuts; with shell": {"BFA": 0.0018110103569902}, "Almonds; with shell": {"BFA": 0.00035224633481}, "Kola nuts": {"CIV": 0.0001930688065658}, "Nuts nes": {"ISR": 4.7259676090433175e-11, "LBN": 4.057177208910433e-09, "TUR": 7.672825800933744e-09, "CHN": 1.6335410012354977e-08, "ZAF": 3.847884389867059e-08, "THA": 7.236334851150574e-08, "IDN": 2.0853294345656654e-07, "MEX": 4.820905956912369e-07, "USA": 5.431939714033585e-07}, "Soybeans": {"BFA": 0.0058145636590733, "TGO": 0.0}, "Groundnuts; with shell": {"BFA": 0.0408238565952457}, "Coconuts": {"MYS": 1.3008894583896308e-05, "CIV": 0.0012851880013479}, "Oil palm fruit": {"TGO": 0.0004738167237251, "GHA": 0.0005292723458732, "IDN": 0.0005563663237796, "MYS": 0.0017342987837656, "CIV": 0.0105061247492991}, "Olives": {"LBN": 5.812569993765684e-07, "GRC": 2.5393261905566822e-06, "TUR": 2.738674309517816e-06, "SYR": 4.0073287836945455e-06, "ITA": 4.638542668716574e-06, "TUN": 5.614770936851559e-06, "ARG": 6.778635890610113e-06, "ESP": 7.581900843180968e-06, "MAR": 3.324372002572324e-05, "USA": 0.0}, "Karite nuts (sheanuts)": {"BFA": 0.0004631913693188}, "Sunflower seed": {"HUN": 2.7510014622981682e-08, "RUS": 1.1021811800134597e-07, "ROU": 1.2486196699381712e-07, "BGR": 1.869014700159201e-07, "TUR": 2.4149349654717746e-07, "ARG": 2.967429110428401e-07, "UKR": 6.278572000744825e-07, "FRA": 2.0440528416283565e-06}, "Rapeseed": {"LTU": 8.061711734606967e-10, "RUS": 8.9813753364491e-10, "CZE": 1.5065972199917646e-09, "BGR": 1.7239342446671527e-09, "POL": 2.2128912811647424e-09, "GBR": 2.403740299523008e-09, "CAN": 2.9978611939275507e-09, "ROU": 3.464978275050477e-09, "DEU": 9.301400102640602e-09, "FRA": 1.16279501896354e-08, "UKR": 1.7202181781169464e-08, "IND": 2.7272871593600905e-08, "AUS": 6.370231309610771e-07}, "Sesame seed": {"BFA": 0.0251446682254678}, "Mustard seed": {"RUS": 8.85032103677073e-08, "DEU": 4.477191440252344e-07, "CZE": 5.401535571432538e-07, "UKR": 9.74672182020728e-07, "CAN": 2.200080575471088e-06, "FRA": 8.501062325015974e-06, "CHN": 4.133620396107263e-05}, "Lettuce and chicory": {"FRA": 3.558150598446559e-08, "ESP": 1.3285261360887288e-07}, "Tomatoes": {"USA": 1.0009015501391998e-05, "TUN": 1.0138362292244512e-05, "ITA": 9.486979955611278e-05, "CHN": 0.0004053925187552, "BFA": 0.0006846659754839}, "Chillies and peppers; green": {"BFA": 0.000332912403598}, "Onions; shallots; green": {"NLD": 3.577588527176862e-07, "NER": 2.771830102029104e-06, "NZL": 5.529863340308789e-06, "MAR": 2.3201186159164734e-05, "BFA": 0.0001243252007756}, "Garlic": {"ESP": 1.1676247390455993e-06, "NGA": 1.4129728019618476e-06, "ARG": 4.501199580707366e-06, "NER": 7.695952041880884e-06, "CHN": 1.0261997054514144e-05}, "Beans; green": {"BFA": 0.0001321484823653}, "Okra": {"BFA": 0.0004511633634348}, "Maize; green": {"HUN": 4.8802853241243715e-09, "FRA": 4.432820478637616e-07, "CIV": 1.859510510248357e-05}, "Mushrooms and truffles": {"NLD": 5.395532208682399e-11, "POL": 9.317472067142595e-11, "ESP": 1.204460195763135e-09, "CHN": 7.965796206471602e-08, "FRA": 9.46696192683118e-08}, "Vegetables; fresh nes": {"BFA": 0.0147051221602935}, "Bananas": {"CHN": 0.000118275202377, "GHA": 0.0002603273638783, "CIV": 0.0003272363072005}, "Plantains and others": {"GHA": 0.0004361320004819}, "Oranges": {"ESP": 1.5515511982969178e-06, "IND": 1.9963855187998674e-06, "THA": 2.75738930908438e-06, "BRA": 4.423670464293549e-06, "ZAF": 5.356348898616253e-06, "CIV": 9.826427850590342e-06, "MAR": 1.8036004341454383e-05, "CHN": 2.265439987993555e-05, "GHA": 4.142087024930241e-05, "BFA": 4.860681908059044e-05}, "Tangerines; mandarins; clementines; satsumas": {"ISR": 1.4129501202913565e-08, "BFA": 1.3085774875004067e-05}, "Lemons and limes": {"BFA": 1.1544129092088896e-05}, "Grapefruit (inc. pomelos)": {"BFA": 8.491576935888156e-06}, "Pears": {"ZAF": 1.9749292835002683e-05}, "Plums and sloes": {"FRA": 8.826882396226616e-10, "ESP": 9.572383892396975e-10, "USA": 1.7383581353327012e-09, "ITA": 1.3630904077788185e-08, "CHL": 1.5355424828570227e-08, "ZAF": 4.633451968570361e-07}, "Grapes": {"ITA": 5.447674517929401e-06, "ZAF": 2.7029095868998807e-05, "FRA": 4.094595043182493e-05, "CHL": 4.566525140713743e-05, "ESP": 0.0001888258933093}, "Mangoes; mangosteens; guavas": {"BFA": 0.0002201293831844}, "Avocados": {"ESP": 3.14955106034566e-06, "PER": 9.632979668073442e-06, "CHN": 2.815980765941221e-05, "GHA": 0.0001004717090108}, "Pineapples": {"CHN": 5.221291723722684e-07, "BEN": 1.1301811494415836e-06, "TGO": 1.4006350548625896e-06, "CIV": 2.297892622341284e-06, "CRI": 4.578367166506629e-06, "GHA": 4.772882848596517e-06}, "Dates": {"ARE": 2.130072655543011e-09, "SAU": 2.3869619350750774e-08, "MLI": 1.0593473698106846e-06, "NER": 1.7658631626622488e-06, "DZA": 6.223895622482242e-06}, "Fruit; tropical fresh nes": {"BFA": 0.0002591478690453}, "Fruit; fresh nes": {"BFA": 0.0284381947098615}, "Coffee; green": {"GHA": 3.7426023309502187e-05, "CHN": 4.405083891902441e-05, "IDN": 4.774812342989867e-05, "VNM": 4.998436762759173e-05, "BRA": 0.0002014763453455, "IND": 0.0003134540114875, "TGO": 0.000817919931172, "CIV": 0.0188429695011159}, "Cocoa; beans": {"IDN": 2.261056121937943e-06, "NGA": 4.330998597313949e-06, "GHA": 9.633939117326582e-06, "CIV": 1.047533471624876e-05, "TGO": 9.998624162314712e-05}, "Tea": {"IND": 6.651979997242445e-05, "CHN": 0.003451345751866, "LKA": 0.0034540140865372}, "Pepper (piper spp.)": {"CHN": 0.0001795000532778, "IND": 0.0016954114009587, "BRA": 0.0019213297463203, "LKA": 0.0030117725668262, "VNM": 0.0046125568523803, "IDN": 0.0060797916074161, "MDG": 0.1855260424698666}, "Chillies and peppers; dry": {"CIV": 2.894076660404089e-07, "MLI": 1.2400715541555012e-05}, "Anise; badian; fennel; coriander": {"RUS": 2.663021376786149e-09, "ROU": 8.236490252284542e-09, "EGY": 1.613001880373583e-08, "TUR": 1.6859575540933577e-08, "BGR": 3.6338986809832095e-08, "ESP": 4.143674442674435e-08, "UKR": 4.61215864365544e-08, "CHN": 1.1964531350660864e-07, "IND": 2.5162237597036064e-07, "MAR": 5.019361029025078e-07, "SYR": 6.897122328275306e-07}, "Ginger": {"NGA": 8.565392281502721e-07, "CIV": 2.127832846637836e-05}, "Spices nes": {"BFA": 0.000602107392606}, "Meat; cattle": {"EST": 4.073359778985157e-11, "DNK": 2.7255652181739728e-08, "POL": 3.687866594936657e-08, "SWE": 3.2930386345392844e-10, "ROU": 1.9928176866616608e-09, "DEU": 4.632753008629698e-08, "LTU": 2.509064904633249e-09, "SVK": 2.2055267115032516e-10, "FIN": 3.3342894717069924e-11,