{"Wheat": {"RUS": 0.0001386080895915, "CAN": 0.0016346231107504, "USA": 0.0041834717367143}, "Barley": {"CAN": 4.417965458402035e-05, "FRA": 6.828872329729636e-05, "USA": 0.000112460294476, "ARG": 0.0006779137648572, "AUS": 0.0018963381396385, "ECU": 0.0522778834986334}, "Maize": {"ARG": 0.0007620883066714, "PRY": 0.0011100364635085, "BRA": 0.0011823176311772, "ECU": 0.3178344183228073}, "Oats": {"CAN": 1.957755477975397e-05, "ECU": 0.0002593466963749, "CHL": 0.004237516004868}, "Quinoa": {"PER": 1.3081150869045176e-05, "ECU": 0.0002214347874339}, "Potatoes": {"NLD": 1.2487738324692348e-06, "ECU": 0.1013479999381813}, "Sweet potatoes": {"ECU": 0.0113308107868201}, "Cassava": {"PRY": 4.57685562002448e-06, "THA": 8.511056654174113e-06, "ECU": 0.0006987083849849}, "Roots and tubers nes": {"ECU": 0.0003154730458667}, "Beans; dry": {"PER": 0.0004512466135787, "ECU": 0.0500580829492487}, "Broad beans; horse beans; dry": {"PER": 0.0007664849934071, "ECU": 0.0100489231084956}, "Peas; dry": {"USA": 1.6640639099651588e-05, "CAN": 2.0486411479006247e-05, "ECU": 0.004150562284254}, "Chick peas": {"CAN": 1.4464836135256866e-06, "MEX": 0.000169636908453}, "Lentils": {"CAN": 0.0001701437227395, "ECU": 0.0129411778296245}, "Lupins": {"ECU": 0.0001540788619665}, "Brazil nuts; with shell": {"PER": 9.556242796561318e-06}, "Cashew nuts; with shell": {"MOZ": 1.4498024836819753e-08, "GNB": 4.9079664605494864e-08, "BEN": 8.165826479436926e-08, "GHA": 2.246633791817002e-07, "IND": 2.660060516058574e-07, "IDN": 2.835017289325033e-07, "BRA": 5.225668827843309e-07, "TZA": 5.297544736829862e-07, "CIV": 8.515810224957782e-07, "VNM": 2.8558271147650416e-06}, "Almonds; with shell": {"USA": 3.5072999998979e-06, "CHL": 0.0001379101932764}, "Walnuts; with shell": {"USA": 1.2019069450773604e-05, "CHL": 0.0002150134966938}, "Pistachios": {"CHN": 5.201824944574981e-07, "IRN": 6.050981123829886e-07, "USA": 1.2740932474035989e-06, "MDG": 1.5156279568047417e-05}, "Hazelnuts; with shell": {"USA": 3.458343378696557e-07, "CHL": 4.482034198264175e-06, "TUR": 1.0582102283322204e-05}, "Nuts nes": {"ISR": 1.1339985645356435e-09, "CHN": 1.8215937502354404e-07, "TUR": 2.599585461090492e-07, "ZAF": 3.847889625673273e-07, "IDN": 1.2679692252482192e-06, "ESP": 1.5146652154735382e-06, "THA": 1.672643893195018e-06, "GHA": 3.918903130355485e-06, "USA": 6.1689182164850885e-06, "MEX": 6.451806059397969e-06, "COL": 8.272226470306277e-06}, "Soybeans": {"BRA": 0.0006412955633772, "ARG": 0.0007476181336256, "USA": 0.00083222049627, "BOL": 0.0023139193543963, "ECU": 0.0109588076511651}, "Groundnuts; with shell": {"ARG": 1.913094111830353e-05, "ECU": 0.0255850844780088}, "Coconuts": {"IND": 2.714824378360914e-06, "PHL": 1.6365611696694636e-05, "ECU": 0.0012191379227391}, "Oil palm fruit": {"ECU": 0.0535062470418308}, "Olives": {"GRC": 7.3003260929031154e-06, "TUN": 1.3389767401829462e-05, "ITA": 4.811924307595652e-05, "ARG": 0.0001181817247162, "ESP": 0.0001419274376262, "PER": 0.0}, "Sunflower seed": {"USA": 3.085097602049813e-05, "ARG": 0.0002468719215741, "BOL": 0.0048452879683637}, "Sesame seed": {"CHN": 5.365895002529004e-07, "NGA": 7.314087505696251e-07, "SDN": 1.7979437385334963e-06, "MEX": 7.789299632052594e-06, "GTM": 8.101623793981517e-06, "SOM": 8.36554969366703e-06, "VEN": 1.68057789960995e-05, "IND": 4.5439332155586994e-05, "COL": 5.158690316975448e-05, "ECU": 9.675800081492686e-05}, "Mustard seed": {"USA": 3.3851151577282703e-06, "CAN": 1.3948667863567724e-05}, "Cabbages and other brassicas": {"ECU": 0.0065467349222449}, "Asparagus": {"PER": 1.2124169934154476e-06, "ECU": 0.0010840998725279}, "Lettuce and chicory": {"ECU": 0.0087513927658457}, "Tomatoes": {"ITA": 2.0587484552329912e-06, "CHN": 1.4130762752704908e-05, "CHL": 0.0003204845301036, "PER": 0.0003893075308125, "ECU": 0.004797413020374}, "Cauliflowers and broccoli": {"ECU": 0.0192782358299215}, "Pumpkins; squash and gourds": {"ECU": 0.001221160762384}, "Cucumbers and gherkins": {"ECU": 0.0024365455761155}, "Chillies and peppers; green": {"ECU": 0.0101402913028795}, "Onions; shallots; green": {"ECU": 0.0476998954863517}, "Onions; dry": {"PER": 2.154382706515609e-06}, "Garlic": {"CHN": 8.8502283895963e-05, "PER": 0.0001565390263137, "ECU": 0.004581118408625}, "Beans; green": {"ECU": 0.0078363610647602}, "Peas; green": {"ECU": 0.003386913452342}, "Vegetables; leguminous nes": {"ECU": 0.0024637402938442}, "Carrots and turnips": {"ECU": 0.0277152167115976}, "Maize; green": {"HUN": 1.2339245609460914e-07, "CHN": 1.3903494454360148e-07, "FRA": 2.098177902699342e-07, "USA": 3.113537883181214e-07, "CHL": 5.778624347721911e-06, "THA": 2.1130368666745555e-05}, "Mushrooms and truffles": {"CHN": 4.189871247529535e-07}, "Plantains and others": {"ECU": 0.1927609608607978}, "Oranges": {"USA": 3.226951180935238e-05, "BRA": 3.496759555864275e-05, "CHL": 0.0001071983398409, "COL": 0.0029522744078672, "ECU": 0.024631533896791}, "Tangerines; mandarins; clementines; satsumas": {"PER": 7.855373233162663e-05, "ECU": 0.008674450392942}, "Lemons and limes": {"PER": 3.3084209313876375e-05, "COL": 0.0003933364364443, "ECU": 0.0102529652764567}, "Grapefruit (inc. pomelos)": {"ECU": 0.0007129156054704}, "Fruit; citrus nes": {"ECU": 0.000350093512435}, "Apples": {"USA": 3.601885060980541e-06, "PER": 0.0002133502237546, "CHL": 0.0009433892280467, "ECU": 0.0028722968209837}, "Pears": {"USA": 3.0265734423182146e-06, "ARG": 1.30054261231928e-05, "CHL": 0.0002480760742952, "ECU": 0.003871966921949}, "Apricots": {"USA": 4.088351526903687e-08, "TUR": 1.886878041665156e-07, "CHL": 1.2147204233516346e-06, "ECU": 0.0001102203312523}, "Cherries": {"USA": 2.472415653393932e-06, "CHL": 0.0001968338939019}, "Peaches and nectarines": {"USA": 1.4132662496927086e-06, "CHL": 5.17316588564001e-05, "PER": 0.0003279234624688, "ECU": 0.0013469546816024}, "Plums and sloes": {"USA": 2.011027479632538e-06, "ARG": 1.036143499214567e-05, "CHL": 0.0001218629217347, "ECU": 0.0019819437459386}, "Strawberries": {"ECU": 0.0001436415369123}, "Berries nes": {"ECU": 0.0046404638370886}, "Grapes": {"USA": 1.2736513748188791e-05, "ARG": 2.887814804557263e-05, "PER": 0.0003535672948745, "CHL": 0.0011024894039478}, "Watermelons": {"PER": 0.0002653729565769, "ECU": 0.0080426091659005}, "Melons; other (inc.cantaloupes)": {"ECU": 0.0026796539848555}, "Figs": {"TUR": 9.015524948976156e-08, "ECU": 4.371859146915588e-05}, "Mangoes; mangosteens; guavas": {"ECU": 0.0010656392478397}, "Avocados": {"PER": 6.416003017360244e-05, "ECU": 0.0067420259057098}, "Pineapples": {"ECU": 0.0026513611872777}, "Dates": {"ARE": 7.196560224288449e-12, "SAU": 1.6989935409374812e-09, "IRN": 5.548500932664977e-09, "IRQ": 7.052025167755208e-09, "ISR": 1.0863112074215914e-08, "MEX": 3.5880003593373114e-08, "PAK": 3.7632682315881954e-08, "USA": 1.1994248129893977e-07, "TUN": 1.501160444513277e-07}, "Kiwi fruit": {"ITA": 2.358721403843415e-06, "CHL": 0.0001300361448936}, "Papayas": {"ECU": 0.0054034163792227}, "Fruit; tropical fresh nes": {"ECU": 0.0010190539496216}, "Fruit; fresh nes": {"CHL": 7.917881491648544e-05, "ECU": 0.0037864880342187}, "Tea": {"ARG": 2.347141008974229e-06, "IND": 3.232090701637805e-06, "CHN": 2.051443965004083e-05, "ECU": 0.0008098138348906}, "Pepper (piper spp.)": {"BRA": 2.153047633470136e-06, "MEX": 5.949594131471361e-06, "ECU": 0.0019148542074342}, "Cinnamon (cannella)": {"IDN": 5.35401442597964e-06, "LKA": 0.0021353176311231}, "Cloves": {"COM": 0.0, "CHN": 1.646589686184562e-07, "TZA": 3.29350788528964e-06, "IDN": 3.390171862764681e-05, "MDG": 0.0005722654722499}, "Nutmeg; mace and cardamoms": {"IND": 8.342687991934005e-08, "IDN": 1.4149889326295576e-07, "GTM": 1.2933050354713102e-06, "LKA": 1.5949334624947558e-06}, "Anise; badian; fennel; coriander": {"TUR": 7.615557740489225e-07, "CHN": 5.958223478572343e-06, "SYR": 4.9777208012459696e-05, "IND": 0.0001979740856558}, "Spices nes": {"IND": 1.4697176554681194e-06, "GTM": 7.036116516265635e-05, "ECU": 0.0053018762882914},