{"Wheat": {"RUS": 0.0001979330274694, "CAN": 0.0019727672777229, "USA": 0.0078134991883425}, "Barley": {"CAN": 5.2769383486833023e-05, "FRA": 0.0001994789872748, "USA": 0.0003497086069885, "ARG": 0.0012687570683036, "AUS": 0.0033340798681679, "ECU": 0.0710764249311673}, "Maize": {"ARG": 0.0014500641044025, "PRY": 0.0032170941144238, "BRA": 0.0035733520648368, "ECU": 0.6623044056553323}, "Oats": {"CAN": 2.3310947599871243e-05, "ECU": 0.000383236270452, "CHL": 0.0167786409085566}, "Quinoa": {"PER": 2.9909423315601608e-05, "ECU": 0.0003272138927184}, "Potatoes": {"NLD": 2.0063984816202554e-06, "ECU": 0.3231784129467314}, "Sweet potatoes": {"ECU": 0.0361316794580836}, "Cassava": {"PRY": 1.810825561468988e-06, "THA": 3.3673858701286206e-06, "ECU": 0.0002764428482314}, "Roots and tubers nes": {"ECU": 0.0001248164029711}, "Beans; dry": {"PER": 0.0010859531634567, "ECU": 0.1387717274224788}, "Broad beans; horse beans; dry": {"PER": 0.00184459401641, "ECU": 0.0278577671445273}, "Peas; dry": {"CAN": 2.3836050685045137e-05, "USA": 3.61408680651293e-05, "ECU": 0.0115062476232756}, "Chick peas": {"CAN": 1.6829915167142774e-06, "MEX": 0.0002938301510881}, "Lentils": {"CAN": 0.0001979631426967, "ECU": 0.0358757166973257}, "Lupins": {"ECU": 6.0961053809603496e-05}, "Brazil nuts; with shell": {"PER": 2.2253687495513167e-05}, "Cashew nuts; with shell": {"MOZ": 6.08597189364993e-08, "GNB": 8.239271140341536e-08, "BEN": 9.652132056499189e-08, "IND": 2.867434911395701e-07, "IDN": 3.639736277662229e-07, "GHA": 4.2405056706649286e-07, "TZA": 1.0946019241783367e-06, "BRA": 1.3734666870963617e-06, "CIV": 2.02763100568254e-06, "VNM": 3.0221140170253205e-06}, "Almonds; with shell": {"USA": 8.137649997979367e-06, "CHL": 0.0004540195663519}, "Walnuts; with shell": {"USA": 2.7886687906551743e-05, "CHL": 0.0007078543812426}, "Pistachios": {"IRN": 1.1869438187781797e-06, "CHN": 1.2240206235622526e-06, "USA": 2.956155707370697e-06, "MDG": 8.614250507430426e-05}, "Hazelnuts; with shell": {"USA": 8.024060670453412e-07, "TUR": 1.4248375643750434e-05, "CHL": 1.4755480901917006e-05}, "Nuts nes": {"ISR": 1.2506089941664475e-09, "TUR": 3.500237398576818e-07, "CHN": 4.2863194009741206e-07, "ZAF": 1.3189998489003387e-06, "IDN": 1.6278819905165298e-06, "THA": 1.7609843887910084e-06, "ESP": 2.309585636221381e-06, "GHA": 7.396902426905448e-06, "MEX": 1.3525197158219863e-05, "USA": 1.4313146099100772e-05, "COL": 4.655347932756151e-05}, "Soybeans": {"ARG": 0.0011387679775747, "USA": 0.0012429183112199, "BRA": 0.0017247382694306, "BOL": 0.0033330057281111, "ECU": 0.0265034796726751}, "Groundnuts; with shell": {"ARG": 2.8027501795799927e-05, "ECU": 0.0501513228391745}, "Coconuts": {"IND": 2.9264680836489664e-06, "PHL": 1.821712442718477e-05, "ECU": 0.004161242162573}, "Oil palm fruit": {"ECU": 0.1239157864558329}, "Olives": {"TUN": 1.6600222593382393e-05, "GRC": 1.7769250778158055e-05, "ITA": 6.897312488702e-05, "ESP": 0.000207608398308, "ARG": 0.0007385525876732, "PER": 0.0}, "Sunflower seed": {"USA": 5.54403821502622e-05, "ARG": 0.0004375344911383, "BOL": 0.0098633636759401}, "Sesame seed": {"NGA": 1.2309653028009244e-06, "CHN": 1.4865099525019117e-06, "SDN": 2.3068548032413217e-06, "MEX": 1.2100910875579032e-05, "GTM": 1.325178129821243e-05, "SOM": 3.145821708394842e-05, "VEN": 3.64223772234351e-05, "IND": 4.881872441560632e-05, "COL": 0.0002867975684494, "ECU": 0.0003560231870894}, "Mustard seed": {"USA": 6.584684621836352e-06, "CAN": 1.6642666839780085e-05}, "Cabbages and other brassicas": {"ECU": 0.0232057481883248}, "Asparagus": {"PER": 3.2301705012517755e-06, "ECU": 0.0038427321331429}, "Lettuce and chicory": {"ECU": 0.0310204428976182}, "Tomatoes": {"ITA": 2.745907639288983e-06, "CHN": 2.56813144789741e-05, "CHL": 0.0008536373850203, "PER": 0.0010372089048368, "ECU": 0.017005050582988}, "Cauliflowers and broccoli": {"ECU": 0.0683341988789262}, "Pumpkins; squash and gourds": {"ECU": 0.0043285621742617}, "Cucumbers and gherkins": {"ECU": 0.0086366507519025}, "Chillies and peppers; green": {"ECU": 0.0359435732965634}, "Onions; shallots; green": {"ECU": 0.1690784454254509}, "Onions; dry": {"PER": 5.739793738282831e-06}, "Garlic": {"CHN": 0.0001608444656962, "PER": 0.0004170576194819, "ECU": 0.0162383663725607}, "Beans; green": {"ECU": 0.0277769947525628}, "Peas; green": {"ECU": 0.0120053525374368}, "Vegetables; leguminous nes": {"ECU": 0.0087330459441869}, "Carrots and turnips": {"ECU": 0.098240168211002}, "Maize; green": {"HUN": 1.3652092672569757e-07, "CHN": 2.681844186510352e-07, "USA": 4.8985609123696e-07, "FRA": 1.5377529226706208e-06, "CHL": 1.9652174223962715e-05, "THA": 2.2534301919322007e-05}, "Mushrooms and truffles": {"CHN": 7.614691649509187e-07}, "Plantains and others": {"ECU": 0.3581335937954301}, "Oranges": {"USA": 7.487183666005644e-05, "BRA": 9.190560904234666e-05, "CHL": 0.0003529118668601, "COL": 0.0166144684395772, "ECU": 0.0840739800381958}, "Tangerines; mandarins; clementines; satsumas": {"PER": 0.0001829286099285, "ECU": 0.0296082076022696}, "Lemons and limes": {"PER": 7.704342289964407e-05, "COL": 0.0022135733020024, "ECU": 0.0349960989679753}, "Grapefruit (inc. pomelos)": {"ECU": 0.0024333706798116}, "Fruit; citrus nes": {"ECU": 0.0001385139348613}, "Apples": {"USA": 8.357106594834621e-06, "PER": 0.0004968301148901, "CHL": 0.0031057687473488, "ECU": 0.0098039134145284}, "Pears": {"USA": 7.022266520537792e-06, "ARG": 2.595012711733569e-05, "CHL": 0.0008167009921305, "ECU": 0.0132160534974602}, "Apricots": {"USA": 9.485807828134242e-08, "TUR": 2.540605487622344e-07, "CHL": 3.999028837146133e-06, "ECU": 0.0003762113219722}, "Cherries": {"USA": 5.736507637621813e-06, "CHL": 0.0006480045965389}, "Peaches and nectarines": {"USA": 3.279065404810245e-06, "CHL": 0.0001703078268737, "PER": 0.0007636375939353, "ECU": 0.0045975147746748}, "Plums and sloes": {"USA": 4.665993147448058e-06, "ARG": 2.067449021794764e-05, "CHL": 0.0004011897131452, "ECU": 0.0067649014320857}, "Strawberries": {"ECU": 0.0004902867908116}, "Berries nes": {"ECU": 0.0158391379782559}, "Grapes": {"USA": 2.955130473019984e-05, "ARG": 5.762145781286212e-05, "PER": 0.0008233545606022, "CHL": 0.0036295486881421}, "Watermelons": {"PER": 0.0006179758060927, "ECU": 0.0274515653512357}, "Melons; other (inc.cantaloupes)": {"ECU": 0.0091463721494569}, "Figs": {"TUR": 1.2139042192123644e-07, "ECU": 0.0001492231869065}, "Mangoes; mangosteens; guavas": {"ECU": 0.0036373103366686}, "Avocados": {"PER": 0.0001494098979674, "ECU": 0.0230123285780222}, "Pineapples": {"ECU": 0.0090498013021542}, "Dates": {"ARE": 1.0095668383160986e-11, "SAU": 4.401437203795718e-09, "IRQ": 1.048793953558279e-08, "IRN": 1.0883786861564844e-08, "ISR": 1.19801788904518e-08, "PAK": 3.9993954390753086e-08, "MEX": 7.52167870779568e-08, "TUN": 1.860763973469884e-07, "USA": 2.7829097389113305e-07}, "Kiwi fruit": {"ITA": 3.1268349007553165e-06, "CHL": 0.0004280971022665}, "Papayas": {"ECU": 0.0184432980385367}, "Fruit; tropical fresh nes": {"ECU": 0.0034783023167508}, "Fruit; fresh nes": {"CHL": 0.0002606676878523, "ECU": 0.0129242913063261}, "Tea": {"ARG": 3.003381822414515e-06, "IND": 3.472126564892013e-06, "CHN": 4.137722087271187e-05, "ECU": 0.0018880728379237}, "Pepper (piper spp.)": {"BRA": 5.9226268484276346e-06, "MEX": 9.242873137726646e-06, "ECU": 0.0070457480725178}, "Cinnamon (cannella)": {"IDN": 6.845673851281685e-06, "LKA": 0.0025837810870826}, "Cloves": {"COM": 0.0, "CHN": 4.561535317121814e-07, "TZA": 7.136969987877396e-06, "IDN": 4.334693376929528e-05, "MDG": 0.0026767324422826}, "Nutmeg; mace and cardamoms": {"IND": 8.963146389763508e-08, "IDN": 1.8092130437587992e-07, "LKA": 1.929904411167873e-06, "GTM": 2.1154519041817867e-06}, "Anise; badian; fennel; coriander": {"TUR": 1.1400388747066011e-06, "CHN": 1.6506022752875272e-05, "SYR": 7.304445099111505e-05, "IND": 0.0002126977195873}, "Spices nes": {"IND": 1.5790227934110863e-06, "GTM": 0.0001150893692836, "ECU": 0.0195083701380124}, "Meat; cattle": {"BGR": 4.7102905458362955e-12,