{"Wheat": {"CAN": 1.4341808114116323e-06, "RUS": 2.07784989182147e-06, "USA": 1.2932389569172086e-05, "IND": 3.394843551828942e-05, "TUR": 0.0001039991700764, "FRA": 0.0001084382586668, "PAK": 0.0001280368237754, "AUS": 0.0012734085657564}, "Barley": {"NLD": 7.288313989377319e-09, "BEL": 1.3324073424181614e-08, "GBR": 2.1821833850113945e-08, "DEU": 6.01326695738862e-08, "FRA": 5.186834560730224e-07}, "Maize": {"COM": 0.0, "IND": 2.843951954297522e-05, "MDG": 0.0032059009026047}, "Potatoes": {"COM": 0.0, "NLD": 1.303289258624096e-08, "BEL": 7.277548427872446e-08, "IND": 8.091678405111653e-07, "FRA": 1.3490142635197914e-06}, "Sweet potatoes": {"COM": 0.0}, "Cassava": {"COM": 0.0002020190604243}, "Taro (cocoyam)": {"COM": 0.0}, "Yams": {"COM": 0.0}, "Beans; dry": {"MDG": 0.0030124346180412}, "Pigeon peas": {"COM": 0.0}, "Lentils": {"CAN": 1.2488898002980572e-07}, "Pulses nes": {"COM": 0.0}, "Nuts nes": {"LBN": 2.665870658691244e-08, "IRN": 8.74651004802304e-08, "CHN": 2.4473669753612224e-07, "USA": 4.913871340741022e-07, "AUS": 4.987942579649774e-07, "MEX": 5.221416938393014e-07, "TUR": 5.649875883395069e-07, "ESP": 8.990061957425239e-07, "MDG": 0.0004065937876184}, "Groundnuts; with shell": {"COM": 0.0, "MDG": 0.0016860374434445}, "Coconuts": {"COM": 0.0}, "Oil palm fruit": {"MYS": 0.0001714670397094, "IDN": 0.0002116358170244}, "Olives": {"PRT": 1.235786853859953e-07, "GRC": 2.1943810439498045e-07, "FRA": 4.796073115671326e-07, "ITA": 4.815346022997955e-07, "TUN": 8.266811225077999e-07, "MAR": 2.613391977518901e-06, "ESP": 2.6699121053564342e-06}, "Sunflower seed": {"HUN": 1.1314704042713894e-08, "RUS": 3.06863114321379e-08, "ROU": 8.35514469577229e-08, "BGR": 1.278663893077134e-07, "UKR": 2.689990308484872e-07, "ARG": 4.621958051888045e-07, "FRA": 1.570331510240328e-06, "ZAF": 3.862161240171379e-05}, "Mustard seed": {"RUS": 8.095059037554966e-09, "ROU": 2.35529899201336e-08, "DEU": 5.4742620074167714e-08, "CZE": 5.9415566364668034e-08, "UKR": 9.738511688805658e-08, "CAN": 1.5245651656308478e-07, "FRA": 1.4932526955158757e-06}, "Oilseeds nes": {"FRA": 3.5110689772980026e-08, "ITA": 6.262024253601614e-08, "IND": 1.494184026127048e-07, "MYS": 1.787809446623837e-07, "ETH": 2.1130306717827338e-07, "CHN": 6.054179968461601e-07, "PRT": 1.1833683873876198e-06}, "Tomatoes": {"COM": 0.0, "PRT": 2.492455299682398e-07, "ESP": 4.24208550078093e-07, "TUR": 9.761770189808673e-07, "IND": 1.2830165626007844e-06, "OMN": 1.38840266553012e-06, "USA": 1.4409945766141815e-06, "ITA": 1.979456087757429e-06, "CHN": 9.04082120055168e-06, "JOR": 9.643754522933635e-06}, "Onions; shallots; green": {"COM": 0.0}, "Garlic": {"IND": 2.5443493705897694e-07, "CHN": 7.919417248824664e-07, "MDG": 0.0020873403058048}, "Maize; green": {"FRA": 4.7070404672536153e-08, "THA": 3.8845821873488335e-06}, "Mushrooms and truffles": {"BEL": 2.286110440295879e-12, "NLD": 7.294203077289656e-12, "POL": 3.287009356805435e-11, "CHN": 1.6240630041228912e-10, "ESP": 5.608073430866021e-10, "FRA": 4.537328521712941e-08}, "Vegetables; fresh nes": {"COM": 0.0}, "Bananas": {"COM": 0.0}, "Oranges": {"TUR": 8.931985097998035e-09, "ESP": 1.3442216314469753e-08, "EGY": 1.4133349224098753e-08, "CYP": 2.8262377732041405e-08, "GRC": 4.535193346095095e-08, "BRA": 5.6507251092093434e-08, "THA": 8.820553999306906e-08, "TZA": 1.505701435858285e-07, "ZAF": 1.2002785157130466e-06}, "Apples": {"FRA": 1.7872141086727884e-07, "CHN": 2.51892618758463e-07, "ZAF": 1.040150726811149e-05}, "Pears": {"NLD": 9.589009817967196e-11, "BEL": 2.3266192054299446e-10, "PRT": 1.0000426226994064e-09, "ITA": 1.0900447117616598e-09, "ARG": 1.491486510889288e-09, "ESP": 1.5126984150541872e-09, "ZAF": 5.446650524678103e-09, "FRA": 9.212247200661588e-09}, "Grapes": {"FRA": 2.511123761505997e-07, "ZAF": 1.100070232268085e-06, "ESP": 4.55395243814106e-06}, "Pineapples": {"KEN": 8.496806139349789e-11, "SWZ": 1.3280867165800819e-10, "PAN": 1.3484481152753078e-10, "THA": 2.4682013801960847e-10, "CRI": 9.415051123265463e-10, "ZAF": 3.558413786722742e-09}, "Fruit; fresh nes": {"COM": 0.0, "ZAF": 1.705887950615789e-05}, "Coffee; green": {"COM": 0.0, "BRA": 1.185631684859917e-05}, "Tea": {"MUS": 0.0, "KEN": 5.4867863096279176e-08}, "Pepper (piper spp.)": {"MDG": 7.001522557140522e-05}, "Chillies and peppers; dry": {"IND": 3.7186637147021713e-07}, "Anise; badian; fennel; coriander": {"IND": 2.8121124546839968e-05}, "Ginger": {"MDG": 2.0535116580506458e-05}, "Spices nes": {"COM": 0.0, "IND": 3.444202788350069e-07}, "Meat; cattle": {"COM": 0.0, "ROU": 3.8674952321825977e-10, "LTU": 2.4880463421785594e-10, "LVA": 1.0186700141175462e-10, "BGR": 8.553604579144128e-12, "POL": 1.6478141688306678e-08, "SWE": 2.7053766119940873e-10, "UKR": 2.7443043830293988e-08, "IRL": 4.721107452519906e-08, "CAN": 2.767392001620585e-10, "DNK": 3.8792801159350436e-10, "NLD": 9.246886344496705e-11, "HUN": 4.2073745271579194e-10, "DEU": 2.6468829261266385e-08, "SVK": 4.123662670334758e-11, "FRA": 4.043791722334505e-06, "ESP": 2.7654532335355274e-08, "AUT": 1.1523420485052313e-09, "BEL": 3.6051046555778586e-10, "ARG": 4.854048008020439e-07, "USA": 1.3017192824943237e-07, "THA": 1.3277276932961004e-08, "PRT": 9.807806842171744e-11, "GBR": 3.3651873116538648e-06, "URY": 6.499861873607299e-07, "BRA": 0.002808879636163847, "IND": 2.460100045876161e-09, "IDN": 1.985305119015474e-08, "ZMB": 9.109054663766524e-10, "ITA": 1.0332707777762833e-08, "LAO": 1.1416466884237451e-09, "ZAF": 7.114944586476161e-07, "AUS": 1.2427863335413716e-06, "NZL": 1.327381574686928e-08, "PRY": 4.175461057921844e-07, "NAM": 3.89791199339087e-09, "MWI": 5.1094223660429375e-09, "MYS": 2.8020452305488478e-08}, "Milk; whole fresh cow": {"COM": 0.0, "SEN": 2.1759939113509686e-10, "EGY": 1.0833785178634097e-06, "RUS": 2.060686782560717e-08, "VNM": 3.3834811831507877e-10, "BLR": 5.750235084915051e-10, "DNK": 1.4282786246766814e-08, "CAN": 2.911406424058562e-08, "MKD": 6.880335966314999e-11, "HUN": 1.3405862299715468e-08, "DEU": 1.0457557027681349e-05, "FJI": 3.379761704089469e-11, "ROU": 1.9323716326204558e-08, "ZMB": 3.6980233636973294e-10, "HRV": 7.650549498092196e-10, "UKR": 2.055645714166825e-07, "TZA": 2.4610232642365746e-09, "FRA": 3.636197340260494e-05, "POL": 2.5911613230555713e-07, "BGR": 2.28603454086384e-09, "USA": 1.5565655299901518e-05, "SRB": 4.419807968450127e-10, "SWE": 3.942465590652803e-09, "BIH": 4.519944046636488e-11, "IDN": 1.4304698042476077e-06, "GBR": 5.239369457609166e-08, "ITA": 1.997490215025187e-07, "MYS": 1.4181808696034172e-06, "ARG": 1.7246109688907273e-05, "NZL": 0.0002810306877099872, "MWI": 8.319037639323381e-11, "NLD": 1.7071305361087863e-07, "IND": 6.643746270078342e-07, "TUR": 3.250384285087382e-08, "IRN": 1.9772044993079924e-10, "ZAF": 0.0007680936100654243, "PRY": 1.4262471291313403e-07, "KEN": 9.177062191512624e-09, "ECU": 3.3725468720945952e-09, "TUN": 1.316011796105287e-10, "EST": 3.347730404035161e-09, "BRA": 0.00012581653084569618, "PRT": 3.981817922634281e-09, "UGA": 7.931352076159055e-11, "NIC": 1.1826784520770498e-08, "SVN": 2.1455719113238807e-09, "ISR": 5.154720314577426e-11, "LBN": 3.326180377081499e-10, "GHA": 1.4260564872583108e-08, "GRC": 5.470635869201491e-09, "MAR": 2.5276941095015398e-08, "AUS": 3.198915387758378e-05, "BOL": 7.256775363426973e-10, "MEX": 2.646954903933855e-08, "AUT": 4.864805587536209e-08, "THA": 2.0490086576173366e-07, "CHE": 5.56675931747365e-09, "NER": 2.416509161815823e-08, "MDA": 9.14736001722455e-10, "CZE": 8.099604721204892e-08, "PAK": 1.7254646732068856e-09, "SVK": 7.48554316229355e-09, "URY": 4.678506180366664e-07, "LTU": 1.4487961888371736e-08, "CHN": 4.350979780682142e-08, "CHL": 2.478093596207851e-08, "LVA": 5.537824189747532e-09, "DZA": 2.306668557914095e-09, "FIN": 2.890409055958251e-09, "PER": 4.491261551363932e-09, "ZWE": 2.392296330567694e-09, "LUX": 2.6024016956613146e-09, "BEL": 1.1507830688062854e-08, "ESP": 2.3188028869866657e-07, "CYP": 6.885207965555802e-10, "GTM": 7.533572588897597e-10, "IRL": 2.0202417000535442e-08,