{"Wheat": {"CAN": 1.1883536014619104e-06, "RUS": 1.455071988973053e-06, "USA": 6.924207060970838e-06, "FRA": 2.964064360030757e-05, "IND": 3.244367948437686e-05, "TUR": 7.27578655139445e-05, "PAK": 0.0001211173136183, "AUS": 0.0007101238168413}, "Barley": {"NLD": 4.528065421758462e-09, "GBR": 7.288047629391832e-09, "BEL": 8.350213194896875e-09, "DEU": 4.379485416066748e-08, "FRA": 1.775637198410508e-07}, "Maize": {"COM": 0.0, "IND": 2.649184566911692e-05, "MDG": 0.0005633526243036}, "Potatoes": {"COM": 0.0, "NLD": 8.111616596687767e-09, "BEL": 4.768350424095626e-08, "FRA": 2.22987220397006e-07, "IND": 7.624152461645244e-07}, "Sweet potatoes": {"COM": 0.0}, "Cassava": {"COM": 0.0005106025073476}, "Taro (cocoyam)": {"COM": 0.0}, "Yams": {"COM": 0.0}, "Beans; dry": {"MDG": 0.0005979361816473}, "Pigeon peas": {"COM": 0.0}, "Lentils": {"CAN": 1.0733854646857365e-07}, "Pulses nes": {"COM": 0.0}, "Nuts nes": {"LBN": 2.2277063525348e-08, "IRN": 4.458927740527427e-08, "CHN": 1.0400784378871665e-07, "USA": 2.117862153958293e-07, "MEX": 2.490726682035375e-07, "AUS": 2.6855455998456365e-07, "TUR": 4.196096873146785e-07, "ESP": 5.895834264947226e-07, "MDG": 7.153784430184617e-05}, "Groundnuts; with shell": {"COM": 0.0, "MDG": 0.0002184078582424}, "Coconuts": {"COM": 0.0}, "Oil palm fruit": {"MYS": 0.0001607500483185, "IDN": 0.0001663825163407}, "Olives": {"PRT": 6.173811010353966e-08, "GRC": 9.01540385293573e-08, "FRA": 1.8064626425006535e-07, "ITA": 3.359436101452967e-07, "TUN": 6.668023807268322e-07, "MAR": 9.490745227473728e-07, "ESP": 1.825233405241838e-06}, "Sunflower seed": {"HUN": 1.0228219868965814e-08, "RUS": 2.2206291530875263e-08, "ROU": 6.346194398459714e-08, "BGR": 8.908512906995781e-08, "UKR": 2.1872261900132694e-07, "ARG": 2.6078667826522657e-07, "FRA": 5.054519518575809e-07, "ZAF": 1.435774202020334e-05}, "Mustard seed": {"RUS": 4.8646360939020815e-09, "ROU": 1.5195920171962813e-08, "DEU": 4.018828879912244e-08, "CZE": 4.543026953749263e-08, "UKR": 7.929628861795062e-08, "CAN": 1.2777791766473177e-07, "FRA": 2.905444772832609e-07}, "Oilseeds nes": {"FRA": 6.831540996228361e-09, "ITA": 4.2600261781279465e-08, "IND": 1.3907517059797384e-07, "ETH": 1.449169754634209e-07, "MYS": 1.68446673190068e-07, "CHN": 2.185393645195762e-07, "PRT": 6.270059467095236e-07}, "Tomatoes": {"COM": 0.0, "PRT": 1.440939084507159e-07, "ESP": 2.5754696652147025e-07, "OMN": 4.637770094206944e-07, "USA": 5.85234361493934e-07, "TUR": 6.712296598991637e-07, "IND": 1.2056641490025077e-06, "ITA": 1.4841002314001242e-06, "JOR": 3.164444216758544e-06, "CHN": 4.974577900956571e-06}, "Onions; shallots; green": {"COM": 0.0}, "Garlic": {"IND": 2.3909518458895256e-07, "CHN": 4.357541993204499e-07, "MDG": 0.000382386966956}, "Maize; green": {"FRA": 6.4224935943227324e-09, "THA": 3.6425647454635375e-06}, "Mushrooms and truffles": {"BEL": 1.5037622139529237e-12, "NLD": 4.473064604184028e-12, "POL": 2.5570466384447246e-11, "CHN": 8.93616603055692e-11, "ESP": 3.4047929959999824e-10, "FRA": 7.486733814377063e-09}, "Vegetables; fresh nes": {"COM": 0.0}, "Bananas": {"COM": 0.0}, "Oranges": {"TUR": 6.6336810779959e-09, "ESP": 8.815632185740966e-09, "EGY": 1.4133349224098753e-08, "GRC": 2.0780770562996524e-08, "BRA": 2.1499478899144945e-08, "CYP": 2.7678189487069656e-08, "TZA": 7.287142970039816e-08, "THA": 8.37806733293451e-08, "ZAF": 3.501546457629439e-07}, "Apples": {"FRA": 3.4169428742395034e-08, "CHN": 1.070489567241714e-07, "ZAF": 3.034409135201916e-06}, "Pears": {"NLD": 5.5500053140081286e-11, "BEL": 1.5365506094449378e-10, "PRT": 5.075118721177925e-10, "ARG": 7.4748834729796e-10, "ITA": 8.222729611203575e-10, "ESP": 9.920531349221246e-10, "ZAF": 1.588939533696665e-09, "FRA": 1.761273161132845e-09}, "Grapes": {"FRA": 4.800972866974133e-08, "ZAF": 3.209211007708149e-07, "ESP": 2.986558819381229e-06}, "Pineapples": {"SWZ": 2.7533730496183168e-11, "PAN": 3.266347532598074e-11, "KEN": 4.0714442439037154e-11, "THA": 2.3443830575890773e-10, "CRI": 4.1184927293010367e-10, "ZAF": 1.038088329213884e-09}, "Fruit; fresh nes": {"COM": 0.0, "ZAF": 4.976549886042864e-06}, "Coffee; green": {"COM": 0.0, "BRA": 4.534558087969998e-06}, "Tea": {"MUS": 0.0, "KEN": 3.1565236033288713e-08}, "Pepper (piper spp.)": {"MDG": 1.4968734077932983e-05}, "Chillies and peppers; dry": {"IND": 3.494467377665445e-07}, "Anise; badian; fennel; coriander": {"IND": 2.617448805081856e-05}, "Ginger": {"MDG": 4.390255074440437e-06}, "Spices nes": {"COM": 0.0, "IND": 3.205783772199652e-07}, "Meat; cattle": {"COM": 0.0, "ROU": 2.8325039891442373e-10, "LVA": 8.682574599993208e-11, "IRL": 1.0597061755295516e-08, "LTU": 2.3214763620866887e-10, "BGR": 6.053387690654e-12, "POL": 1.3547746080938728e-08, "FRA": 1.0880936799940868e-06, "SWE": 2.451873958567842e-10, "NLD": 6.122030199876326e-11, "UKR": 2.2466929124119486e-08, "CAN": 2.3864532494998546e-10, "DNK": 4.490698041875261e-10, "HUN": 3.795114128105022e-10, "DEU": 2.1088109940609913e-08, "ESP": 1.8686550503371414e-08, "SVK": 3.1820980834831086e-11, "BEL": 2.396221947531368e-10, "ARG": 3.148358243076077e-07, "URY": 1.4923075699146155e-07, "USA": 8.651347687065336e-08, "PRT": 5.668492696594745e-11, "GBR": 1.3490713884248818e-06, "THA": 1.2557658900351172e-08, "AUT": 9.267157905522855e-10, "BRA": 0.0017712696310183225, "ZMB": 1.872898671776957e-10, "IND": 2.2889898331767973e-09, "NAM": 4.01820200418451e-10, "ZAF": 2.6964671725731044e-07, "NZL": 2.82234646676881e-09, "IDN": 1.560794699357523e-08, "AUS": 6.680066514050392e-07, "LAO": 8.904936046347732e-10, "ITA": 8.577314409841839e-09, "PRY": 1.549236165704571e-07, "MWI": 3.541940504452908e-09, "MYS": 2.6269124781346017e-08}, "Milk; whole fresh cow": {"COM": 0.0, "SEN": 1.2451154045419841e-10, "EGY": 1.0833785178634097e-06, "RUS": 1.4536377051259388e-08, "MKD": 2.2749204503724706e-11, "ZMB": 7.257733278031089e-11, "BLR": 3.95297588998516e-10, "CAN": 2.5433537526558034e-08, "DNK": 1.649727319561402e-08, "FRA": 1.939198773912993e-05, "DEU": 9.806729989729547e-06, "HUN": 1.2090344738907446e-08, "FJI": 2.4545421724180088e-11, "ROU": 1.2728848829801762e-08, "VNM": 3.223109984026254e-10, "HRV": 4.931182650425278e-10, "TZA": 1.1613927901416217e-09, "BIH": 1.5248341464718477e-11, "UKR": 1.6731141147385711e-07, "GBR": 2.1509484850932253e-08, "BGR": 1.6051258035518355e-09, "USA": 1.02109462373985e-05, "NZL": 0.00027919745920007745, "POL": 2.121178336569147e-07, "SRB": 3.7110809635599404e-10, "SWE": 3.573091249805094e-09, "IDN": 1.11592058453243e-06, "ITA": 1.6587526067393897e-07, "ARG": 1.1277991958600788e-05, "PRY": 5.384517241078011e-08, "NLD": 1.6830206408294746e-07, "MYS": 1.3295424976652453e-06, "ZAF": 0.0006202218787186623, "MWI": 5.620112021701822e-11, "KEN": 4.642889799133701e-09, "TUR": 2.2574344430587317e-08, "IRN": 9.350420450514957e-11, "IND": 6.190031849418333e-07, "ECU": 1.5836096080531727e-09, "BRA": 4.668517433025507e-05, "TUN": 1.0183301125722953e-10, "EST": 2.2652408946797813e-09, "NIC": 4.471196554939492e-09, "PRT": 2.3013262000714258e-09, "URY": 1.0741096175596118e-07, "UGA": 5.6971578167972276e-11, "AUS": 1.7101005445016828e-05, "GRC": 2.6381779891507337e-09, "GHA": 7.611664314441097e-09, "CHE": 2.255263646086768e-09, "MAR": 1.496971200209122e-08, "LBN": 2.1838860352123875e-10, "ISR": 4.3050683491535835e-11, "MEX": 1.5597675600283764e-08, "BOL": 5.037973029064131e-10, "AUT": 3.910535442211569e-08, "CHL": 6.91065617568777e-09, "NER": 2.022719441478683e-08, "MDA": 7.768889259116236e-10, "CZE": 6.213147420118815e-08, "NOR": 2.864384304695818e-10, "CHN": 2.32166264159708e-08, "PAK": 1.5981590935327168e-09, "SVN": 9.99596233053553e-10, "PER": 1.9817609101223922e-09, "LTU": 1.3467718053149456e-08, "ZWE": 8.120560177547131e-10, "LVA": 4.784598813360923e-09, "DZA": 1.4587529180877163e-09, "LUX": 1.1781521189962373e-09, "THA": 1.939022138736447e-07, "IRL": 4.535042282265269e-09, "SVK": 5.978617826148392e-09, "BEL": 7.641962313713357e-09, "FIN": 2.8729933005133705e-09, "ESP": 1.567072753202522e-07, "GTM": 4.829144573374296e-10,