{"Wheat": {"CAN": 4.691399216740188e-05, "DEU": 0.0001135518454626, "BEL": 0.000125098891924, "IND": 0.0003219753371448, "USA": 0.0010458700707841, "TCD": 0.0015408401755608, "TUR": 0.0015846081464331, "FRA": 0.003264895780327, "MAR": 0.0055129108420553}, "Rice; paddy": {"TCD": 4.427701646177811e-09}, "Barley": {"GBR": 1.137130438773305e-06, "DEU": 1.9511511331452832e-06, "BEL": 3.482528627704331e-06, "FRA": 8.224738237398145e-05}, "Maize": {"TCD": 0.0319828340383813}, "Oats": {"DNK": 3.8875791866847977e-10, "IRL": 4.4802721177088335e-10, "LTU": 6.208492785641806e-10, "GBR": 8.436610427913662e-10, "FIN": 9.950509564009902e-10, "SWE": 1.0203669563197012e-09, "POL": 2.992826847445525e-09, "DEU": 5.863736124654438e-09, "FRA": 6.887185687830212e-09, "NLD": 0.0}, "Potatoes": {"TCD": 0.0006481382803589}, "Sweet potatoes": {"TCD": 0.0050656746550415}, "Cassava": {"TCD": 0.0004756979365791}, "Taro (cocoyam)": {"TCD": 0.0022257906447491}, "Yams": {"TCD": 0.0096501707736267}, "Beans; dry": {"TCD": 0.0323633553361785}, "Peas; dry": {"UKR": 3.8536770905960695e-06}, "Lentils": {"CAN": 1.949521948186499e-08, "USA": 4.889581457669889e-08, "TUR": 7.7014401213943e-08}, "Pulses nes": {"TCD": 0.0057804460728676}, "Almonds; with shell": {"AUS": 3.929549752281253e-09, "ESP": 5.178083039421012e-09, "USA": 7.716312371982572e-09}, "Nuts nes": {"RUS": 6.6437381720971605e-09, "LBN": 6.172057824114045e-08, "ITA": 1.216563326804258e-07, "IRN": 2.025003186092121e-07, "PHL": 2.527826289297711e-07, "CHN": 3.147875168643403e-07, "THA": 3.594341326622006e-07, "AUS": 5.132510407199941e-07, "ZAF": 6.786968674137072e-07, "MEX": 1.0745503320735448e-06, "USA": 1.0777886277253622e-06, "IDN": 1.1388875994412176e-06, "TUR": 1.2583930753172986e-06, "ESP": 2.081390635464542e-06}, "Soybeans": {"CAN": 6.050629418989836e-11, "USA": 2.908210907666481e-10, "BRA": 8.013206176938163e-09, "ARG": 1.0533706053815672e-08}, "Groundnuts; with shell": {"TCD": 0.0514882366979015}, "Coconuts": {"PNG": 2.2304973958497968e-10, "IND": 3.0314876941429407e-10, "IDN": 1.910560498119753e-09, "PHL": 3.4700915750919216e-08}, "Olives": {"LBN": 2.0465110879209306e-07, "ESP": 8.372867450540943e-07, "JOR": 2.332224650143475e-05}, "Castor oil seed": {"IND": 5.392522276074723e-09}, "Sunflower seed": {"MDA": 8.499002345369799e-08, "ROU": 1.433058389842775e-07, "BGR": 2.582038864491727e-07, "RUS": 2.860369351096808e-07, "UKR": 5.47881759417981e-07, "TUR": 1.651220481319509e-06, "FRA": 1.7239813474378806e-06}, "Sesame seed": {"TCD": 0.0454929564420613}, "Mustard seed": {"RUS": 7.606265686573624e-09, "ROU": 1.9671840504694627e-08, "DEU": 4.191176661702487e-08, "CZE": 5.1692550012811844e-08, "UKR": 8.424255008148203e-08, "CAN": 1.5373271001826097e-07, "FRA": 9.655656417186777e-07}, "Melonseed": {"TCD": 0.0058100849614636}, "Oilseeds nes": {"HUN": 1.3795789882402685e-08, "BGR": 1.97923099373374e-08, "PRT": 7.509580777972424e-08, "ITA": 1.9990147479816882e-07, "BRA": 3.393578274513097e-07, "CIV": 3.901293693283145e-07, "FRA": 6.379455968845403e-07, "IND": 6.927011157057865e-07, "MYS": 7.721809353184633e-07, "ETH": 8.171206087468736e-07, "CHN": 1.1865880558957062e-06}, "Tomatoes": {"FRA": 1.43011429808681e-08, "ESP": 2.7033556516315573e-08, "USA": 4.3328947128687e-08, "ITA": 5.868110452521694e-07, "CHN": 1.3945494857927017e-06}, "Onions; dry": {"TCD": 0.0002872716849725}, "Maize; green": {"POL": 7.711363664126622e-10, "USA": 2.213912957661349e-09, "CHN": 6.9108021864392e-09, "HUN": 8.472915085934881e-09, "THA": 3.395034455769408e-08, "FRA": 1.97569743034134e-07}, "Mushrooms and truffles": {"NLD": 1.3467102686580759e-12, "BEL": 6.518102449285565e-12, "POL": 6.62140945920134e-12, "ESP": 2.266956873333048e-11, "FRA": 1.1718044070766927e-09, "CHN": 1.2582850303836691e-09}, "Vegetables; fresh nes": {"TCD": 0.0014789328481494}, "Oranges": {"EGY": 2.7945564667937298e-08, "ITA": 3.4981617569521874e-08, "USA": 4.956823087366736e-08, "ZAF": 7.083588122097011e-07, "ESP": 7.319428766748404e-07, "YEM": 1.4200650028135225e-06, "BRA": 2.0973945583993e-06}, "Tangerines; mandarins; clementines; satsumas": {"ISR": 1.0296344778473522e-09, "FRA": 1.063676975983315e-08, "MAR": 2.1507866170046232e-08, "ESP": 8.711594316531886e-08}, "Apples": {"BEL": 3.491380346772656e-09, "NLD": 6.216091980796144e-09, "FRA": 1.981603724390491e-07, "CHN": 2.010812698814115e-07, "CHL": 2.656114865548077e-07, "ZAF": 7.69602218721105e-06}, "Grapes": {"ZAF": 6.321188946111065e-07, "FRA": 1.272220297980692e-06, "ESP": 5.5549001980165705e-06}, "Mangoes; mangosteens; guavas": {"TCD": 0.0031310935799075}, "Pineapples": {"IDN": 6.105883900199666e-09, "PHL": 4.629532493666694e-08, "KEN": 9.63136254783944e-08, "THA": 2.2155860454484402e-07, "PAN": 3.8712082805812353e-07, "CRI": 6.40856251628671e-06}, "Dates": {"TCD": 0.0036991976176698}, "Fruit; fresh nes": {"EGY": 1.2115822514210506e-06, "TCD": 0.0067593784708273}, "Coffee; green": {"UGA": 7.889902986591257e-07, "IND": 9.018827401473536e-07, "IDN": 1.0631568518212274e-06, "ETH": 1.3804522241904576e-06, "GTM": 1.7442600609048975e-06, "VNM": 1.9734168917807048e-06, "PER": 2.4602405674759064e-06, "MEX": 3.8096410141544144e-06, "HND": 3.8643637384779e-06, "BRA": 1.4390546594760264e-05, "COL": 2.064460221079436e-05}, "Cocoa; beans": {"IDN": 2.040025796942814e-06, "CMR": 4.974847167237852e-06, "NGA": 6.257543273686254e-06, "ECU": 2.0106840216324752e-05, "GHA": 3.7475736289026056e-05, "CIV": 7.615926547475301e-05}, "Tea": {"UGA": 3.2437499284268074e-06, "CHN": 0.0008075628402136}, "Pepper (piper spp.)": {"MEX": 2.1849908517458847e-08, "IND": 2.980622364203166e-08, "BRA": 7.099409034509193e-08, "LKA": 7.35778481062525e-08, "IDN": 2.619113304716808e-07, "VNM": 2.784861781746903e-07}, "Chillies and peppers; dry": {"CHN": 3.11831202979338e-09, "THA": 6.362221935984292e-09, "MEX": 8.790129499407844e-09, "PER": 8.976494211859008e-09, "IND": 1.904017289671518e-08}, "Spices nes": {"TUR": 3.593887465905931e-08, "ESP": 1.0701041896209313e-07, "MAR": 5.068863773168289e-07, "IND": 9.66847142654384e-07}, "Meat; cattle": {"SWE": 5.3061972975902746e-11, "IRL": 1.4523997436568101e-09, "LTU": 1.9519744080904504e-10, "LVA": 7.991884090492914e-11, "DNK": 9.130363104276832e-11, "DEU": 6.495235923560652e-09, "ROU": 6.678098400741147e-12, "POL": 6.179875642685486e-09, "UKR": 1.7587550283550389e-09, "URY": 3.777339441382871e-08, "HUN": 2.514935264743353e-10, "CAN": 1.9709309595063468e-11, "NLD": 1.0966197795383155e-10, "SVK": 2.3108446470734e-11, "AUT": 6.457568591976322e-10, "BEL": 1.8445777001329108e-10, "ARG": 2.3726280722561788e-07, "FRA": 3.6931028915777434e-07, "BRA": 7.733865288971377e-07, "USA": 9.31026736773458e-09, "GBR": 1.7741866422586127e-09, "IDN": 3.752628183576146e-09, "ITA": 4.0532165351088005e-09, "NZL": 2.975386545126997e-09, "ESP": 7.825990559792511e-09, "PRY": 8.636405275199416e-10, "MYS": 2.6466439537303226e-09, "AUS": 3.6348387117780904e-05, "TCD": 1.4127357865061547}, "Milk; whole fresh cow": {"SEN": 3.064914663659905e-10, "RUS": 1.0342419183427861e-07, "BLR": 5.52042957354237e-10, "DNK": 2.2911800744235e-08, "MKD": 9.691039337961137e-11, "EGY": 8.017513711401039e-08, "THA": 8.133892921803312e-09, "DEU": 1.0136940546032674e-06, "FJI": 4.760436668735471e-11, "HUN": 1.694521587469219e-08, "UKR": 4.994833732524211e-07, "POL": 2.934070987910326e-07, "BGR": 2.3972395922834212e-09, "USA": 1.6902444126709713e-06, "CAN": 1.1987156472593172e-08, "SRB": 3.667052140238115e-10, "NLD": 1.7298842663470076e-08, "FRA": 8.606065974250772e-06, "IDN": 1.443109708977793e-06, "ROU": 6.061459279426064e-08, "UGA": 1.7243761551735379e-09, "GBR": 5.5198029660207564e-08, "ZAF": 5.417137606660144e-07, "SWE": 4.187453900259702e-09, "ITA": 2.388039814125932e-07, "NZL": 2.6373070137942273e-06, "KEN": 6.463003488512343e-09, "ARG": 0.00023802561742081, "NER": 3.211022079959503e-09, "HRV": 5.146761754021194e-10, "TUN": 1.7367836953772266e-10, "EST": 2.219080140045498e-09, "NIC": 4.164543511882866e-09, "PRY": 1.2333247220173716e-06, "PRT": 5.403690903544883e-09,