{"Wheat": {"CAN": 0.0002655804885494, "USA": 0.0012995992421076, "IND": 0.0013367794820512, "RUS": 0.0023818307170039, "UKR": 0.0038994882521766, "AUS": 0.1045003830126807, "KEN": 0.3334987742764086}, "Barley": {"CHN": 1.4362344352108632e-05, "DEU": 1.6841210752019315e-05, "FRA": 6.976722739052547e-05, "USA": 7.4687225706411e-05, "AUS": 0.0006754173356651, "KEN": 0.0228735943275693}, "Maize": {"KEN": 2.5432251487390687}, "Oats": {"AUS": 6.265600323101526e-05, "KEN": 0.001105197263613}, "Millet": {"UGA": 0.0002525689947972, "KEN": 0.0171781794240478}, "Sorghum": {"USA": 0.0002143618179967, "SDN": 0.0004022915840927, "IND": 0.000991955175197, "KEN": 0.0272216834376809}, "Canary seed": {"CAN": 1.9764086570149668e-08, "TUR": 3.56754320377333e-08}, "Grain; mixed": {"LVA": 3.6482058895855457e-10, "DEU": 7.447266298677033e-10, "UKR": 9.601049752671586e-10, "GBR": 1.0654663575315708e-08, "FRA": 2.4002119674870242e-08}, "Potatoes": {"KEN": 0.520360740780007}, "Sweet potatoes": {"KEN": 0.1334267562635594}, "Cassava": {"KEN": 0.001168769087709}, "Yams": {"KEN": 0.0006148829011129}, "Roots and tubers nes": {"KEN": 4.619081604678103e-05}, "Beans; dry": {"UGA": 0.0033824622220254, "ETH": 0.0079037176757334, "TZA": 0.0092901332185407, "KEN": 1.8773930667394072}, "Broad beans; horse beans; dry": {"EGY": 3.9557864261509384e-08, "GBR": 4.768915349090341e-08, "FRA": 1.4251081735483962e-07, "AUS": 3.88305336630448e-06}, "Peas; dry": {"RUS": 4.424184144827594e-05, "CAN": 6.206746252720477e-05, "TZA": 0.0013509933355743, "USA": 0.0016195262861237}, "Chick peas": {"TZA": 1.7295938755705352e-05, "KEN": 0.0027102258318137}, "Cow peas; dry": {"KEN": 0.3234475122883781}, "Pigeon peas": {"KEN": 0.1541779651957223}, "Lentils": {"CAN": 2.2292101228411446e-06, "USA": 4.375342908893211e-06, "TUR": 4.370866404617753e-05, "ETH": 5.433303064190408e-05, "KEN": 0.0021469890487933}, "Pulses nes": {"KEN": 0.0188451806589508}, "Brazil nuts; with shell": {"BRA": 8.126729453842065e-09, "PER": 3.03380308970863e-07, "BOL": 4.89038474972983e-07}, "Cashew nuts; with shell": {"KEN": 0.0070482715787909}, "Almonds; with shell": {"AUS": 4.58754510148635e-07, "ESP": 8.548713983223073e-07, "USA": 4.974509117005305e-06}, "Walnuts; with shell": {"USA": 1.2049731122975124e-08, "IND": 7.256412282725792e-07}, "Pistachios": {"TUR": 1.2789678961495346e-07, "SYR": 1.8507259292070042e-07, "IRN": 2.892000588411784e-07, "USA": 3.2746904174317974e-07}, "Areca nuts": {"IND": 1.633471026127339e-07, "KEN": 6.22748310899014e-05}, "Nuts nes": {"TZA": 7.869389438694723e-05, "KEN": 0.0043941930158301}, "Soybeans": {"USA": 5.401129130998699e-06, "ARG": 4.764071639108727e-05, "TZA": 9.22609732410578e-05, "BRA": 0.0001098819030284, "IND": 0.0002614805599044, "KEN": 0.0004464040191086, "UGA": 0.0006386989886885}, "Groundnuts; with shell": {"UGA": 0.0007267249751051, "KEN": 0.0227541597342069}, "Coconuts": {"IND": 7.330877963966475e-05, "KEN": 0.0865986642356874}, "Oil palm fruit": {"MYS": 0.0012046382071651, "IDN": 0.0071491257541941}, "Olives": {"TUN": 1.18700024066544e-05, "GRC": 1.46243847593794e-05, "ITA": 5.748803577282858e-05, "ESP": 5.882106852119243e-05}, "Sunflower seed": {"UKR": 5.548633141453177e-06, "ARG": 4.816244152836726e-05, "UGA": 0.0005499827679754, "TZA": 0.0020770818596913, "KEN": 0.0048737644143866}, "Rapeseed": {"CAN": 3.195674563117174e-07, "POL": 7.671900759440371e-07, "ROU": 1.1459311569981585e-06, "DEU": 1.932864809652096e-06, "CHE": 2.5216878593744017e-06, "FRA": 3.860234478096402e-06, "GBR": 4.866359584091305e-06, "UKR": 1.2082721593731808e-05, "IND": 3.0774605994876614e-05, "ETH": 0.0001091083107056, "ZAF": 0.0002311918374165, "AUS": 0.0004602194087502}, "Sesame seed": {"UGA": 0.0028022978419029, "KEN": 0.0237922081402609}, "Mustard seed": {"DEU": 7.266979597529696e-08, "CZE": 9.564132902666362e-08, "UKR": 2.0154982268649706e-07, "FRA": 9.365030541679644e-07, "CAN": 1.1795513484950738e-06, "USA": 1.6122750624813226e-06, "NPL": 1.4236422152134097e-05}, "Oilseeds nes": {"CHN": 0.0002764974807057, "IND": 0.0003090018741192, "BRA": 0.0004182700655616, "ETH": 0.0011030247982863, "MYS": 0.0011147475166034, "KEN": 0.0695068818596232}, "Cabbages and other brassicas": {"KEN": 0.0449274795556191}, "Artichokes": {"CHN": 1.1179460315646737e-07, "KEN": 8.482608163540269e-06}, "Lettuce and chicory": {"KEN": 0.0001413901724574}, "Spinach": {"KEN": 0.0161487390885751}, "Tomatoes": {"KEN": 0.053823141992418}, "Cauliflowers and broccoli": {"KEN": 0.0002867005163795}, "Cucumbers and gherkins": {"KEN": 0.0010176025067258}, "Chillies and peppers; green": {"KEN": 0.0003955295402937}, "Onions; dry": {"TZA": 0.0009500140881869, "KEN": 0.0138748534336236}, "Garlic": {"CHN": 6.604665592167053e-05, "KEN": 0.0002251954261978}, "Beans; green": {"GBR": 3.9334664007220285e-06, "EGY": 4.5715120233738425e-06, "TZA": 0.0001722395390922, "KEN": 0.0034312969557213}, "Peas; green": {"KEN": 0.0117032376245414}, "Vegetables; leguminous nes": {"KEN": 0.000524120540237}, "Carrots and turnips": {"KEN": 0.0110401737863166}, "Mushrooms and truffles": {"NLD": 2.9526294117250067e-11, "ITA": 6.581510285438016e-09, "CHN": 2.482312871877656e-07, "ZAF": 3.277525268046084e-07}, "Vegetables; fresh nes": {"UGA": 0.002350652956374, "TZA": 0.0139370542335664, "KEN": 0.1455327824283234}, "Bananas": {"KEN": 0.0557085607834732}, "Plantains and others": {"KEN": 0.0020195520525427}, "Oranges": {"EGY": 2.3396062242983938e-06, "ZAF": 8.544772126569407e-05, "KEN": 0.0180453311982492}, "Tangerines; mandarins; clementines; satsumas": {"ZAF": 1.2066044989397622e-05, "KEN": 0.0019607262782562}, "Lemons and limes": {"KEN": 0.0075879293748761}, "Grapefruit (inc. pomelos)": {"KEN": 0.0002518713150937}, "Fruit; citrus nes": {"KEN": 0.0002091401622976}, "Apples": {"EGY": 5.329896885929325e-07, "ITA": 1.6009811013728814e-06, "FRA": 3.209769840814793e-06, "CHN": 2.988179299951993e-05, "KEN": 0.0003731249538263, "ZAF": 0.0010197899933606}, "Pears": {"ZAF": 5.459605100341729e-06, "KEN": 0.0003936361877062}, "Apricots": {"TUR": 3.344882896623668e-07, "PAK": 2.2575023416609723e-06, "KEN": 9.87449251789327e-06}, "Cherries": {"ISR": 8.296609034091573e-09, "MKD": 4.9916012466944666e-08, "TUR": 6.395242875526203e-08, "GRC": 6.77572184273989e-08, "ESP": 8.1846070743078e-08, "IND": 2.372369907577324e-07, "CHL": 3.951835896381045e-07, "ZAF": 1.5102630841578072e-05}, "Peaches and nectarines": {"ISR": 9.994986987149462e-09, "ESP": 6.999532969685787e-08, "ZAF": 2.279750603629486e-06, "KEN": 4.747347222061993e-05}, "Plums and sloes": {"ZAF": 2.5373473832060106e-06, "TZA": 4.893309699757291e-06, "KEN": 0.0002315944217451}, "Berries nes": {"KEN": 0.0001843639456448}, "Grapes": {"EGY": 4.6950598855502006e-07, "SAU": 3.173427554124532e-06, "IRN": 3.985960770562319e-06, "IND": 4.1360830168210725e-06, "FRA": 4.483676829722859e-06, "ITA": 5.516642628101702e-06, "TUR": 6.862816188704666e-06, "ESP": 3.355438555553999e-05, "CHL": 0.0001109929135955, "ZAF": 0.000420483858546}, "Watermelons": {"KEN": 0.0150417817515685}, "Melons; other (inc.cantaloupes)": {"NAM": 2.46617963768791e-09, "ZAF": 9.351682901189706e-07}, "Mangoes; mangosteens; guavas": {"KEN": 0.0873856630906965}, "Avocados": {"KEN": 0.0229000692258798}, "Pineapples": {"KEN": 0.0030721045534101}, "Dates": {"ARE": 3.781341901821343e-08, "SAU": 2.6547315914188266e-06, "TUN": 1.9987530050000565e-05, "KEN": 0.0011140946141131}, "Kiwi fruit": {"ITA": 1.9593385418747426e-07, "FRA": 2.2824349743541762e-07, "GRC": 3.232238638122367e-07, "NZL": 1.893770815907937e-06, "CHL": 2.800519841718833e-06}, "Papayas": {"KEN": 0.0128335528861737}, "Fruit; tropical fresh nes": {"KEN": 0.0056469435466494}, "Fruit; fresh nes": {"KEN": 0.012241401466154}, "Cocoa; beans": {"PNG": 1.947200593249696e-05, "CMR": 4.8419789687137735e-05, "NGA": 9.619649441178244e-05, "IDN": 0.0001769488764176, "ECU": 0.0004021979631509, "GHA": 0.0006589516922758, "CIV": 0.0006856143049924}, "Tea": {"KEN": 0.0335977371550261},