{"Wheat": {"DEU": 3.6415538758234046e-05, "CAN": 5.321680545756211e-05, "CHE": 5.76536461612696e-05, "CHN": 6.972070222701578e-05, "FRA": 8.254160072405747e-05, "UKR": 0.0001390329752977, "ARG": 0.0001801356885987, "RUS": 0.0001894533321572, "USA": 0.0003838102190897, "AUS": 0.0179909552584331}, "Barley": {"ZWE": 1.0287983983153524e-05, "DNK": 1.3731580340012331e-05}, "Maize": {"MWI": 0.4644052939366677}, "Oats": {"GBR": 5.662287856201421e-08, "AUS": 1.452429051002686e-05, "ZAF": 0.0001087344402552}, "Potatoes": {"MWI": 0.0192872299352895}, "Sweet potatoes": {"MWI": 0.0129376490315066}, "Cassava": {"MWI": 0.0012925762215457}, "Roots and tubers nes": {"MWI": 1.3090628373908498e-11}, "Beans; dry": {"MWI": 0.0547802704030986}, "Peas; dry": {"MWI": 0.0023983373120852}, "Chick peas": {"MWI": 0.0020648799570199}, "Cow peas; dry": {"MWI": 0.0261486054365582}, "Pigeon peas": {"MWI": 0.0594487793509124}, "Lentils": {"MWI": 0.0003324201521583}, "Cashew nuts; with shell": {"MWI": 9.943013554850408e-05}, "Almonds; with shell": {"AUS": 7.966161223892151e-09, "USA": 9.015753765405037e-08}, "Hazelnuts; with shell": {"ESP": 5.748792622079901e-10, "ITA": 6.98572906422975e-10, "CHL": 5.521403143230505e-09, "TUR": 2.1788977965941765e-08}, "Nuts nes": {"MWI": 0.0005560662161447}, "Soybeans": {"ARG": 0.0001170442169966, "MWI": 0.0097859846031677}, "Groundnuts; with shell": {"MWI": 0.0130654720166145}, "Coconuts": {"IDN": 2.195501994261877e-06, "PHL": 3.1993858180525726e-06, "MYS": 6.917562634809277e-06, "LKA": 6.949429406477117e-06, "MOZ": 1.3983031416848252e-05}, "Oil palm fruit": {"IDN": 0.0004920914782607, "MYS": 0.0015000305157156}, "Olives": {"LBN": 2.823440008766583e-07, "PRT": 5.15875682406417e-07, "TUN": 6.10892754632148e-07, "GRC": 1.3056122240124956e-06, "ITA": 2.192226999105964e-06, "ESP": 6.445833676544368e-06}, "Sunflower seed": {"ARG": 1.1608136366609272e-05, "USA": 2.6482876463501404e-05, "ZAF": 0.0009968686469495, "MWI": 0.0013592196955958}, "Mustard seed": {"CZE": 1.4881605414497044e-08, "DEU": 1.7138986488394652e-08, "UKR": 3.3103026286410325e-08, "USA": 1.1088834298161438e-07, "FRA": 1.8700484366682625e-07, "CAN": 2.002396785535716e-07, "NPL": 4.009769449585412e-06}, "Cabbages and other brassicas": {"MWI": 0.0026782264082798}, "Asparagus": {"NLD": 6.866770511942597e-11, "DEU": 5.008140019343616e-10, "THA": 8.41959593923518e-10, "KEN": 2.21489774911924e-08, "PER": 5.263856294643007e-08, "ZAF": 4.163948288668512e-07}, "Tomatoes": {"MWI": 0.008854301626995}, "Cauliflowers and broccoli": {"KEN": 1.2205454545415186e-07, "ZAF": 9.194184660070274e-06}, "Pumpkins; squash and gourds": {"ZAF": 0.134176598068747}, "Cucumbers and gherkins": {"LBN": 6.398016378062766e-05, "ZAF": 0.0026004809549067}, "Onions; dry": {"MWI": 0.002982526803081}, "Garlic": {"ITA": 3.0372492630993057e-07, "IND": 3.258630171844591e-07, "CHN": 2.7464195923021875e-06, "ESP": 3.6694096049264593e-06, "ARG": 3.723451514468181e-06, "TZA": 3.04165642213107e-05}, "Peas; green": {"ITA": 2.214666178591272e-05, "MWI": 0.0002144141782702}, "Vegetables; leguminous nes": {"MWI": 4.572936436282613e-05}, "Carrots and turnips": {"ZAF": 0.0001897997835216}, "Okra": {"MWI": 0.0003597629237784}, "Maize; green": {"USA": 7.820789565693455e-09, "FRA": 1.2189565420635828e-08, "CHN": 1.842820289141649e-08, "THA": 2.370744298110763e-07, "ZAF": 1.6551152980400374e-06, "MUS": 0.0}, "Mushrooms and truffles": {"POL": 1.0754000240640907e-10, "CHN": 1.4605928175699768e-08, "ZAF": 3.646068296451863e-07}, "Vegetables; fresh nes": {"MWI": 0.0212189332564191}, "Bananas": {"MWI": 0.0041373758638956}, "Plantains and others": {"MWI": 0.0115068053327109}, "Oranges": {"MWI": 0.0033823131868538}, "Tangerines; mandarins; clementines; satsumas": {"MWI": 0.0041447267274308}, "Lemons and limes": {"ZAF": 5.7603242161433874e-05, "MWI": 0.0006979619145421}, "Grapefruit (inc. pomelos)": {"ZAF": 3.717388466749788e-06}, "Fruit; citrus nes": {"MWI": 8.540687714989453e-06}, "Apples": {"ZAF": 5.52076386343489e-05, "MWI": 0.0003198134776371}, "Pears": {"ZAF": 5.152300249886055e-06}, "Apricots": {"TUR": 2.474733698624121e-09, "ZAF": 4.32470468408935e-07}, "Cherries": {"TUR": 4.70948617737871e-10, "ZAF": 1.126410728546903e-06}, "Peaches and nectarines": {"MWI": 0.0004607195570832}, "Plums and sloes": {"ZAF": 2.6439733890318483e-05}, "Grapes": {"AFG": 2.001315763511172e-07, "PAK": 1.7610231188657422e-06, "USA": 2.0690262121135585e-06, "ZAF": 5.078568024490175e-05}, "Watermelons": {"MWI": 2.331454416805776e-05}, "Melons; other (inc.cantaloupes)": {"NAM": 9.301781750384864e-09, "ZAF": 3.513997619406501e-06}, "Mangoes; mangosteens; guavas": {"MWI": 0.017822701078473}, "Avocados": {"MWI": 0.0048790370020076}, "Pineapples": {"MWI": 0.004112466512037}, "Dates": {"ARE": 1.9481452243217988e-10, "EGY": 1.7805223050374494e-09, "IRQ": 2.3897933670780957e-08, "SAU": 2.587610867291161e-08, "NAM": 2.3704680079893482e-07, "IRN": 2.4973341698840905e-07, "PAK": 3.23431002814856e-07}, "Kiwi fruit": {"ITA": 8.90518896667082e-09, "FRA": 1.2935338741736285e-08, "GRC": 1.8671444120577087e-08, "CHL": 3.146572393485516e-08, "NZL": 1.035356955256134e-07}, "Papayas": {"MWI": 0.0014142872641144}, "Fruit; tropical fresh nes": {"MWI": 0.0011170138437927}, "Fruit; fresh nes": {"MWI": 0.0124978090161956}, "Coffee; green": {"MWI": 0.0016543667945865}, "Cocoa; beans": {"PNG": 2.580119674730059e-06, "CMR": 3.3016715341680606e-06, "NGA": 5.607421922205897e-06, "IDN": 2.499469414254083e-05, "GHA": 2.7428053087765533e-05, "ECU": 3.0611975876346456e-05, "COL": 3.883414377171163e-05, "CIV": 8.339287640175999e-05}, "Tea": {"MWI": 0.0002834817634323}, "Pepper (piper spp.)": {"MWI": 7.40463338641507e-05}, "Chillies and peppers; dry": {"MWI": 0.0004237332881809}, "Vanilla": {"MWI": 3.1827474549510146e-05}, "Cinnamon (cannella)": {"LKA": 7.255440755720217e-08, "CHN": 9.601358074690173e-08, "IDN": 2.061535411266868e-07, "VNM": 1.4702663669859943e-06}, "Nutmeg; mace and cardamoms": {"MWI": 6.45154062465877e-05}, "Anise; badian; fennel; coriander": {"IND": 3.367277855171668e-07, "MWI": 5.585925341831056e-05}, "Ginger": {"NPL": 2.107418830311323e-07, "NGA": 4.544521585647103e-07, "KEN": 8.266658911646593e-07, "IND": 8.267294592234618e-07, "CHN": 8.46713516898233e-07, "ETH": 1.936544459998459e-06, "TZA": 8.544747509061448e-06}, "Spices nes": {"CHN": 3.316704993608054e-06, "IND": 1.9317541794833456e-05, "KEN": 5.542324417318721e-05, "MWI": 0.0003943829490878}, "Meat; cattle": {"ARG": 9.555253514044438e-07, "USA": 1.832334198567631e-06, "HND": 2.0801696192706003e-08, "CAN": 2.3325428110583268e-08, "URY": 6.374186991315664e-07, "BRA": 8.968785806789512e-08, "MEX": 1.505574350070438e-07, "NIC": 2.1670937017963084e-07, "SLV": 8.015203486559056e-10, "PRY": 1.73153901431335e-08, "CRI": 2.3723397794065427e-07, "AUS": 1.921068815861728e-06, "CHL": 3.7244671740279164e-09, "ZAF": 0.00011776993645710495, "ZMB": 3.976595098164392e-09, "IND": 4.689816154147941e-09, "NZL": 3.07733012394733e-08, "NAM": 1.3317256451272886e-08, "GTM": 1.3345396052899845e-08, "IDN": 1.3938877484289392e-08, "MYS": 1.8352151627867612e-08, "MWI": 0.4613938435416946}, "Milk; whole fresh cow": {"SEN": 8.756391947769547e-10, "DNK": 2.845014377935511e-07, "KAZ": 5.661189913918206e-11, "MDA": 2.1685839460069233e-09, "DEU": 6.9712770039703425e-06, "HUN": 3.430184301094929e-08, "UKR": 1.4770173227552742e-06, "PAK": 1.0883822246389817e-06, "HRV": 1.6574327288226905e-09, "USA": 0.00012386205503049495, "EGY": 5.635215293785214e-09, "MKD": 2.7687080436722287e-10, "SRB": 1.1565287639023091e-09, "FRA": 1.5748895550891785e-05, "VNM": 3.513679884935337e-09, "POL": 7.22814551414574e-07, "BGR": 1.3731345675410973e-08, "SLV": 2.34544824737948e-09, "BIH": 4.547163648743845e-11, "RUS": 1.0731999918646878e-07, "IDN": 8.378821557551214e-06, "ROU": 2.1326059279204057e-08, "NGA": 1.141322675152945e-09, "FJI": 2.040069001344079e-10, "MYS": 1.3679193636114895e-05, "GBR": 2.777898895153784e-06, "BLR": 6.453856388287847e-09, "ARG": 3.11912049603315e-05,