{"Wheat": {"FRA": 2.256202007797073e-05, "CHE": 2.262952720972066e-05, "DEU": 2.6550312615718385e-05, "CHN": 4.010013037789659e-05, "CAN": 4.409512518965143e-05, "ARG": 0.0001011542879813, "UKR": 0.0001123639439245, "RUS": 0.0001326699478747, "USA": 0.0002054980956828, "AUS": 0.0100327625871987}, "Barley": {"ZWE": 3.5887175903120725e-06, "DNK": 1.3022192093496058e-05}, "Maize": {"MWI": 0.308976522161635}, "Oats": {"GBR": 2.547102091121925e-08, "AUS": 7.841319471057683e-06, "ZAF": 3.698337927854398e-05}, "Potatoes": {"MWI": 0.0133155020475812}, "Sweet potatoes": {"MWI": 0.0089318835700046}, "Cassava": {"MWI": 0.0032669821267004}, "Roots and tubers nes": {"MWI": 3.308651993744298e-11}, "Beans; dry": {"MWI": 0.0368727246854463}, "Peas; dry": {"MWI": 0.0016143263032588}, "Chick peas": {"MWI": 0.0013898753986323}, "Cow peas; dry": {"MWI": 0.0133020431589836}, "Pigeon peas": {"MWI": 0.0302421569132376}, "Lentils": {"MWI": 0.0002237527609892}, "Cashew nuts; with shell": {"MWI": 6.339902873078475e-05}, "Almonds; with shell": {"AUS": 4.289040798057186e-09, "USA": 3.885759794085057e-08}, "Hazelnuts; with shell": {"ESP": 3.7701551650976327e-10, "ITA": 5.269670189900169e-10, "CHL": 1.6771474867448962e-09, "TUR": 1.6182419613970707e-08}, "Nuts nes": {"MWI": 0.0003545610977909}, "Soybeans": {"ARG": 7.684127125621427e-05, "MWI": 0.0067838148343872}, "Groundnuts; with shell": {"MWI": 0.008225457460231}, "Coconuts": {"IDN": 1.710092610467322e-06, "PHL": 2.8742135552428504e-06, "MOZ": 3.331042934769718e-06, "LKA": 5.700885173914924e-06, "MYS": 6.512502981661747e-06}, "Oil palm fruit": {"IDN": 0.0003868693852203, "MYS": 0.0014062759716923}, "Olives": {"LBN": 2.026006363066397e-07, "PRT": 2.577239722260014e-07, "TUN": 4.927471210686142e-07, "GRC": 5.363982480278611e-07, "ITA": 1.5294116950688766e-06, "ESP": 4.406568638517387e-06}, "Sunflower seed": {"ARG": 6.549707483089759e-06, "USA": 1.47369580627148e-05, "ZAF": 0.000370589987597, "MWI": 0.0007647437407564}, "Mustard seed": {"CZE": 1.1378757899600609e-08, "DEU": 1.2582272053962033e-08, "UKR": 2.6954294561787666e-08, "FRA": 3.638582050832687e-08, "USA": 5.700649798740855e-08, "CAN": 1.6782627424681674e-07, "NPL": 2.5592325035138613e-06}, "Cabbages and other brassicas": {"MWI": 0.0018261957079408}, "Asparagus": {"NLD": 4.2109477617448224e-11, "DEU": 3.752996306814437e-10, "THA": 7.969777890383205e-10, "KEN": 1.1712284779825304e-08, "PER": 1.97574363955366e-08, "ZAF": 1.305172124482315e-07}, "Tomatoes": {"MWI": 0.0060374610518522}, "Cauliflowers and broccoli": {"KEN": 6.454192278626036e-08, "ZAF": 2.881878614660658e-06}, "Pumpkins; squash and gourds": {"ZAF": 0.0420570918312712}, "Cucumbers and gherkins": {"LBN": 5.521874622157411e-05, "ZAF": 0.0008151098470237}, "Onions; dry": {"MWI": 0.0020336882758554}, "Garlic": {"ITA": 2.2771822835899721e-07, "IND": 3.062169022266448e-07, "CHN": 1.5111766848997003e-06, "ARG": 1.8830685551383192e-06, "ESP": 2.227784688685747e-06, "TZA": 1.4987499865693883e-05}, "Peas; green": {"ITA": 1.6604493569973604e-05, "MWI": 0.0001462020727105}, "Vegetables; leguminous nes": {"MWI": 3.1181370129156536e-05}, "Carrots and turnips": {"ZAF": 5.949194598775522e-05}, "Okra": {"MWI": 0.000245310667257}, "Maize; green": {"FRA": 1.6631980620572251e-09, "USA": 4.9709139122240405e-09, "CHN": 9.553739847877764e-09, "THA": 2.223042063296033e-07, "ZAF": 6.400000638401877e-07, "MUS": 0.0}, "Mushrooms and truffles": {"POL": 8.365805259492691e-11, "CHN": 8.036695551656447e-09, "ZAF": 1.142844813284023e-07}, "Vegetables; fresh nes": {"MWI": 0.0144685022596142}, "Bananas": {"MWI": 0.002351984307541}, "Plantains and others": {"MWI": 0.0065413021351613}, "Oranges": {"MWI": 0.0021566436546317}, "Tangerines; mandarins; clementines; satsumas": {"MWI": 0.0026427767338751}, "Lemons and limes": {"ZAF": 1.6804468787689318e-05, "MWI": 0.0004450371834348}, "Grapefruit (inc. pomelos)": {"ZAF": 1.084465667507804e-06}, "Fruit; citrus nes": {"MWI": 2.158655996412659e-05}, "Apples": {"ZAF": 1.610560457123154e-05, "MWI": 0.0002039207102088}, "Pears": {"ZAF": 1.5030693670222202e-06}, "Apricots": {"TUR": 1.8379558328328566e-09, "ZAF": 1.261636709199152e-07}, "Cherries": {"TUR": 3.4976804147336323e-10, "ZAF": 3.286053565689372e-07}, "Peaches and nectarines": {"MWI": 0.0002937657911781}, "Plums and sloes": {"ZAF": 7.713206171095294e-06}, "Grapes": {"AFG": 1.0917941974324387e-07, "USA": 8.917433946331584e-07, "PAK": 1.657051036656698e-06, "ZAF": 1.481559624969168e-05}, "Watermelons": {"MWI": 1.4865910092567322e-05}, "Melons; other (inc.cantaloupes)": {"NAM": 1.304989260368448e-09, "ZAF": 1.0251308971436065e-06}, "Mangoes; mangosteens; guavas": {"MWI": 0.0113641797982171}, "Avocados": {"MWI": 0.0031109904996353}, "Pineapples": {"MWI": 0.0026222068501941}, "Dates": {"ARE": 1.388708889832024e-10, "EGY": 1.7805223050374494e-09, "SAU": 9.988405937487877e-09, "IRQ": 1.6068821633831733e-08, "NAM": 3.325637362266747e-08, "IRN": 1.273128658896371e-07, "PAK": 3.043354018239507e-07}, "Kiwi fruit": {"FRA": 2.473084412492302e-09, "ITA": 6.717610774998951e-09, "GRC": 8.555467578545595e-09, "CHL": 9.557834928364686e-09, "NZL": 2.1606548230023084e-08}, "Papayas": {"MWI": 0.0009017833315477}, "Fruit; tropical fresh nes": {"MWI": 0.0007122347001201}, "Fruit; fresh nes": {"MWI": 0.0079689014655232}, "Coffee; green": {"MWI": 0.0012106233590036}, "Cocoa; beans": {"PNG": 1.9383428699658227e-06, "CMR": 2.5861614151141227e-06, "NGA": 3.146590246241321e-06, "COL": 5.308437034415889e-06, "ECU": 1.3129790906406516e-05, "GHA": 1.572413405331767e-05, "IDN": 1.9924381421590263e-05, "CIV": 3.873809351576833e-05}, "Tea": {"MWI": 0.0002074447128567}, "Pepper (piper spp.)": {"MWI": 3.766807110288059e-05}, "Chillies and peppers; dry": {"MWI": 0.0002889299835874}, "Vanilla": {"MWI": 1.6190937643929787e-05}, "Cinnamon (cannella)": {"CHN": 3.4658280776229955e-08, "LKA": 5.99612352792318e-08, "IDN": 1.6123307319883757e-07, "VNM": 1.396458361339402e-06}, "Nutmeg; mace and cardamoms": {"MWI": 3.2819597985583074e-05}, "Anise; badian; fennel; coriander": {"IND": 3.134183835257786e-07, "MWI": 2.84161310859098e-05}, "Ginger": {"NPL": 1.345058571785853e-07, "NGA": 2.700240898205391e-07, "CHN": 3.056404581248268e-07, "KEN": 4.178377732851846e-07, "IND": 7.695005338659486e-07, "ETH": 1.3281310571637371e-06, "TZA": 3.943157018553282e-06}, "Spices nes": {"CHN": 1.1972399323738513e-06, "IND": 1.7980318178167408e-05, "KEN": 2.801364515105283e-05, "MWI": 0.0002006263401947}, "Meat; cattle": {"ARG": 6.255865878404264e-07, "URY": 1.4634537908899466e-07, "USA": 1.1719120693177811e-06, "HND": 1.3414928387223913e-08, "BRA": 3.1539716773548675e-08, "CAN": 2.0509678280197943e-08, "MEX": 8.871849203564465e-08, "NIC": 8.204809787810843e-08, "PRY": 6.034987227663061e-09, "CRI": 1.0664793360940647e-07, "SLV": 4.853853005271642e-10, "ZMB": 8.176215812132647e-10, "CHL": 9.406297772008716e-10, "NZL": 6.543176406868882e-09, "AUS": 1.026239379690166e-06, "NAM": 1.3728228511437775e-09, "ZAF": 4.481708333696765e-05, "IND": 4.365171694425542e-09, "GTM": 8.554619493992646e-09, "IDN": 1.0958379084451069e-08, "MWI": 0.4584860359677516, "MYS": 1.7205109891256355e-08}, "Milk; whole fresh cow": {"KAZ": 2.8850223976519783e-11, "SEN": 5.010454507938536e-10, "DNK": 3.26514130541721e-07, "MDA": 1.841814739823642e-09, "DEU": 6.575438324908525e-06, "HUN": 3.092220275627809e-08, "FRA": 3.6586467354092565e-06, "UKR": 1.2086705084831812e-06, "MKD": 9.154481090018799e-11, "HRV": 1.0680875592198662e-09, "PAK": 1.008080899875814e-06, "USA": 0.00011776379632941314, "BIH": 1.5340168660627175e-11, "BOL": 1.0373898889956558e-08, "EGY": 5.635215293785214e-09, "SLV": 1.4212952916487335e-09, "COL": 3.6779465449557263e-10, "SRB": 9.710838141655915e-10, "GBR": 1.1268390906717489e-06, "BGR": 9.658141193705443e-09, "POL": 5.94234027713957e-07, "NGA": 6.69745085533905e-10, "NZL": 0.0017200226567896594, "RUS": 7.708785671512272e-08, "ROU": 1.529629636017087e-08, "IDN": 6.585127334620188e-06, "FJI": 1.4815942178357726e-10,