{"Wheat": {"LVA": 0.0006586157219376, "DEU": 0.0028852259107117, "LTU": 0.0031186228141114, "RUS": 0.0038192941886229, "KAZ": 0.0117193175765668, "AUS": 0.3155459768894201, "IRN": 0.9946624548208196}, "Rice; paddy": {"USA": 1.7553940687750928e-07, "URY": 4.96242296333723e-07, "THA": 7.081713306498664e-07, "IND": 6.642829078850819e-06, "IRN": 8.227247740903366e-06}, "Barley": {"DEU": 3.727800781821745e-06, "FRA": 1.657973080149467e-05, "RUS": 2.286318297380976e-05, "KAZ": 3.739791220568017e-05, "IND": 0.0001427481960594, "IRN": 0.0055263491087671}, "Maize": {"RUS": 2.7392672457599903e-05, "ROU": 5.192070224873091e-05, "UKR": 0.000499058804451, "IRN": 0.0020649896988937, "BRA": 0.0225368641198478}, "Rye": {"IRN": 1.962568670107636e-05}, "Oats": {"CHN": 5.087607282988008e-07, "GBR": 7.087631259396196e-07, "AUS": 0.0017739328876515}, "Potatoes": {"IRN": 0.0128028291853001}, "Cassava": {"KHM": 5.943185982586146e-11, "THA": 1.76829281271482e-09}, "Beans; dry": {"IRN": 0.0164453146114863}, "Broad beans; horse beans; dry": {"IRN": 0.0009942688199506}, "Chick peas": {"IND": 0.0003794419768555, "USA": 0.0005751421478252, "IRN": 0.0725409593779719}, "Lentils": {"CAN": 1.896651490912784e-05, "USA": 0.0013619388664107, "IRN": 0.0235484111388371}, "Pulses nes": {"IRN": 0.0042649795059068}, "Cashew nuts; with shell": {"GMB": 1.3554325032152673e-05, "IDN": 0.0001175160346076, "BEN": 0.000128934599287, "GNB": 0.0002208185955485, "GHA": 0.0002333788847248, "IND": 0.0006614304299485, "CIV": 0.0013047343921125, "TZA": 0.0018007428240777}, "Almonds; with shell": {"IRN": 0.0096683333728501}, "Walnuts; with shell": {"IRN": 0.0077020369890294}, "Pistachios": {"IRN": 0.0449850384865635}, "Hazelnuts; with shell": {"IRN": 0.0039350010974966}, "Nuts nes": {"CHN": 2.005755654002565e-05, "IRN": 0.000314150942604}, "Soybeans": {"USA": 0.0003688890893065, "IRN": 0.0010863548851273, "ARG": 0.011815062530492, "IND": 0.0176214083275674, "BRA": 0.0296756283595859}, "Groundnuts; with shell": {"IRN": 1.871904239426002e-05, "CHN": 0.0001686062340488, "IND": 0.0007036412741455}, "Coconuts": {"IND": 0.0001052110843144, "IDN": 0.0003336631985501, "PHL": 0.00051547297594, "MYS": 0.0005615134124702, "LKA": 0.003632541931828}, "Oil palm fruit": {"IDN": 0.0004432611921838, "MYS": 0.0011775564114489}, "Olives": {"IRN": 0.0001629843154043, "TUR": 0.0006503463744153}, "Sunflower seed": {"CHN": 0.0013024530546181, "RUS": 0.0013176150755021, "ARG": 0.0023356163839436, "UKR": 0.0079856101226288, "IRN": 0.0234645157393524}, "Safflower seed": {"IRN": 1.2875525538090784e-08}, "Sesame seed": {"IND": 0.0012436046311305, "IRN": 0.019484720819818}, "Melonseed": {"IRN": 0.0114057105304623}, "Oilseeds nes": {"ITA": 1.879029521244821e-05, "CHN": 1.9101503960861668e-05, "IND": 2.469331575607457e-05, "IRN": 0.0002597051975171}, "Cabbages and other brassicas": {"IRN": 0.0009628778143375}, "Artichokes": {"IRN": 0.0001630985224981}, "Asparagus": {"IRN": 0.0001605268332577}, "Lettuce and chicory": {"IRN": 0.0024853991876313}, "Spinach": {"IRN": 0.0009826278349974}, "Tomatoes": {"IRN": 0.0147858835903462}, "Cauliflowers and broccoli": {"IRN": 0.0001145277126026}, "Pumpkins; squash and gourds": {"IRN": 0.0044952483740097}, "Cucumbers and gherkins": {"IRN": 0.0024248703759132}, "Eggplants (aubergines)": {"IRN": 0.0027514668417708}, "Chillies and peppers; green": {"IRN": 0.0004123765529637}, "Onions; dry": {"IRN": 0.0078048617969445}, "Garlic": {"IRN": 0.0008317979579636}, "Leeks; other alliaceous vegetables": {"IRN": 5.802928537906624e-05}, "Beans; green": {"IRN": 0.0012631083695914}, "Peas; green": {"IRN": 0.0005364956628698}, "Carrots and turnips": {"IRN": 0.0017937599980123}, "Maize; green": {"USA": 2.0439798517651605e-06, "FRA": 5.630326316640375e-06, "CHN": 5.9246151634375264e-05, "THA": 0.0003852071042784}, "Mushrooms and truffles": {"IRN": 3.6358836645071e-05}, "Vegetables; fresh nes": {"CHN": 0.0003604459568904, "IRN": 0.0112101877818471}, "Bananas": {"IRN": 2.707829898412358e-05, "PHL": 0.0066314306725948}, "Plantains and others": {"LKA": 0.0}, "Oranges": {"IRN": 0.0084236703691768}, "Tangerines; mandarins; clementines; satsumas": {"IRN": 0.0025949104919364}, "Lemons and limes": {"IRN": 0.0031034338513911}, "Grapefruit (inc. pomelos)": {"IRN": 0.0005280247721111}, "Fruit; citrus nes": {"IRN": 5.219166679056771e-05}, "Apples": {"IRN": 0.0103892488034114}, "Pears": {"IRN": 0.000641541105997}, "Quinces": {"IRN": 0.0011796139632486}, "Apricots": {"IRN": 0.0081713741440076}, "Cherries; sour": {"IRN": 0.0037195132937825}, "Cherries": {"IRN": 0.0041998804222479}, "Peaches and nectarines": {"IRN": 0.0046505900488103}, "Plums and sloes": {"IRN": 0.0018612232248101}, "Fruit; stone nes": {"IRN": 0.0019557294809852}, "Strawberries": {"IRN": 0.0006004157366246}, "Berries nes": {"IRN": 0.0007868316098579}, "Grapes": {"IRN": 0.0171363466002113}, "Watermelons": {"IRN": 0.0063617296871763}, "Melons; other (inc.cantaloupes)": {"IRN": 0.0059619186962645}, "Figs": {"IRN": 0.0007506860683052}, "Mangoes; mangosteens; guavas": {"IND": 4.400314001859118e-05, "IRN": 0.000964680251561}, "Pineapples": {"MYS": 3.82394071561376e-06, "KEN": 2.480435939849297e-05, "PHL": 4.310455845947919e-05, "THA": 0.0002215158097155}, "Dates": {"IRN": 0.0182128074784626}, "Persimmons": {"IRN": 0.0001761679338592}, "Kiwi fruit": {"IRN": 0.0010596306831395}, "Papayas": {"IRN": 3.524125302069818e-06}, "Fruit; tropical fresh nes": {"IRN": 0.008687199517661}, "Fruit; fresh nes": {"IND": 0.0008868057130044, "IRN": 0.0213453199420057}, "Coffee; green": {"MYS": 8.370523439991499e-05, "UGA": 0.0003905818070478, "VNM": 0.0004594462884846, "IDN": 0.0013386239145615, "IND": 0.0013801145023469, "COL": 0.0032580592099654, "BRA": 0.0069176069847409}, "Cocoa; beans": {"PNG": 0.0003055004194247, "CMR": 0.0007624431111315, "NGA": 0.000891309073702, "IDN": 0.0018149921430073, "ECU": 0.0035084634907634, "CIV": 0.0116654714933236, "GHA": 0.0116711602266513}, "Tea": {"CHN": 0.0032727238280115, "IND": 0.0053544647222104, "KEN": 0.0060849143116849, "LKA": 0.196625694534422, "IRN": 0.0}, "Pepper (piper spp.)": {"BRA": 1.7632581875325937e-05, "VNM": 0.0001137682055262, "IDN": 0.000125018862535, "IND": 0.0004839401258161, "LKA": 0.0006507143744617}, "Chillies and peppers; dry": {"CHN": 3.3572228970438617e-06, "IND": 0.0001196854769083, "IRN": 0.0002196819296516}, "Cinnamon (cannella)": {"VNM": 0.0002000174387991, "CHN": 0.0007069982444641}, "Nutmeg; mace and cardamoms": {"GTM": 0.0034509130923628}, "Anise; badian; fennel; coriander": {"IND": 0.0001240249033848, "IRN": 0.001461708415944}, "Ginger": {"IND": 1.4271125969396416e-05, "CHN": 6.224803750182327e-05}, "Spices nes": {"IND": 0.0008484529047698}, "Meat; cattle": {"ARE": 1.441730018412414e-13, "NLD": 2.5946306157106117e-12, "THA": 6.684231956983082e-08, "DNK": 2.3402896876398643e-11, "BEL": 9.456022986970277e-12, "RUS": 0.00016678301053348098, "DEU": 1.7886248714717305e-09, "SVK": 3.5538866322304774e-12, "AUT": 9.93120274216713e-11, "GBR": 5.065998952776812e-09, "HUN": 9.994824630947427e-12, "UKR": 0.0010769845538378593, "CHE": 4.309385754506382e-11, "MDA": 6.503522701155442e-12, "IND": 0.013018177284546495, "POL": 6.015294498156749e-10, "TUR": 1.5633463805383477e-09, "BLR": 2.0711989972440668e-10, "FJI": 5.218269549044034e-10, "FRA": 1.176303019313932e-08, "PRY": 0.00012366215639657106, "HRV": 4.080162149019276e-10, "CHN": 1.3617917566688264e-08, "USA": 2.402253572399585e-07, "CAN": 4.269581272983959e-09, "ARG": 0.007559038593486338, "IDN": 1.8507931852869084e-07, "ITA": 2.833413409307967e-10, "LTU": 3.126029924415424e-11, "MEX": 1.8765937986786072e-08, "ZAF": 3.712119884918296e-08, "ESP": 8.596944124068681e-10, "BGR": 1.2506569963948609e-10, "MYS": 2.4361039167697524e-07, "IRL": 1.132587400209551e-09, "NIC": 2.551068826688936e-08, "ROU": 3.4477590611642756e-10, "BRA": 0.5110023273466289, "NAM": 1.8088691654192478e-10, "VNM": 2.0577226176717883e-10, "AUS": 0.006498827497833328, "CHL": 3.0436912703974385e-08,