{"Wheat": {"UKR": 0.0001980040582932, "TUR": 0.0002542173524765, "USA": 0.0002955338579772, "IND": 0.0032586464712531}, "Rice; paddy": {"PAK": 1.4547428325468207e-09, "IND": 2.865470588313909e-09}, "Barley": {"GBR": 6.514777523670484e-08, "DEU": 1.2127271322635766e-07, "BEL": 1.8191701317010666e-07, "FRA": 3.392058998959164e-06}, "Maize": {"ARG": 1.0474082322472236e-06, "USA": 1.33042707042509e-05}, "Oats": {"GBR": 1.0250346236046338e-06, "ETH": 0.0001048596112246, "AUS": 0.0004121560471313}, "Millet": {"ETH": 3.742849110479066e-09}, "Grain; mixed": {"BEL": 4.5115295846869055e-11, "DEU": 4.8335350502128606e-11, "ESP": 3.133172761853389e-10, "FRA": 4.1791547160930365e-09}, "Potatoes": {"EGY": 2.1639907906004574e-07, "ETH": 0.0014524625752842}, "Sweet potatoes": {"ETH": 3.739121567672058e-07}, "Roots and tubers nes": {"ETH": 8.078639124332715e-06}, "Beans; dry": {"DJI": 1.6215902225303117e-05, "ETH": 3.042156145672124e-05}, "Broad beans; horse beans; dry": {"ETH": 0.0002534452602144}, "Peas; dry": {"CAN": 9.420208663293051e-06, "USA": 0.0006369130797939}, "Lentils": {"CAN": 3.7673054974707935e-06, "USA": 0.0004698611847582}, "Nuts nes": {"TUR": 3.59423828612064e-07, "USA": 1.1770104793412235e-06, "CHN": 1.262236646245413e-06, "AUS": 1.2920756923245009e-06, "MEX": 1.3039600607105862e-06, "THA": 3.256382669188188e-06, "IDN": 5.710113693729597e-05}, "Soybeans": {"CAN": 3.135709802687756e-07, "USA": 3.4029913701660524e-06, "IND": 5.025079428886474e-06, "BRA": 1.8216014631211908e-05, "PRY": 2.011586639765096e-05, "ARG": 3.4129991564177186e-05}, "Groundnuts; with shell": {"ETH": 3.048487409873097e-06, "USA": 7.840970479171673e-06}, "Coconuts": {"IND": 1.77625223069753e-06, "IDN": 3.807057043182435e-06, "PHL": 5.4422043715005415e-06, "MYS": 1.272197456589197e-05}, "Oil palm fruit": {"MYS": 0.0001447849377504, "IDN": 0.0007761183480384}, "Olives": {"GRC": 1.1724987084904132e-06, "ITA": 3.6155323771420207e-06, "MAR": 5.32555964289204e-06, "TUN": 1.3953196969195872e-05, "ESP": 1.7459475746984752e-05, "TUR": 2.2288899792699656e-05}, "Sunflower seed": {"ROU": 5.391093777327706e-07, "MDA": 5.597371454325941e-07, "BGR": 9.733457551384652e-07, "FRA": 1.4690810739180955e-06, "RUS": 1.765145324170421e-06, "UKR": 2.6804781017288995e-06, "TUR": 1.1077023639045735e-05}, "Rapeseed": {"BGR": 2.1744233364750778e-07, "DEU": 2.2914217179024557e-07, "UKR": 1.1365129082642182e-06, "FRA": 1.2458127839818463e-05, "AUS": 4.271596810828644e-05}, "Mustard seed": {"RUS": 1.0093137662967185e-07, "ROU": 2.584490952205024e-07, "DEU": 5.271694685709984e-07, "CZE": 6.364133975300131e-07, "UKR": 1.0400581927637965e-06, "USA": 1.6978996614896964e-06, "CAN": 2.1850757689107826e-06, "FRA": 1.5024505072949974e-05}, "Oilseeds nes": {"BGR": 3.2921532409363075e-06, "FRA": 5.793872611418368e-06, "ITA": 1.875251327764529e-05, "CIV": 2.773054337380044e-05, "MYS": 7.285018133585792e-05, "CHN": 9.394809658787029e-05, "IND": 0.0001000637507688, "BRA": 0.0001599134091186, "ETH": 0.0004009270340521}, "Cabbages and other brassicas": {"IDN": 7.142244209595925e-06, "ETH": 0.0001722898333659}, "Lettuce and chicory": {"ETH": 0.0011461943713784}, "Tomatoes": {"DJI": 5.025996209227574e-07, "TUR": 8.431602848320162e-07, "OMN": 1.1427389523358686e-06, "USA": 1.5681469766336385e-06, "ITA": 3.5414406341063665e-06, "JOR": 1.0374356234464347e-05, "CHN": 4.547582427223449e-05, "ETH": 0.0018064945420329}, "Pumpkins; squash and gourds": {"DJI": 7.624130317431148e-09}, "Cucumbers and gherkins": {"DJI": 8.295423647520135e-10, "ETH": 3.2694225099042765e-06}, "Eggplants (aubergines)": {"DJI": 1.9883911243434165e-08}, "Chillies and peppers; green": {"DJI": 4.1293330009400605e-09}, "Onions; shallots; green": {"DJI": 6.233935928528844e-08}, "Onions; dry": {"YEM": 1.7112165578189402e-05, "ETH": 0.0016839427592307}, "Garlic": {"ETH": 7.686417666226017e-05}, "Leeks; other alliaceous vegetables": {"ETH": 0.0001826710805771}, "Beans; green": {"ETH": 5.196204677673995e-06}, "Carrots and turnips": {"ETH": 0.0002015103962816}, "Okra": {"DJI": 5.27124075567578e-08}, "Maize; green": {"HUN": 3.160712381817328e-09, "FRA": 3.6868091629176744e-08, "USA": 6.422928734976532e-08}, "Mushrooms and truffles": {"BEL": 6.965264215032478e-12, "NLD": 2.77088177803273e-11, "POL": 2.0129703871780583e-10, "CHN": 6.432600999514551e-10, "ESP": 2.6149832252306943e-09, "ITA": 6.9101246113887165e-09, "FRA": 1.393942108933143e-07}, "Vegetables; fresh nes": {"CHN": 1.2953354762174282e-05, "DJI": 3.020347210430771e-05, "ETH": 0.004702509922077}, "Bananas": {"ETH": 0.0001066734018786}, "Oranges": {"EGY": 1.753851855081995e-07, "TUR": 7.426888177686113e-07, "ESP": 9.942222523969065e-07, "THA": 2.0875650461932444e-06, "ZAF": 6.3910751648437175e-06, "YEM": 1.564424624233908e-05, "ETH": 0.000272261588101}, "Tangerines; mandarins; clementines; satsumas": {"ETH": 8.592783179148518e-05}, "Lemons and limes": {"DJI": 9.253928019189212e-07, "ETH": 0.0001644645020832}, "Grapefruit (inc. pomelos)": {"ISR": 1.325817355741138e-09, "ESP": 1.9705490414189712e-08, "USA": 2.0661837338724642e-08, "CHN": 2.173646876486188e-08, "TUR": 3.054836790166173e-08, "MEX": 3.6036462551291375e-08, "ZAF": 1.0069336156438064e-06}, "Apples": {"USA": 3.496080024084992e-07, "FRA": 1.1313441249918477e-06, "PAK": 2.61829959650456e-06, "CHN": 3.558315645454036e-06, "ZAF": 9.423608428327312e-06, "IND": 6.798275456876273e-05}, "Pears": {"DJI": 5.4467727333749256e-08}, "Peaches and nectarines": {"TUN": 3.152506774211459e-07, "ETH": 3.6248073447113255e-06}, "Plums and sloes": {"ESP": 3.339202459427118e-08, "CHL": 1.3391353953594526e-07, "FRA": 7.659370434572423e-07}, "Grapes": {"ITA": 1.724268548087665e-07, "TUR": 2.430562924705608e-07, "ESP": 2.912766294757744e-07, "YEM": 3.4487242623091654e-07, "IND": 3.4979066044923935e-07, "LBN": 5.526562826052485e-07, "SAU": 5.601379458585755e-07, "IRN": 6.380125615132286e-07, "ZAF": 2.375165699278932e-06, "FRA": 2.838919202590393e-06, "CHL": 3.284329252509648e-06}, "Watermelons": {"DJI": 1.6886503923637368e-07}, "Melons; other (inc.cantaloupes)": {"DJI": 5.26666743603108e-08}, "Figs": {"FRA": 1.2658061514453447e-06, "ESP": 3.6143023396697214e-06, "TUR": 1.911978725389916e-05, "TUN": 0.0001800522335119}, "Mangoes; mangosteens; guavas": {"DJI": 2.7752671506599945e-07, "IND": 1.4433366283716369e-06, "ETH": 0.000236680866908}, "Avocados": {"ETH": 6.662445132473882e-05}, "Pineapples": {"KEN": 5.96334182718548e-07, "CRI": 2.44754797043307e-06, "THA": 7.699463168957623e-06}, "Dates": {"DJI": 3.2507802158263925e-07, "SAU": 5.48453969068816e-06}, "Papayas": {"ETH": 9.961827734977022e-05}, "Fruit; tropical fresh nes": {"DJI": 1.2083665236786165e-06}, "Fruit; fresh nes": {"EGY": 4.5656804129332534e-07, "SAU": 5.094500044139444e-06, "THA": 5.644562803941975e-06, "CHN": 1.641147930211541e-05, "IND": 1.685837103637669e-05, "CRI": 0.0002396976494077}, "Cocoa; beans": {"PNG": 8.68366788208275e-06, "CMR": 1.2978014270856534e-05, "NGA": 2.070338617574659e-05, "IDN": 4.172672635910299e-05, "BRA": 6.056210866136928e-05, "GHA": 7.961289235883646e-05, "ECU": 0.0001000646450855, "CIV": 0.0001605637266119}, "Pepper (piper spp.)": {"ETH": 0.000198709028742}, "Chillies and peppers; dry": {"DJI": 2.7286225044319782e-06}, "Nutmeg; mace and cardamoms": {"GRD": 0.0, "IND": 1.0683692643505297e-06, "GTM": 5.169135454824894e-05, "IDN": 7.819968813477498e-05}, "Anise; badian; fennel; coriander": {"IND": 3.699478521828785e-06, "ETH": 0.0003024139763865}, "Meat; cattle": {"ARE": 8.580271937615746e-14, "SWE": 3.3996277487153095e-11, "IRL": 1.8093279902538275e-09, "LTU": 1.699387057178996e-09, "LVA": 5.120320522362514e-11, "DEU": 8.787812283648211e-09, "RUS": 9.559869830198172e-11, "ROU": 5.286058951641442e-09, "BGR": 3.241269965450074e-09, "POL": 4.9593418128170045e-09, "DNK": 1.364937626516442e-10, "UKR": 1.2434959334811387e-08, "CAN": 2.637952885779654e-10, "NLD": 4.756016647120016e-11, "THA": 4.2210526573856694e-11, "HUN": 2.1897113497597806e-10, "TUR": 1.9538517963441313e-09,