{"Wheat": {"CAN": 2.3069656791833907e-05, "ROU": 3.617445781525937e-05, "EGY": 7.420589514987237e-05, "UKR": 0.0001959971540124, "RUS": 0.0002260722263161, "FRA": 0.0003327562539657, "USA": 0.001168700249238, "IND": 0.0022638831643185, "TUR": 0.003283842535784, "AUS": 0.0099549617099457, "MDG": 0.0}, "Barley": {"GBR": 2.952985270154398e-06, "DEU": 5.042795525289286e-06, "BEL": 8.999398536798938e-06, "FRA": 0.0002123379709515}, "Maize": {"ZAF": 0.0013161483740334, "MDG": 2.281482169037647}, "Oats": {"CAN": 3.959000922347264e-09, "GBR": 4.625892692009141e-08, "FRA": 1.8529943581045443e-07, "AUS": 4.029865949493109e-06, "ZAF": 2.1577452760781937e-05}, "Millet": {"IND": 2.304109870460753e-06}, "Potatoes": {"MDG": 0.981577525515314}, "Sweet potatoes": {"MDG": 2.5918854147767867}, "Cassava": {"MDG": 0.0053112487383778}, "Taro (cocoyam)": {"MDG": 0.3610624099691116}, "Beans; dry": {"MDG": 0.7366058800605148}, "Peas; dry": {"CAN": 2.0108391462820258e-06, "USA": 3.0477618533642697e-05, "MDG": 0.3490920214526045}, "Cow peas; dry": {"MDG": 0.0929493461745725}, "Lentils": {"MDG": 0.0262982982220857}, "Pulses nes": {"MDG": 0.1436510893303313}, "Cashew nuts; with shell": {"MDG": 0.5039027221274819}, "Almonds; with shell": {"MKD": 1.7209762864912992e-08, "ITA": 2.8212364337559893e-08, "CHN": 3.4488359942441186e-08, "AUS": 8.819354103119002e-08, "TUR": 1.3260491010535248e-07, "USA": 2.767958239857196e-07, "ESP": 3.195918480281793e-07, "TUN": 3.016135123152875e-06}, "Walnuts; with shell": {"ROU": 1.7379841243320475e-10, "DEU": 2.1672942215840662e-09, "MDA": 2.943829226511524e-09, "UKR": 2.963230479875719e-09, "BGR": 4.474247546383739e-09, "PAK": 5.206732311491448e-09, "FRA": 8.235086116473085e-09, "MKD": 2.2649552115846453e-08, "USA": 3.300419698540569e-08, "CHL": 5.70386498560457e-08, "TUR": 8.734245763744644e-08}, "Pistachios": {"MDG": 0.0951519504198116}, "Hazelnuts; with shell": {"ITA": 1.2182195222976972e-08, "GEO": 3.361827102940656e-08, "FRA": 4.262243914996521e-08, "TUR": 2.033842210602125e-07}, "Nuts nes": {"CHN": 1.745159365821791e-06, "MDG": 0.0069324132670706}, "Soybeans": {"CHN": 0.000144354254348, "USA": 0.0002348849069828, "IND": 0.00039929436241, "BRA": 0.0009592651526246, "ARG": 0.0013682029728939}, "Groundnuts; with shell": {"MDG": 0.2981658986049172}, "Coconuts": {"MYS": 4.444992279395737e-05, "IDN": 5.204216617552123e-05, "MDG": 0.3213262486348754}, "Oil palm fruit": {"MYS": 0.0007010803028115, "IDN": 0.0018299720792923, "MDG": 0.0}, "Olives": {"TUR": 6.36027556187313e-06, "GRC": 7.855888391647746e-06, "ITA": 1.1350309639293484e-05, "MAR": 1.4880795563271116e-05, "TUN": 1.5496304471731646e-05, "ESP": 1.6257140420135288e-05}, "Sunflower seed": {"EGY": 9.773520181473353e-09, "BGR": 4.277466833892854e-06, "USA": 8.187299192159869e-06, "RUS": 1.6543038428299314e-05, "CHN": 2.870932374410933e-05, "ESP": 3.809605662784799e-05, "UKR": 4.366593801662264e-05, "ARG": 7.744652374275007e-05, "UGA": 0.0004256440367348}, "Rapeseed": {"POL": 1.1060171287328598e-08, "BGR": 1.4953168966296734e-08, "ROU": 2.144773560452234e-08, "DEU": 3.876406136897895e-08, "UKR": 8.878545904359654e-08, "FRA": 3.834661988659573e-07, "IND": 2.4731238616660937e-06, "AUS": 4.595571625708359e-06}, "Mustard seed": {"RUS": 4.816275691337798e-08, "DEU": 2.407343055239681e-07, "CZE": 2.7088992264664014e-07, "UKR": 5.137290788507685e-07, "USA": 6.966929989664488e-07, "CAN": 1.2557479971076368e-06, "FRA": 5.155527438225335e-06, "NPL": 1.2323842487827808e-05}, "Oilseeds nes": {"PRT": 9.998857437257472e-07, "ITA": 2.504782094515655e-06, "FRA": 2.6196288098140123e-06, "BRA": 1.045187374128012e-05, "IND": 1.247204111784353e-05, "CHN": 1.6006878238440565e-05, "MYS": 1.6334037540672488e-05, "ETH": 2.705580049187863e-05, "ZAF": 2.915618046495387e-05, "MDG": 0.0013600793539309}, "Cabbages and other brassicas": {"MDG": 0.0266983268216369}, "Lettuce and chicory": {"MDG": 0.004056617340808}, "Tomatoes": {"MDG": 0.1600984341042475}, "Cauliflowers and broccoli": {"MDG": 0.0008743434807213}, "Cucumbers and gherkins": {"MDG": 0.0086652697263389}, "Eggplants (aubergines)": {"MDG": 0.0135894430928406}, "Chillies and peppers; green": {"MDG": 0.0007100965461739}, "Onions; shallots; green": {"MDG": 0.0055884943000835}, "Onions; dry": {"MDG": 0.0451919343595335}, "Garlic": {"MDG": 0.0099393270429971}, "Leeks; other alliaceous vegetables": {"BEL": 1.224505381577845e-09, "ALB": 3.6107895728331515e-09, "DEU": 4.089199567798414e-09, "NLD": 4.6405304226562355e-09, "MKD": 3.6901922277781e-08, "ESP": 5.5074028434957146e-08}, "Beans; green": {"ESP": 1.675914261149903e-06, "GBR": 3.300826408996043e-06, "MAR": 3.4329170972431987e-06, "EGY": 3.7820032728151976e-06, "RWA": 2.023341347994489e-05, "TZA": 2.8484700641994875e-05, "GTM": 2.8590743700954843e-05, "KEN": 0.0002085615714693, "MDG": 0.0179075943250524}, "Peas; green": {"CAN": 9.457037712716385e-08, "PAK": 1.8628563783857608e-06, "KEN": 1.5904816412755358e-05, "MDG": 0.0371953334526076}, "Carrots and turnips": {"MDG": 0.0855293537795201}, "Maize; green": {"HUN": 6.255059836401942e-08, "USA": 8.26959297932926e-08, "FRA": 1.109152501070379e-06, "CHN": 2.113507433452931e-06, "THA": 2.0396538182595893e-05, "MUS": 0.0}, "Mushrooms and truffles": {"NLD": 1.6475126707926803e-10, "MDG": 0.0003920501094369}, "Vegetables; fresh nes": {"MDG": 1.1355412740609665}, "Bananas": {"MDG": 0.8709905414891747}, "Oranges": {"MDG": 0.2092808272803354}, "Tangerines; mandarins; clementines; satsumas": {"ISR": 6.276311356297886e-09, "FRA": 2.064054434647472e-08, "MAR": 4.3187477094961576e-08, "ESP": 2.472094057205536e-07, "ZAF": 1.3556069970999377e-06}, "Lemons and limes": {"MDG": 0.0202790360455477}, "Grapefruit (inc. pomelos)": {"MDG": 0.0252128430405613}, "Apples": {"EGY": 1.0538675008365129e-07, "ZAF": 1.570060713230182e-05, "MDG": 0.0815128786243985}, "Pears": {"ZAF": 2.122375110329558e-06, "MDG": 0.0158516175055771}, "Apricots": {"MDG": 0.0028471471820986}, "Peaches and nectarines": {"MDG": 0.0633271762126461}, "Plums and sloes": {"MDG": 0.0077217709159197}, "Grapes": {"ZAF": 2.754801586803044e-05, "MDG": 0.0263661663836217}, "Figs": {"TUR": 2.404522504514567e-07}, "Mangoes; mangosteens; guavas": {"MDG": 0.7809155623325545}, "Avocados": {"MDG": 0.0543823550379539}, "Pineapples": {"MDG": 0.2580837321014568}, "Dates": {"ARE": 3.4502090302182984e-10, "SAU": 2.690915326595e-09, "DZA": 2.5903688201651205e-07, "TUN": 9.8124178817255e-07}, "Kiwi fruit": {"ITA": 2.0228807735725066e-08, "GRC": 2.1179432490288242e-08, "FRA": 3.0136138388590205e-08, "NZL": 6.994594274475246e-08, "CHL": 3.512572344879763e-07}, "Fruit; tropical fresh nes": {"MDG": 0.6861557998617202}, "Coffee; green": {"MDG": 0.8270264148603164}, "Tea": {"IND": 4.139828187290109e-06, "CHN": 4.996310165905189e-06, "LKA": 3.23125170800971e-05, "MDG": 0.0077612416586046}, "Mat\u00e9": {"PRY": 9.006451101558181e-09, "ARG": 3.388625457698738e-08, "BRA": 1.0232819338256285e-07}, "Pepper (piper spp.)": {"MDG": 0.0556285389254846}, "Chillies and peppers; dry": {"MDG": 0.0443125475558226}, "Cinnamon (cannella)": {"MDG": 0.003214961261932}, "Cloves": {"COM": 0.0, "MDG": 0.2302607816778856}, "Nutmeg; mace and cardamoms": {"MDG": 0.0002714014717531}, "Anise; badian; fennel; coriander": {"IND": 7.493927738763477e-07, "MDG": 0.0004673359047694}, "Ginger": {"MDG": 5.920123853209422e-05}, "Spices nes": {"TUR": 2.504757065269485e-08, "PAK": 8.776480693214688e-08, "CHN": 1.8664784985441256e-07, "IND": 7.020882930292165e-07, "MDG": 0.0002747942978292}, "Meat; cattle": {"MUS": 0.0, "SEN": 9.75405448395854e-10, "DNK": 5.379464762542264e-12, "NLD": 1.4910252396045808e-12, "THA": 1.32106214644423e-10, "RUS": 4.714340409126341e-12, "BEL": 4.347183403905872e-12, "DEU": 5.944892280503311e-10, "SVK": 8.169077533062071e-13, "AUT": 2.2828180410021306e-11, "TUR": 1.79677900778078e-10, "HUN": 4.363377638957885e-12, "UKR": 7.617641618309032e-10, "HRV": 4.689395638076558e-11, "CAN": 1.2713769443932706e-10, "IRL": 5.351017529037612e-11,