{"Wheat": {"CAN": 1.911537897797012e-05, "ROU": 2.36225983629298e-05, "EGY": 7.420589514987237e-05, "FRA": 9.095599330747448e-05, "RUS": 0.0001583133436598, "UKR": 0.0001584013661195, "USA": 0.0006257407012562, "IND": 0.0021635371012504, "TUR": 0.0022973776945701, "AUS": 0.0055514432650107, "MDG": 0.0}, "Barley": {"GBR": 9.862368784219015e-07, "DEU": 3.672687345449548e-06, "BEL": 5.639934126430992e-06, "FRA": 7.269080890126305e-05}, "Maize": {"ZAF": 0.0005089283172006, "MDG": 0.4009103856532532}, "Oats": {"CAN": 3.324942373032411e-09, "GBR": 2.0808940217014254e-08, "FRA": 6.376500001063045e-08, "AUS": 2.1756289103208133e-06, "ZAF": 7.339046556398143e-06}, "Millet": {"IND": 2.1419481148108257e-06}, "Potatoes": {"MDG": 0.1915016077688421}, "Sweet potatoes": {"MDG": 0.5056658401197505}, "Cassava": {"MDG": 0.0134241636272644}, "Taro (cocoyam)": {"MDG": 0.0810695040408134}, "Beans; dry": {"MDG": 0.1462084204797551}, "Peas; dry": {"CAN": 1.7282593795906426e-06, "USA": 1.4033062230858346e-05, "MDG": 0.0692910475469961}, "Cow peas; dry": {"MDG": 0.0198718783557436}, "Lentils": {"MDG": 0.0052199320538153}, "Pulses nes": {"MDG": 0.028513210985308}, "Cashew nuts; with shell": {"MDG": 0.0886587930670985}, "Almonds; with shell": {"MKD": 6.018711006912888e-09, "CHN": 1.4656812768722672e-08, "ITA": 2.1281938358803843e-08, "AUS": 4.7484062269968654e-08, "TUR": 9.848411896840108e-08, "USA": 1.1929807667789976e-07, "ESP": 2.0959372441766797e-07, "TUN": 2.433249357112813e-06}, "Walnuts; with shell": {"ROU": 1.2456491491266646e-10, "FRA": 1.5744514710287102e-09, "DEU": 1.6366515952341623e-09, "UKR": 2.423707303969222e-09, "MDA": 2.522408950922281e-09, "BGR": 3.1107266534716702e-09, "PAK": 4.899323059374669e-09, "MKD": 7.921149738746348e-09, "USA": 1.4224698790472254e-08, "CHL": 1.7325709746566054e-08, "TUR": 6.486822382462895e-08}, "Pistachios": {"MDG": 0.0167414397893779}, "Hazelnuts; with shell": {"GEO": 6.9377599437485794e-09, "FRA": 8.148908350121168e-09, "ITA": 9.189613628558938e-09, "TUR": 1.5105108707721268e-07}, "Nuts nes": {"CHN": 7.416552749716597e-07, "MDG": 0.001219718343068}, "Soybeans": {"CHN": 7.659751346194104e-05, "USA": 0.0001572718271917, "BRA": 0.0003566758489585, "IND": 0.0003761764827004, "ARG": 0.0008982456243584}, "Groundnuts; with shell": {"MDG": 0.0386241572323578}, "Coconuts": {"IDN": 4.053602503758682e-05, "MYS": 4.184714617163174e-05, "MDG": 0.0565355099977793}, "Oil palm fruit": {"MYS": 0.0006572615515093, "IDN": 0.0014386759465709, "MDG": 0.0}, "Olives": {"GRC": 3.227516327192363e-06, "TUR": 4.42770885301999e-06, "MAR": 5.40408177143056e-06, "ITA": 7.918566969601206e-06, "ESP": 1.1113877385329466e-05, "TUN": 1.249934519234292e-05}, "Sunflower seed": {"EGY": 9.773520181473353e-09, "BGR": 2.9801317379251416e-06, "USA": 4.555996211667045e-06, "RUS": 1.1971446452849004e-05, "CHN": 1.2213799018886474e-05, "ESP": 2.602886752945877e-05, "UKR": 3.550469417685273e-05, "ARG": 4.369797701173515e-05, "UGA": 0.0002971637846449}, "Rapeseed": {"POL": 8.74213298952993e-09, "BGR": 1.0607422908489334e-08, "ROU": 1.5902352472404372e-08, "DEU": 2.846754792115725e-08, "UKR": 7.199812770436404e-08, "FRA": 1.6871621749510156e-07, "IND": 2.282453463405168e-06, "AUS": 2.9528572463909305e-06}, "Mustard seed": {"RUS": 2.894287547202581e-08, "DEU": 1.767306676433407e-07, "CZE": 2.0712757537805137e-07, "USA": 3.581623367751787e-07, "UKR": 4.183063142472899e-07, "FRA": 1.0031189156107329e-06, "CAN": 1.052476258800497e-06, "NPL": 7.865683715629853e-06}, "Oilseeds nes": {"FRA": 5.097052129952047e-07, "PRT": 5.297879460259419e-07, "ITA": 1.703991690387612e-06, "BRA": 3.7995610055977295e-06, "CHN": 5.778045939159499e-06, "ZAF": 1.040324376340595e-05, "IND": 1.1608685515565452e-05, "MYS": 1.538986321324025e-05, "ETH": 1.855555069968211e-05, "MDG": 0.0002907748422964}, "Cabbages and other brassicas": {"MDG": 0.0048909572568187}, "Lettuce and chicory": {"MDG": 0.0007431455219539}, "Tomatoes": {"MDG": 0.0293289764305717}, "Cauliflowers and broccoli": {"MDG": 0.0001601739547408}, "Cucumbers and gherkins": {"MDG": 0.0015874202205054}, "Eggplants (aubergines)": {"MDG": 0.0024894962802384}, "Chillies and peppers; green": {"MDG": 0.0001300850004104}, "Onions; shallots; green": {"MDG": 0.0010237752700492}, "Onions; dry": {"MDG": 0.0082788640944461}, "Garlic": {"MDG": 0.0018208191117596}, "Leeks; other alliaceous vegetables": {"BEL": 8.054575540805685e-10, "ALB": 1.919303531533936e-09, "NLD": 2.845738205843274e-09, "DEU": 3.0643613829682883e-09, "MKD": 1.3068992468227272e-08, "ESP": 3.3436735197650395e-08}, "Beans; green": {"ESP": 1.0174868800493772e-06, "MAR": 1.5283044948818998e-06, "GBR": 1.8789503288272631e-06, "EGY": 3.7820032728151976e-06, "TZA": 1.4035590737336484e-05, "RWA": 1.7539708203678745e-05, "GTM": 1.9463301077887627e-05, "KEN": 0.000110286468987, "MDG": 0.0032805530848959}, "Peas; green": {"CAN": 7.992402338299215e-08, "PAK": 1.747038595479891e-06, "KEN": 8.410399047590604e-06, "MDG": 0.0068139395882438}, "Carrots and turnips": {"MDG": 0.015668413093211}, "Maize; green": {"USA": 5.2561745133380464e-08, "HUN": 5.653544952732127e-08, "FRA": 1.5133765861604884e-07, "CHN": 1.09570641829487e-06, "THA": 1.9125791997756752e-05, "MUS": 0.0}, "Mushrooms and truffles": {"NLD": 1.0103133316389276e-10, "MDG": 7.182099240140549e-05}, "Vegetables; fresh nes": {"MDG": 0.2080236664975093}, "Bananas": {"MDG": 0.181304508500984}, "Oranges": {"MDG": 0.0368217609153227}, "Tangerines; mandarins; clementines; satsumas": {"FRA": 3.94622897071275e-09, "ISR": 5.691089782513823e-09, "MAR": 1.9933789830736732e-08, "ESP": 1.6212409789463912e-07, "ZAF": 3.954682864429257e-07}, "Lemons and limes": {"MDG": 0.0035679800513314}, "Grapefruit (inc. pomelos)": {"MDG": 0.0044360550868404}, "Apples": {"EGY": 1.0538675008365129e-07, "ZAF": 4.580304035025007e-06, "MDG": 0.0143417233543655}, "Pears": {"ZAF": 6.191558835759451e-07, "MDG": 0.0027890011593353}, "Apricots": {"MDG": 0.0005009392125994}, "Peaches and nectarines": {"MDG": 0.0111420533464398}, "Plums and sloes": {"MDG": 0.0013586012928361}, "Grapes": {"ZAF": 8.036522866537973e-06, "MDG": 0.0046389757124328}, "Figs": {"TUR": 1.785810798473984e-07}, "Mangoes; mangosteens; guavas": {"MDG": 0.1373976130777939}, "Avocados": {"MDG": 0.0095682633772152}, "Pineapples": {"MDG": 0.0454083520362067}, "Dates": {"ARE": 2.459434693176361e-10, "SAU": 1.038717025237098e-09, "DZA": 1.680813264566753e-07, "TUN": 7.916110693831358e-07}, "Kiwi fruit": {"FRA": 5.761674710617546e-09, "GRC": 9.704656310058132e-09, "NZL": 1.4596805263505022e-08, "ITA": 1.5259559041304732e-08, "CHL": 1.066957388802063e-07}, "Fruit; tropical fresh nes": {"MDG": 0.1207251765080551}, "Coffee; green": {"MDG": 0.270225597012828}, "Tea": {"CHN": 2.4771239152734773e-06, "IND": 3.853632619793223e-06, "LKA": 2.7434512360940714e-05, "MDG": 0.0025359361237712}, "Mat\u00e9": {"PRY": 3.012317991340635e-09, "ARG": 2.6482086681288613e-08, "BRA": 3.913636442543973e-08}, "Pepper (piper spp.)": {"MDG": 0.0118929675584677}, "Chillies and peppers; dry": {"MDG": 0.0081177662362209}, "Cinnamon (cannella)": {"MDG": 0.0006873347876546}, "Cloves": {"COM": 0.0, "MDG": 0.0492280412065246}, "Nutmeg; mace and cardamoms": {"MDG": 5.802361451923027e-05}, "Anise; badian; fennel; coriander": {"IND": 6.975173475912938e-07, "MDG": 9.991293788563202e-05}, "Ginger": {"MDG": 1.26567841414356e-05}, "Spices nes": {"TUR": 1.6731992636099583e-08, "CHN": 6.737477694521447e-08, "PAK": 8.238599376224477e-08, "IND": 6.534874380967054e-07, "MDG": 5.874897548025589e-05}, "Meat; cattle": {"MUS": 0.0, "SEN": 5.581373634686274e-10, "NLD": 9.871540760387601e-13, "DNK": 6.227328564455012e-12, "BEL": 2.889462935914038e-12, "RUS": 3.240773657169604e-12, "IRL": 1.2011948816448304e-11, "DEU": 5.264376756668098e-10, "SVK": 6.303814846152653e-13, "FRA": 3.4869872578967824e-09, "TUR": 1.247926734455735e-10, "THA": 1.2536133597842412e-10, "HUN": 3.943775483015124e-12, "GBR": 2.646699298506689e-11, "HRV": 3.026062872291822e-11,