{"Wheat": {"CAN": 3.4514961295158483e-06, "DEU": 1.2529027092611296e-05, "RUS": 1.347198404635273e-05, "USA": 2.7113364715039968e-05, "ARG": 3.3355346423633474e-05, "UKR": 4.053027870058805e-05, "MDA": 4.287337334882528e-05, "URY": 8.206427873336112e-05, "BRA": 0.0002406967690617, "AUS": 0.00064024026003, "ZAF": 0.0131106188031193}, "Barley": {"DNK": 2.883922573476985e-07, "CAN": 6.436477763499816e-07, "USA": 2.066874168903038e-06, "DEU": 3.4780443072045973e-06, "FRA": 4.285413232239104e-06, "AUS": 0.0001575973237851, "ZAF": 0.0006665196858648}, "Maize": {"ZAF": 0.0047406422946673, "SWZ": 0.0254321317700071}, "Oats": {"GBR": 5.804357110527945e-08, "AUS": 1.7848948422526783e-05, "ZAF": 8.419945558712647e-05}, "Potatoes": {"ZAF": 0.0002503341430161, "SWZ": 0.0027308073674271}, "Sweet potatoes": {"SWZ": 0.0009070263384876}, "Roots and tubers nes": {"SWZ": 0.0004073806890734}, "Beans; dry": {"CHN": 1.3660943074719667e-05, "KEN": 4.936289660275738e-05, "ETH": 9.484247092475953e-05, "ZAF": 0.0002641925115207, "SWZ": 0.0010781813096995}, "Peas; dry": {"GBR": 1.5168062356101608e-08, "CZE": 6.201653615635368e-08, "RUS": 1.591893276344473e-07, "NZL": 3.5921087607850386e-07, "CAN": 6.233596890923255e-07, "UKR": 1.123101738535599e-06, "USA": 1.28321807136447e-06, "ARG": 1.8000549817452363e-06, "MWI": 4.019250365866633e-06, "ZAF": 1.1821389550129912e-05}, "Cow peas; dry": {"SWZ": 0.0}, "Lentils": {"USA": 1.3426728507309694e-08, "CAN": 4.4478186484222686e-08, "AUS": 2.3015228812946982e-06}, "Pulses nes": {"SWZ": 0.0006005771064308}, "Brazil nuts; with shell": {"BOL": 2.653560366105186e-08, "BRA": 5.260711860193428e-08}, "Cashew nuts; with shell": {"BFA": 3.018406072531845e-09, "BEN": 8.954477728960009e-09, "GHA": 2.4636125081293084e-08, "IND": 3.1413499052045994e-08, "MOZ": 4.054050305225402e-08, "CIV": 1.6808872898759725e-07, "TZA": 1.7427536508484553e-07, "VNM": 5.693893460936338e-07}, "Almonds; with shell": {"SWZ": 0.0004252292342344}, "Soybeans": {"USA": 1.4017242303329723e-06, "BRA": 2.114180142198736e-05, "ARG": 6.545378234520178e-05, "ZAF": 0.001805065004032}, "Groundnuts; with shell": {"USA": 2.133508364231431e-06, "ARG": 4.3070306340626e-06, "MOZ": 2.683630332412276e-05, "ZAF": 5.230881692466064e-05, "SWZ": 0.0019393310248328}, "Coconuts": {"MOZ": 1.8439301133508093e-08, "IND": 2.511341898359024e-08, "IDN": 4.7754275919193494e-08, "PHL": 1.0663182656803497e-07, "SLB": 3.3212471738186145e-07}, "Oil palm fruit": {"IDN": 1.7364708644844802e-05, "MYS": 6.328029710718601e-05}, "Olives": {"PRT": 9.591057627977555e-07, "TUN": 1.355026445241065e-06, "GRC": 1.857142074895294e-06, "ITA": 4.515267753545651e-06, "ESP": 1.1269997856651896e-05}, "Sunflower seed": {"BGR": 6.914101822496087e-07, "UKR": 1.0778798321966965e-06, "ROU": 1.4064715828092947e-06, "MDA": 5.363484994406358e-06, "ARG": 2.235264730303952e-05, "TZA": 6.026633062274008e-05, "ZAF": 0.00148848750564}, "Rapeseed": {"ZAF": 9.195804761573222e-05}, "Sesame seed": {"NGA": 9.102468391889036e-09, "SDN": 2.5339802197942322e-08, "SOM": 8.669871250868749e-08, "MOZ": 1.062383922392009e-07, "MEX": 2.520668569464461e-07, "IND": 4.483300359752339e-07}, "Mustard seed": {"CZE": 6.996587527562436e-08, "DEU": 7.534781588308178e-08, "UKR": 1.583793066670385e-07, "FRA": 2.214076535588527e-07, "USA": 3.291862539213136e-07, "CAN": 8.571823437638215e-07, "NPL": 3.589846037719429e-06}, "Cabbages and other brassicas": {"ZAF": 8.449916512379375e-06}, "Artichokes": {"GRC": 3.992575462352117e-11, "ESP": 8.428397858470721e-10, "FRA": 8.526274916845427e-10, "ITA": 1.724446987818756e-09}, "Asparagus": {"NLD": 2.2189457873844558e-10, "DEU": 1.5773951152621902e-09, "THA": 3.499707998619286e-09, "KEN": 5.057407830975624e-08, "PER": 8.618093344940642e-08, "ZAF": 5.731303163589221e-07}, "Lettuce and chicory": {"ZAF": 5.942381574628555e-06}, "Spinach": {"KEN": 1.5960071435540275e-06}, "Tomatoes": {"CHN": 3.873067106704576e-07, "ZAF": 1.8863638983347973e-05, "SWZ": 0.0002668311852421}, "Cauliflowers and broccoli": {"ZAF": 7.951119543310562e-06}, "Pumpkins; squash and gourds": {"ZAF": 6.730916487101439e-05}, "Cucumbers and gherkins": {"ZAF": 1.070685167763338e-05}, "Chillies and peppers; green": {"NLD": 1.1616891717917114e-09, "ZWE": 9.945283870523837e-08, "ZAF": 1.97186852761248e-05}, "Onions; dry": {"ZAF": 0.0002126483639549}, "Garlic": {"ITA": 1.8860461640223503e-08, "IND": 2.428821586609589e-08, "CHN": 1.2150620053461518e-07, "ARG": 1.546155543744981e-07, "ESP": 1.821986425180518e-07}, "Leeks; other alliaceous vegetables": {"NLD": 3.7360018204065556e-10, "CHN": 2.9223274451488143e-08}, "Beans; green": {"ZAF": 1.5216516656524476e-05}, "Carrots and turnips": {"ZAF": 0.0001131896000069}, "Mushrooms and truffles": {"CHN": 5.744210092166579e-09, "ZAF": 5.709421082793638e-07}, "Vegetables; fresh nes": {"IND": 6.39853793608763e-06, "CHN": 1.1509586806367416e-05, "ZAF": 0.0004938861646961, "SWZ": 0.0006223823654018}, "Bananas": {"ZAF": 1.7591557332588072e-06, "SWZ": 0.000128547941752}, "Oranges": {"ZAF": 8.358293612252219e-05, "SWZ": 0.0023641411762831}, "Tangerines; mandarins; clementines; satsumas": {"ZAF": 2.533267097268819e-07, "SWZ": 0.0001021049542705}, "Lemons and limes": {"ZAF": 9.007353189520757e-08}, "Grapefruit (inc. pomelos)": {"ZAF": 7.968555300597153e-05, "SWZ": 0.0006435415557193}, "Fruit; citrus nes": {"SWZ": 7.35019446319946e-06}, "Apples": {"CHN": 2.8873532340955483e-06, "ZAF": 8.492364474524808e-05}, "Pears": {"ZAF": 1.5093182904516424e-05}, "Apricots": {"TUR": 1.2189154550464228e-08, "ZAF": 8.520771983727719e-07}, "Cherries; sour": {"TUR": 2.7297641221502145e-08}, "Cherries": {"TUR": 8.778559390613387e-10, "ZAF": 9.905311830535943e-07}, "Peaches and nectarines": {"ZAF": 1.20714151329041e-05}, "Plums and sloes": {"ZAF": 3.3448161425950856e-06, "SWZ": 6.1003416593291146e-05}, "Strawberries": {"EGY": 9.93365913939326e-10, "ZWE": 7.307253901812169e-08, "ZAF": 1.2915285191238276e-06}, "Grapes": {"ESP": 7.539996589176424e-07, "PRT": 3.9058693787039215e-06, "ZAF": 6.91772303064472e-05}, "Watermelons": {"ZAF": 1.1773874790027237e-05}, "Melons; other (inc.cantaloupes)": {"NAM": 3.452456421090694e-09, "ZAF": 2.7098368667692067e-06}, "Figs": {"TUR": 1.4463529940530982e-08, "ZAF": 3.015651854797871e-07}, "Mangoes; mangosteens; guavas": {"IND": 6.874031580347058e-08, "SWZ": 6.646370665096018e-05}, "Avocados": {"ZAF": 1.6166798824486304e-06, "SWZ": 3.976027540112061e-05}, "Pineapples": {"SWZ": 9.758241835197467e-05}, "Dates": {"SWZ": 5.580319785336791e-05}, "Kiwi fruit": {"FRA": 3.443981936318339e-09, "ITA": 9.18950705428202e-09, "GRC": 1.1860607631512382e-08, "CHL": 1.3386161782912492e-08, "NZL": 2.9788079945902723e-08}, "Coffee; green": {"BRA": 6.5628403074773554e-06, "VNM": 9.54596239344744e-06, "RWA": 1.3075012392843515e-05, "GTM": 1.7355946395779936e-05, "IDN": 1.814860049386607e-05, "IND": 1.9276528607205103e-05, "TZA": 0.0002578742399123}, "Tea": {"ZAF": 2.1822953719898428e-08, "CHN": 3.8522255035825884e-06, "ZWE": 4.030804715958682e-06, "KEN": 5.53152312650604e-06, "TZA": 7.658709004873661e-06, "MWI": 2.1136329336152464e-05, "LKA": 0.0001375557546741}, "Pepper (piper spp.)": {"BRA": 9.038741873734944e-08, "MYS": 1.299722004370211e-07, "CHN": 2.3224479147220529e-07, "MWI": 5.156459288299089e-07, "ETH": 6.050957976481938e-07, "IND": 6.281857476578652e-07, "LKA": 1.3163026904594112e-06, "IDN": 1.571132271489715e-06, "VNM": 4.311965196205923e-06}, "Chillies and peppers; dry": {"CHN": 6.614866197054578e-09, "MWI": 2.0370683576467412e-08, "IND": 2.710332898011684e-08, "ZAF": 9.287866381523775e-07}, "Vanilla": {"UGA": 5.40563262406185e-07, "MDG": 0.000673009432075}, "Cinnamon (cannella)": {"CHN": 1.6102592242895565e-07, "IDN": 9.627083681039894e-07, "VNM": 1.5105306010790785e-06}, "Nutmeg; mace and cardamoms": {"IDN": 2.3076779697408324e-08, "LKA": 2.336358690536424e-08, "NPL": 2.7250639472284532e-08, "GTM": 8.550916480082833e-08, "IND": 9.706668019918865e-08}, "Ginger": {"THA": 4.0941791543041015e-08, "IND": 5.223291937795709e-08,