{"Wheat": {"CAN": 4.1654853517703655e-06, "DEU": 1.7184402997343236e-05, "RUS": 1.9238058876448487e-05, "UKR": 5.014994170347817e-05, "MDA": 5.05119548346413e-05, "USA": 5.0639819395692405e-05, "ARG": 5.939924462302525e-05, "URY": 0.0003316520717157, "BRA": 0.0006353576513554, "AUS": 0.0011480919410517, "ZAF": 0.026357844369468}, "Barley": {"DNK": 3.041025215090551e-07, "CAN": 7.687904457484038e-07, "DEU": 4.775540256880316e-06, "USA": 6.427190056677012e-06, "FRA": 1.2518170648759749e-05, "AUS": 0.0002770824746525, "ZAF": 0.0025700490500937}, "Maize": {"ZAF": 0.0122598575027625, "SWZ": 0.1398159086828651}, "Oats": {"GBR": 1.2903267950882269e-07, "AUS": 3.306118481004785e-05, "ZAF": 0.000247553924267}, "Potatoes": {"ZAF": 0.0007845486185433, "SWZ": 0.0151854776271957}, "Sweet potatoes": {"SWZ": 0.0050437933977595}, "Roots and tubers nes": {"SWZ": 0.0001611795141178}, "Beans; dry": {"CHN": 2.818601832209696e-05, "KEN": 9.11419383217108e-05, "ETH": 0.0001369867282517, "ZAF": 0.0008942643145764, "SWZ": 0.0066256760297699}, "Peas; dry": {"GBR": 2.5137796408889053e-08, "CZE": 8.095942243847515e-08, "RUS": 2.274018483827877e-07, "CAN": 7.252823736087234e-07, "UKR": 1.377217010352093e-06, "NZL": 1.615524460264498e-06, "USA": 2.7869491513065743e-06, "ARG": 3.4561715328821125e-06, "MWI": 5.971232767260898e-06, "ZAF": 4.001418042674525e-05}, "Cow peas; dry": {"SWZ": 0.0}, "Lentils": {"USA": 2.9160756424261986e-08, "CAN": 5.175061081357568e-08, "AUS": 4.783701710813481e-06}, "Pulses nes": {"SWZ": 0.0036906866241411}, "Brazil nuts; with shell": {"BRA": 1.3826770751123952e-07, "BOL": 2.619298180929903e-07}, "Cashew nuts; with shell": {"BFA": 5.909285595557765e-09, "BEN": 1.058432992111078e-08, "IND": 3.3862449116157244e-08, "GHA": 4.6500514899645576e-08, "MOZ": 1.701806728209254e-07, "TZA": 3.6009540161601217e-07, "CIV": 4.0022253854619137e-07, "VNM": 6.025433105098957e-07}, "Almonds; with shell": {"SWZ": 0.0020510889273308}, "Soybeans": {"USA": 2.093470085115872e-06, "BRA": 5.686001288575255e-05, "ARG": 9.969885425917648e-05, "ZAF": 0.004773538130897}, "Groundnuts; with shell": {"USA": 2.5712685229229464e-06, "ARG": 6.309951407213334e-06, "MOZ": 9.729690998640652e-05, "ZAF": 0.000182963693751, "SWZ": 0.0111202095417334}, "Coconuts": {"IND": 2.7071224095590666e-08, "IDN": 6.130931586592267e-08, "MOZ": 7.740438418347616e-08, "PHL": 1.1869554823179705e-07, "SLB": 3.941923939022076e-07}, "Oil palm fruit": {"IDN": 2.208762304037388e-05, "MYS": 6.74991101427244e-05}, "Olives": {"TUN": 1.6799201909846474e-06, "PRT": 1.919803329157681e-06, "GRC": 4.5203492062585625e-06, "ITA": 6.472091137677311e-06, "ESP": 1.6485510082382666e-05}, "Sunflower seed": {"BGR": 9.924004652383607e-07, "UKR": 1.325645383892748e-06, "ROU": 1.851704005114576e-06, "MDA": 6.303684103654553e-06, "ARG": 3.961590326259885e-05, "TZA": 0.0001316676606048, "ZAF": 0.004003957406863}, "Rapeseed": {"ZAF": 0.0002558951283685}, "Sesame seed": {"NGA": 1.5319508758312168e-08, "SDN": 3.251227675299095e-08, "SOM": 3.260260256491978e-07, "MEX": 3.915934313329902e-07, "MOZ": 4.008375362411824e-07, "IND": 4.816730228026186e-07}, "Mustard seed": {"CZE": 9.150423600877409e-08, "DEU": 1.0263529454869338e-07, "UKR": 1.945083125735012e-07, "USA": 6.403290768312428e-07, "CAN": 1.0227356696522764e-06, "FRA": 1.1379241435805114e-06, "NPL": 5.624520222761638e-06}, "Cabbages and other brassicas": {"ZAF": 2.6958141950104647e-05}, "Artichokes": {"GRC": 8.473380840723274e-11, "ESP": 1.388251037592829e-09, "ITA": 2.3000246316466633e-09, "FRA": 5.167341503430669e-09}, "Asparagus": {"NLD": 3.618423301004647e-10, "DEU": 2.104935618699587e-09, "THA": 3.697233180016139e-09, "KEN": 9.564010294986189e-08, "PER": 2.2960673638729305e-07, "ZAF": 1.8284829680478768e-06}, "Lettuce and chicory": {"ZAF": 1.895824246024582e-05}, "Spinach": {"KEN": 3.018192177093537e-06}, "Tomatoes": {"CHN": 7.038930318634841e-07, "ZAF": 6.0181500806974e-05, "SWZ": 0.0007267374103701}, "Cauliflowers and broccoli": {"ZAF": 2.5366807943817214e-05}, "Pumpkins; squash and gourds": {"ZAF": 0.0002147394022742}, "Cucumbers and gherkins": {"ZAF": 3.4158541914762746e-05}, "Chillies and peppers; green": {"NLD": 1.894360462357534e-09, "ZWE": 2.871911097257492e-07, "ZAF": 6.290939276908023e-05}, "Onions; dry": {"ZAF": 0.0006784214699112}, "Garlic": {"ITA": 2.515561605730288e-08, "IND": 2.5846487397013397e-08, "CHN": 2.2082593853452317e-07, "ESP": 3.001014650364219e-07, "ARG": 3.05726267121366e-07}, "Leeks; other alliaceous vegetables": {"NLD": 6.092278647100017e-10, "CHN": 5.3110516001719526e-08}, "Beans; green": {"ZAF": 4.854592532503136e-05}, "Carrots and turnips": {"ZAF": 0.0003611137813957}, "Mushrooms and truffles": {"CHN": 1.0439554353284195e-08, "ZAF": 1.8215018311409408e-06}, "Vegetables; fresh nes": {"IND": 6.809052218415756e-06, "CHN": 2.091757702469335e-05, "ZAF": 0.0015756668501476, "SWZ": 0.0016951112670048}, "Bananas": {"ZAF": 5.291773862009263e-06, "SWZ": 0.0006402964324711}, "Oranges": {"ZAF": 0.0002865099855793, "SWZ": 0.0114034111461098}, "Tangerines; mandarins; clementines; satsumas": {"ZAF": 8.6836662263594e-07, "SWZ": 0.0004925022182612}, "Lemons and limes": {"ZAF": 3.087587912267903e-07}, "Grapefruit (inc. pomelos)": {"ZAF": 0.0002731503306985, "SWZ": 0.0031041162106114}, "Fruit; citrus nes": {"SWZ": 2.908092612206591e-06}, "Apples": {"CHN": 6.794115418528146e-06, "ZAF": 0.0002911057371284}, "Pears": {"ZAF": 5.1737206383613497e-05}, "Apricots": {"TUR": 1.6412206966517772e-08, "ZAF": 2.920795046735419e-06}, "Cherries; sour": {"TUR": 3.675517736445284e-08}, "Cherries": {"TUR": 1.1819977586643027e-09, "ZAF": 3.3953948992239144e-06}, "Peaches and nectarines": {"ZAF": 4.13790318466524e-05}, "Plums and sloes": {"ZAF": 1.146553673797332e-05, "SWZ": 0.0002942493653549}, "Strawberries": {"EGY": 9.93365913939326e-10, "ZWE": 1.755198159337643e-07, "ZAF": 4.427169402700155e-06}, "Grapes": {"ESP": 1.1497106846859063e-06, "PRT": 7.696442333655968e-06, "ZAF": 0.0002371293493263}, "Watermelons": {"ZAF": 4.035910740631019e-05}, "Melons; other (inc.cantaloupes)": {"NAM": 2.460862867379725e-08, "ZAF": 9.28892137125101e-06}, "Figs": {"TUR": 1.947456206807881e-08, "ZAF": 1.0337210075557824e-06}, "Mangoes; mangosteens; guavas": {"IND": 7.409920945982602e-08, "SWZ": 0.000320587019438}, "Avocados": {"ZAF": 5.54174035149683e-06, "SWZ": 0.0001917832878298}, "Pineapples": {"SWZ": 0.0004706878118204}, "Dates": {"SWZ": 0.0002691661626528}, "Kiwi fruit": {"ITA": 1.2182053942973302e-08, "FRA": 1.80135674874936e-08, "GRC": 2.5884578556899898e-08, "CHL": 4.406910920363634e-08, "NZL": 1.427405036074251e-07}, "Coffee; green": {"VNM": 9.996180147469205e-06, "RWA": 1.5281527375932368e-05, "BRA": 1.715958040512025e-05, "IND": 2.070812772118734e-05, "IDN": 2.2767016393683463e-05, "GTM": 2.739590649283812e-05, "TZA": 0.0005654232089343}, "Tea": {"ZAF": 2.905861741297689e-07, "CHN": 7.769862995644301e-06, "KEN": 9.615098499468253e-06, "ZWE": 9.920395944745047e-06, "TZA": 1.6792727429085966e-05, "MWI": 2.888366654510317e-05, "LKA": 0.0001620139120352}, "Pepper (piper spp.)": {"MYS": 1.379460474577624e-07, "BRA": 2.486386945889752e-07, "CHN": 6.433860404973477e-07, "IND": 6.749048773805593e-07, "ETH": 8.822886178163478e-07, "MWI": 1.0136354074926243e-06, "LKA": 1.5927550763003129e-06, "IDN": 2.0088588210843268e-06, "VNM": 4.539868555418311e-06}, "Chillies and peppers; dry": {"CHN": 1.2021888840386621e-08, "IND": 2.8842211167909087e-08, "MWI": 2.987483897370723e-08, "ZAF": 2.963149043661005e-06}, "Vanilla": {"UGA": 7.434787978739269e-07, "MDG": 0.0031479553950983}, "Cinnamon (cannella)": {"CHN": 4.460889305299997e-07, "IDN": 1.230924494704491e-06, "VNM": 1.5903677478357215e-06}, "Nutmeg; mace and cardamoms": {"LKA": 2.8270451708272853e-08, "IDN": 2.9506104163593263e-08, "NPL": 4.269591820501079e-08, "IND": 1.0428567687474997e-07, "GTM": 1.3986686863628105e-07}, "Ginger": {"THA": 4.28656537128253e-08, "IND": 5.61175610549008e-08, "NGA": 4.92737220193301e-07, "CHN": 8.738199349236867e-07},