{"Wheat": {"RUS": 7.57431754818881e-05, "KAZ": 0.0022264178914437, "KGZ": 0.0066489513729252}, "Barley": {"BLR": 8.374693998644205e-07, "KGZ": 0.0001412958393336}, "Maize": {"KGZ": 0.0007984266990859}, "Oats": {"KAZ": 1.6390564268716504e-07, "RUS": 1.3231585679245024e-06, "KGZ": 0.0}, "Potatoes": {"KGZ": 0.0021253491120732}, "Roots and tubers nes": {"CIV": 5.888123333751938e-09, "COL": 1.3832786417305168e-08, "ESP": 1.4241289913271866e-08, "THA": 4.1915860691473545e-08, "CHN": 6.638230398781814e-08, "FRA": 9.968902939290305e-08, "TGO": 1.1084231500718047e-07, "CRI": 1.6285150446101926e-07}, "Beans; dry": {"KGZ": 0.0003729621989432}, "Peas; dry": {"RUS": 1.2819162697429392e-05, "USA": 1.5317648092641625e-05, "KAZ": 3.2263637323510446e-05, "KGZ": 0.0001218113228343}, "Lentils": {"RUS": 2.3695138588763577e-06, "CAN": 7.328912668556575e-06, "TUR": 0.0001281224741363}, "Almonds; with shell": {"KGZ": 1.7582180284106924e-05}, "Pistachios": {"KGZ": 2.520592341762918e-05}, "Hazelnuts; with shell": {"KGZ": 0.0002007611106461}, "Nuts nes": {"RUS": 1.4995562760129782e-06, "IRN": 6.922852175987116e-06, "TUR": 4.151496793635876e-05, "KGZ": 0.0001004370333685}, "Soybeans": {"UKR": 5.38236066431538e-08, "USA": 8.799088655394703e-08, "RUS": 1.694271152201096e-07, "KAZ": 2.789370431315387e-07, "ARG": 3.318513393413277e-07, "BRA": 7.387038245150063e-07, "PRY": 2.181113625609309e-06, "KGZ": 0.0}, "Groundnuts; with shell": {"USA": 1.5421912683159364e-06, "ARG": 5.011633558985039e-06, "IND": 9.896574649935462e-06, "KGZ": 1.0257435624943994e-05, "CHN": 1.7988423793189175e-05}, "Coconuts": {"MYS": 2.431079394945225e-05, "PHL": 2.9345435202106308e-05, "IDN": 3.286663885920967e-05}, "Olives": {"GRC": 5.942291673076669e-07, "ITA": 2.1358327789570414e-06, "TUR": 3.875563495969972e-06, "ESP": 1.3719078850972808e-05}, "Sunflower seed": {"UKR": 1.744837913965659e-05, "KAZ": 2.0656099811526767e-05, "RUS": 9.16470896063274e-05, "KGZ": 0.0003013565426087}, "Rapeseed": {"RUS": 1.8167763078544083e-08, "KAZ": 1.6643301412636929e-07}, "Mustard seed": {"KAZ": 2.1198749274361418e-07, "UKR": 4.102593002944792e-07, "RUS": 4.382568269334554e-07, "KGZ": 1.1052816406046682e-06}, "Cabbages and other brassicas": {"KGZ": 0.0002638695178482}, "Lettuce and chicory": {"KGZ": 9.935009085196829e-06}, "Tomatoes": {"CHN": 1.2636122506057028e-05, "KGZ": 0.0006436681440166}, "Cauliflowers and broccoli": {"KGZ": 1.618204540486408e-05}, "Pumpkins; squash and gourds": {"KGZ": 1.4876603759218537e-05}, "Cucumbers and gherkins": {"KGZ": 0.0003633007435864}, "Eggplants (aubergines)": {"KGZ": 2.04219814067466e-05}, "Chillies and peppers; green": {"CHN": 1.7808326431593452e-06, "KGZ": 2.966653625417442e-05}, "Onions; dry": {"KGZ": 0.000495406349412}, "Garlic": {"KGZ": 0.0002030961859221}, "Beans; green": {"KGZ": 7.520442699529265e-05}, "Peas; green": {"KGZ": 5.724626097511424e-06}, "Vegetables; leguminous nes": {"KGZ": 2.387864877470947e-05}, "Carrots and turnips": {"KGZ": 0.0003843063199663}, "Maize; green": {"KAZ": 3.460413043806544e-09, "USA": 6.299396304336218e-08, "HUN": 9.187562275589142e-08, "MDA": 1.4812329842840817e-07, "THA": 8.549071291448397e-07, "CHN": 1.8875775076648385e-06}, "Mushrooms and truffles": {"KGZ": 2.830567737389871e-08, "CHN": 8.084923025233569e-08}, "Vegetables; fresh nes": {"CHN": 2.1764384969734744e-05, "KGZ": 0.0003655760774285}, "Bananas": {"ECU": 0.000997919752697}, "Oranges": {"GRC": 1.241256446544251e-07, "EGY": 2.909865498190189e-07, "MAR": 5.405041381726148e-07, "ESP": 7.278398408164457e-07, "CHN": 7.35063358909877e-07, "BRA": 1.7546283177168489e-06, "ZAF": 1.9583911537596977e-06, "TUR": 1.9635851962072683e-06}, "Tangerines; mandarins; clementines; satsumas": {"CHN": 0.0001071007725973}, "Lemons and limes": {"ARG": 1.7149823106234285e-07, "ESP": 5.468926794882742e-07, "CHN": 8.962455680310929e-07, "TUR": 5.421868694728382e-06}, "Grapefruit (inc. pomelos)": {"ISR": 1.3646784190849235e-08, "ESP": 4.571831870971618e-08, "USA": 4.6149014330098655e-08, "CHN": 3.029273445311497e-07, "TUR": 7.290950365893557e-07, "ZAF": 8.262014787450386e-07}, "Fruit; citrus nes": {"KGZ": 1.969259239541377e-07}, "Apples": {"CHN": 5.707344427139086e-05, "KGZ": 0.0005593264079493}, "Pears": {"CHN": 2.2487364308405407e-05, "KGZ": 0.0003407797500427}, "Quinces": {"KGZ": 1.133526749032175e-05}, "Apricots": {"KGZ": 6.290187001331291e-05}, "Peaches and nectarines": {"CHN": 2.0800781328271693e-06, "KGZ": 0.0001088644685437}, "Plums and sloes": {"KGZ": 5.197557153284611e-05}, "Strawberries": {"KGZ": 1.0380992158111252e-05}, "Raspberries": {"KGZ": 1.718098128921095e-05}, "Gooseberries": {"KGZ": 6.194312918833915e-07}, "Currants": {"KGZ": 7.523336644184772e-07}, "Berries nes": {"KGZ": 2.5314592848892413e-05}, "Grapes": {"ITA": 4.275408354707895e-06, "MDA": 7.685441332919891e-06, "KGZ": 0.0002678538285106}, "Watermelons": {"KGZ": 0.0002117797517084}, "Melons; other (inc.cantaloupes)": {"KAZ": 9.663242667146035e-06}, "Figs": {"TUR": 1.999388052818191e-05}, "Mangoes; mangosteens; guavas": {"ISR": 1.1757484339995137e-08, "MLI": 2.5945914541655373e-08, "IND": 1.088988771217615e-07, "SEN": 1.1134354085419765e-07, "PAK": 1.5750267438361726e-07, "MEX": 8.001267943479993e-07, "DOM": 2.19236976243181e-06, "ECU": 2.256136481232049e-06, "BRA": 3.1101325619104646e-06, "CRI": 5.281232849777104e-06, "PER": 8.865309074193745e-06, "CIV": 1.1337038183699788e-05}, "Avocados": {"ISR": 1.1310571878334495e-09, "BRA": 2.584956065090622e-09, "MEX": 4.7646959980532725e-09, "ESP": 7.025389631284118e-09, "KEN": 1.206694602288962e-08, "ZAF": 9.072976280891489e-08, "PER": 1.1211939831304801e-07, "CHL": 1.607180519394455e-07}, "Pineapples": {"IDN": 3.2469967148430115e-08, "PHL": 4.252172159921245e-07, "PAN": 5.466998454942401e-07, "VNM": 8.267910952370712e-07, "CHN": 2.426589349467216e-06, "THA": 3.1670375390973828e-06, "CRI": 8.566287737250917e-06}, "Kiwi fruit": {"NZL": 6.457866044729897e-08, "GRC": 1.2334377878240892e-07, "ITA": 9.34072310612207e-07, "CHL": 1.4696040733996265e-06, "KGZ": 2.4268748201782366e-06}, "Fruit; fresh nes": {"TUR": 1.5074011214427684e-06, "KGZ": 2.7440892949079507e-05}, "Coffee; green": {"MYS": 6.677524706326958e-06, "PER": 2.4463862093998432e-05, "HND": 2.50869167626868e-05, "IND": 4.977666953634047e-05, "VNM": 7.15759029545511e-05, "COL": 7.921859182718222e-05, "UGA": 8.799661034051604e-05, "BRA": 0.0001116977763581, "IDN": 0.0001537413376691}, "Cocoa; beans": {"CMR": 7.45893605423188e-05, "NGA": 0.0001588214789668, "IDN": 0.0001780890978606, "ECU": 0.0002377219767099, "GHA": 0.0007600756682991, "CIV": 0.0013951832740949}, "Tea": {"VNM": 4.271819007725622e-05, "IDN": 4.492277332484847e-05, "KEN": 0.000233817191909, "IND": 0.0003792107125992, "CHN": 0.0005476108327296, "LKA": 0.0102800244061524}, "Pepper (piper spp.)": {"KGZ": 2.37242810058365e-06, "VNM": 3.242853790584128e-06}, "Chillies and peppers; dry": {"KGZ": 3.424576580887149e-05}, "Vanilla": {"TUR": 5.411673577244375e-06, "MDG": 1.9567419454021068e-05}, "Anise; badian; fennel; coriander": {"CHN": 2.2777661258883207e-05}, "Spices nes": {"IND": 1.0038493773547214e-06, "KGZ": 1.51903954950381e-06}, "Meat; cattle": {"EST": 2.8209175138219345e-11, "IRL": 2.6094744805561274e-10, "POL": 9.473645811781948e-08, "SWE": 3.34341496093623e-11, "NLD": 1.0095375939282927e-11, "MNG": 4.525580874396963e-10, "DEU": 5.270065318061908e-09, "FJI": 1.713225904964819e-10, "LVA": 9.47175925275335e-11, "SRB": 1.752533255774644e-10, "LTU": 1.2311069645567477e-08, "USA": 1.1154240122376232e-05, "HRV": 1.1902608586259737e-10, "SVK": 1.1263024235422564e-10, "UKR": 1.188610723825574e-07, "THA": 1.504023924799349e-06, "ROU": 3.417250340687052e-10, "CZE": 2.2592832564703574e-10, "BEL": 7.955717862282693e-11, "GBR": 7.424441480763043e-10, "ITA": 5.756953830904185e-09, "BGR": 5.87144481845237e-10, "FRA": 5.43320709745501e-09, "HUN": 3.560722611433145e-10, "DNK": 5.633701360758802e-10, "ARG": 2.5782298035628576e-06, "RUS": 2.198611809591286e-06, "IDN": 4.410116005835617e-07,