{"Wheat": {"RUS": 0.0001081616237367, "KAZ": 0.0051296727933145, "KGZ": 0.0140387916140925}, "Barley": {"BLR": 1.2469678256106302e-06, "KGZ": 0.0003318262150939}, "Maize": {"KGZ": 0.0015914522776398}, "Oats": {"KAZ": 4.323378306281743e-07, "RUS": 1.9119735675445626e-06, "KGZ": 0.0}, "Potatoes": {"KGZ": 0.0043780293476536}, "Roots and tubers nes": {"CIV": 2.329626522451449e-09, "COL": 5.472919687744758e-09, "ESP": 5.6345434386032095e-09, "THA": 1.6583942835996098e-08, "CHN": 2.626405175737285e-08, "FRA": 3.944180407022247e-08, "TGO": 4.385458357681957e-08, "CRI": 6.443193569652461e-08}, "Beans; dry": {"KGZ": 0.0007977042245469}, "Peas; dry": {"RUS": 1.8312165365816404e-05, "USA": 3.3267538312025e-05, "KAZ": 6.746654229418026e-05, "KGZ": 0.0002605341964893}, "Lentils": {"RUS": 3.3848489674788773e-06, "CAN": 8.527229574247421e-06, "TUR": 0.0001810782827134}, "Almonds; with shell": {"KGZ": 5.577682636086228e-05}, "Pistachios": {"KGZ": 7.996200647545047e-05}, "Hazelnuts; with shell": {"KGZ": 0.0006368844720951}, "Nuts nes": {"RUS": 2.157057484820472e-06, "IRN": 1.3579676469726148e-05, "TUR": 5.589823667909105e-05, "KGZ": 0.0003186214041647}, "Soybeans": {"UKR": 6.636043573714304e-08, "USA": 1.3141407188185318e-07, "RUS": 2.542506265211294e-07, "ARG": 5.054742007453892e-07, "KAZ": 6.282484682208844e-07, "BRA": 1.9867138160230458e-06, "PRY": 5.711291675101714e-06, "KGZ": 0.0}, "Groundnuts; with shell": {"USA": 1.8586230694135871e-06, "ARG": 7.342219481296493e-06, "IND": 1.053231820067031e-05, "KGZ": 1.2150076897914288e-05, "CHN": 3.756097755069625e-05}, "Coconuts": {"MYS": 2.5822858019539405e-05, "PHL": 3.266541173982698e-05, "IDN": 4.219582654085658e-05}, "Olives": {"GRC": 1.4463747179527678e-06, "ITA": 3.061458401751193e-06, "TUR": 5.567134743986773e-06, "ESP": 2.0067973001895908e-05}, "Sunflower seed": {"UKR": 2.1459129832457376e-05, "KAZ": 4.633276981102959e-05, "RUS": 0.0001266447902657, "KGZ": 0.0005570288803262}, "Rapeseed": {"RUS": 2.702654570727185e-08, "KAZ": 4.080379556451525e-07}, "Mustard seed": {"UKR": 5.038464045408778e-07, "KAZ": 6.244632148044452e-07, "RUS": 7.292867994966699e-07, "KGZ": 1.1605245900588328e-05}, "Cabbages and other brassicas": {"KGZ": 0.0005268493829713}, "Lettuce and chicory": {"KGZ": 1.983652166052659e-05}, "Tomatoes": {"CHN": 2.296494828708201e-05, "KGZ": 0.0012851661202808}, "Cauliflowers and broccoli": {"KGZ": 3.230953202282368e-05}, "Pumpkins; squash and gourds": {"KGZ": 2.9703050110392866e-05}, "Cucumbers and gherkins": {"KGZ": 0.0007253765957976}, "Eggplants (aubergines)": {"KGZ": 4.077510881488786e-05}, "Chillies and peppers; green": {"CHN": 3.236493595127651e-06, "KGZ": 5.9233049909895424e-05}, "Onions; dry": {"KGZ": 0.000989142405065}, "Garlic": {"KGZ": 0.0004055076202414}, "Beans; green": {"KGZ": 0.0001501552975208}, "Peas; green": {"KGZ": 1.1429951257004958e-05}, "Vegetables; leguminous nes": {"KGZ": 4.7676789178723424e-05}, "Carrots and turnips": {"KGZ": 0.0007673169269315}, "Maize; green": {"KAZ": 7.62260966888498e-09, "USA": 9.910904464864968e-08, "HUN": 1.0165082663171716e-07, "MDA": 1.744055157014265e-07, "THA": 9.117084356151812e-07, "CHN": 3.6409470886156535e-06}, "Mushrooms and truffles": {"KGZ": 5.651592037090676e-08, "CHN": 1.469357701229377e-07}, "Vegetables; fresh nes": {"CHN": 3.955469528651051e-05, "KGZ": 0.0007299195920502}, "Bananas": {"ECU": 0.0018540506633546}, "Oranges": {"GRC": 2.708916861432012e-07, "EGY": 2.909865498190189e-07, "ESP": 1.1098217775429516e-06, "MAR": 1.1710271998086484e-06, "CHN": 1.729648191773483e-06, "TUR": 2.643888589903614e-06, "BRA": 4.611703538845619e-06, "ZAF": 6.713076224073938e-06}, "Tangerines; mandarins; clementines; satsumas": {"CHN": 0.0002520145446174}, "Lemons and limes": {"ARG": 3.421957000339673e-07, "ESP": 8.33910665008474e-07, "CHN": 2.108919601745569e-06, "TUR": 7.300328402167707e-06}, "Grapefruit (inc. pomelos)": {"ISR": 1.5050099342509453e-08, "ESP": 6.971202027052587e-08, "USA": 1.0707510802640482e-07, "CHN": 7.12806219159247e-07, "TUR": 9.816971791788151e-07, "ZAF": 2.8320968937233094e-06}, "Fruit; citrus nes": {"KGZ": 7.791342494001225e-08}, "Apples": {"CHN": 0.0001342972391233, "KGZ": 0.0017743790264416}, "Pears": {"CHN": 5.291411759588707e-05, "KGZ": 0.0010810725767961}, "Quinces": {"KGZ": 3.595943371898589e-05}, "Apricots": {"KGZ": 0.0001995467356615}, "Peaches and nectarines": {"CHN": 4.894548663842714e-06, "KGZ": 0.0003453561765784}, "Plums and sloes": {"KGZ": 0.000164884694705}, "Strawberries": {"KGZ": 3.2932138545970746e-05}, "Raspberries": {"KGZ": 5.45040828038705e-05}, "Gooseberries": {"KGZ": 1.9650527438337818e-06}, "Currants": {"KGZ": 2.386665560677483e-06}, "Berries nes": {"KGZ": 8.030674392554827e-05}, "Grapes": {"ITA": 5.667687602570713e-06, "MDA": 8.969452319068604e-06, "KGZ": 0.0008497260431593}, "Watermelons": {"KGZ": 0.0006718394560238}, "Melons; other (inc.cantaloupes)": {"KAZ": 2.3251233725379523e-05}, "Figs": {"TUR": 2.6920956981372727e-05}, "Mangoes; mangosteens; guavas": {"ISR": 1.2966520526761131e-08, "MLI": 8.63935520012269e-08, "IND": 1.1738847300113589e-07, "PAK": 1.673852191253882e-07, "SEN": 1.727849338641803e-07, "MEX": 1.6773400417651332e-06, "DOM": 3.7790628283339984e-06, "ECU": 7.700794204751514e-06, "BRA": 8.17438610628651e-06, "CRI": 1.2073124937374614e-05, "PER": 2.0644705444197724e-05, "CIV": 2.699370879180261e-05}, "Avocados": {"ISR": 1.2473651521775454e-09, "BRA": 6.794060549900812e-09, "MEX": 9.988436133907132e-09, "ESP": 1.0712425964175643e-08, "KEN": 2.5182833144286025e-08, "PER": 2.6109320423936415e-07, "ZAF": 3.110082540758507e-07, "CHL": 5.291062140722241e-07}, "Pineapples": {"IDN": 4.1686559658611073e-08, "PHL": 4.733238864438012e-07, "VNM": 8.749328505038871e-07, "PAN": 2.256944090978706e-06, "THA": 3.3343042638994854e-06, "CHN": 5.709910349370792e-06, "CRI": 1.958290138744693e-05}, "Kiwi fruit": {"GRC": 2.6918534282471965e-07, "NZL": 3.0945232224704935e-07, "ITA": 1.2382513237435738e-06, "CHL": 4.838141316910477e-06, "KGZ": 7.69889588534077e-06}, "Fruit; fresh nes": {"TUR": 2.029655058048097e-06, "KGZ": 8.705211165371475e-05}, "Coffee; green": {"MYS": 7.05121301412721e-06, "HND": 3.9371518025351415e-05, "PER": 4.643501993822818e-05, "IND": 5.347340547138721e-05, "VNM": 7.495164873502868e-05, "UGA": 0.0001267793596559, "IDN": 0.00019286509482, "BRA": 0.0002920514418593, "COL": 0.0005795276772549}, "Cocoa; beans": {"CMR": 9.52259077933482e-05, "IDN": 0.0002234088194238, "NGA": 0.0002830298746205, "ECU": 0.0005542464056126, "GHA": 0.0013258215498633, "CIV": 0.0030034608256351}, "Tea": {"VNM": 4.4732914921097926e-05, "IDN": 5.635462178376932e-05, "KEN": 0.0004064297083567, "IND": 0.0004073733414226, "CHN": 0.0011045202679029, "LKA": 0.0121078683607491}, "Pepper (piper spp.)": {"VNM": 3.414250645308057e-06, "KGZ": 2.4910041456652307e-05}, "Chillies and peppers; dry": {"KGZ": 6.837606985797152e-05}, "Vanilla": {"TUR": 8.101203438429701e-06, "MDG": 9.152526057252078e-05}, "Anise; badian; fennel; coriander": {"CHN": 6.310078773455105e-05}, "Spices nes": {"IND": 1.0785071827212703e-06, "KGZ": 1.5949624835047834e-05}, "Meat; cattle": {"EST": 4.1686537169756394e-11, "POL": 1.148324702167403e-07, "SWE": 3.689095276655806e-11, "IRL": 1.1624617670091237e-09, "THA": 5.951295519130345e-07, "NLD": 1.5248339336418452e-11, "SVK": 1.389560825121461e-10, "DEU": 6.010002557085169e-09, "FJI": 2.3590120882991083e-10, "SRB": 2.085409915556722e-10, "LTU": 1.313322570846718e-08, "LVA": 1.1112599172747446e-10, "UKR": 1.4608959659957386e-07, "USA": 1.6689367709184166e-05, "HRV": 1.8445102809072203e-10, "ROU": 4.977551769170156e-10, "CZE": 2.946837636157002e-10, "BEL": 1.196934012449354e-10, "ITA": 6.934263862712417e-09, "DNK": 4.866661143571691e-10, "HUN": 3.9488150156550383e-10, "BGR": 8.384771102315001e-10, "MNG": 3.41321733388867e-09, "GBR": 1.800743103763048e-09, "ARG": 4.269372348132522e-06, "RUS": 2.6495696875963593e-06, "IDN": 5.609749189201037e-07, "PHL": 1.4273093984207814e-08, "MYS": 7.291494425885383e-07,