{"Wheat": {"KAZ": 0.0129220511269104, "TJK": 0.057535568478258}, "Rice; paddy": {"RUS": 3.766947048429523e-08, "KAZ": 1.513337366041265e-07, "TJK": 1.8456360398612823e-06}, "Barley": {"KAZ": 2.9534425511956035e-06, "TJK": 0.001432362580324}, "Maize": {"KAZ": 8.899416919547444e-07, "TJK": 0.00013774149728}, "Rye": {"TJK": 1.2615412237978526e-06}, "Oats": {"RUS": 4.5890174544624535e-08, "TJK": 0.0}, "Grain; mixed": {"GBR": 5.731053140400341e-09, "LVA": 1.2304120352512196e-07, "UKR": 3.230800596620385e-07}, "Potatoes": {"TJK": 0.0070841333332242}, "Roots and tubers nes": {"CIV": 2.351168855900377e-11, "COL": 5.5235284268350625e-11, "ESP": 5.6866467317349887e-11, "THA": 1.6737296527254356e-10, "CHN": 2.6506918566805457e-10, "FRA": 3.980652712214503e-10, "TGO": 4.42601121255252e-10, "CRI": 6.502774546695687e-10}, "Beans; dry": {"TJK": 0.0013911140069771}, "Peas; dry": {"KAZ": 1.6721690374897337e-05, "RUS": 3.048755821991996e-05, "TJK": 0.0024381817562872}, "Chick peas": {"CAN": 4.815202243316912e-07, "TUR": 2.6989377216489044e-06, "USA": 8.030974457161485e-06, "ARG": 7.267344530270462e-05, "AUS": 9.982715675782512e-05, "IND": 0.0001147954426839}, "Lentils": {"CAN": 3.548231233492899e-07, "TUR": 4.0616645823815325e-06, "RUS": 6.845869030649524e-06, "KAZ": 1.4893650938314431e-05, "TJK": 0.0002476127512262}, "Almonds; with shell": {"TJK": 0.001261087389777}, "Hazelnuts; with shell": {"TJK": 0.0002591019482745}, "Nuts nes": {"RUS": 3.984727970689801e-07, "IRN": 5.433670542387749e-06, "TUR": 2.6635104493120867e-05, "TJK": 0.0003523068004248}, "Soybeans": {"UKR": 2.837622460671576e-06, "RUS": 3.5328396971860506e-06, "USA": 4.955038708140659e-06, "KAZ": 1.050441590976276e-05, "ARG": 2.9420633230488345e-05, "IND": 3.2337752188716206e-05, "PRY": 0.0001006721113571, "BRA": 0.0001242907388869}, "Groundnuts; with shell": {"TJK": 0.0007187999435088}, "Coconuts": {"IND": 4.417364976609805e-07, "LKA": 1.8616957450842489e-06, "CIV": 2.0932762037244733e-06, "MYS": 2.587122280312987e-06, "IDN": 1.0923331835043529e-05, "PHL": 1.4739129243441476e-05}, "Oil palm fruit": {"IDN": 2.230276747330154e-06, "MYS": 5.615561745779736e-05}, "Olives": {"ITA": 4.289677062430151e-07, "GRC": 6.38873789566236e-07, "ESP": 6.96547103220313e-06, "TUR": 7.740882124678239e-06}, "Sunflower seed": {"KAZ": 0.0003276343184559, "RUS": 0.0006079552636801, "TJK": 0.0023860194920346}, "Rapeseed": {"KAZ": 4.982029109993816e-05, "RUS": 5.102613537622838e-05, "TJK": 0.0}, "Sesame seed": {"TJK": 0.0001354057236594}, "Mustard seed": {"CAN": 7.869964013804485e-08, "UKR": 9.029666973463512e-07, "RUS": 3.171488338276475e-06}, "Linseed": {"KAZ": 4.739681291593244e-05}, "Oilseeds nes": {"CHN": 1.8808554300438343e-06, "RUS": 2.171090613046087e-06}, "Cabbages and other brassicas": {"TJK": 0.0008498914724852}, "Tomatoes": {"TJK": 0.0039580203231645}, "Cucumbers and gherkins": {"TJK": 0.0018113388144023}, "Onions; dry": {"TJK": 0.0048086119339077}, "Garlic": {"CHN": 1.601615666735791e-05, "TJK": 0.0001716077081761}, "Beans; green": {"TJK": 0.0009579620630368}, "Peas; green": {"RUS": 1.0427905731173663e-08, "KAZ": 2.572784295199543e-07}, "Carrots and turnips": {"TJK": 0.0018743000572408}, "Maize; green": {"SRB": 4.592732867203663e-08, "UKR": 5.8923565053924826e-08, "MDA": 1.3046606425171873e-07, "USA": 1.3379467230519522e-07, "HUN": 1.10929368126456e-06, "CHN": 4.420868560507343e-06, "THA": 6.002534292154699e-06}, "Mushrooms and truffles": {"HUN": 4.466186215721415e-10, "CHN": 1.5419908536441666e-07}, "Vegetables; fresh nes": {"TJK": 0.0017253739567372}, "Bananas": {"ECU": 0.0009539760292124}, "Oranges": {"EGY": 1.131193236981687e-07, "TUR": 7.368277984423933e-07, "BRA": 1.358233074561449e-06, "ZAF": 3.4857213848953824e-06, "TJK": 3.8518877500700086e-05}, "Tangerines; mandarins; clementines; satsumas": {"ESP": 1.865125600014688e-06, "TUR": 3.867889382892361e-06, "PAK": 4.0170507192711154e-06, "MAR": 2.339144814616612e-05, "GEO": 0.0002679302957782, "CHN": 0.0002834012402118}, "Lemons and limes": {"TJK": 9.358527336759032e-05}, "Grapefruit (inc. pomelos)": {"ISR": 3.4083608466724222e-09, "MEX": 6.702215285148429e-08, "TUR": 9.071808374985597e-08, "CHN": 1.751246990158027e-07, "ZAF": 6.803682152672401e-07}, "Pears": {"CHN": 4.792095745702817e-07}, "Peaches and nectarines": {"TJK": 0.0025859385656572}, "Grapes": {"TJK": 0.0094866729819987}, "Watermelons": {"TJK": 0.0046718489660283}, "Figs": {"TJK": 9.904975368367788e-05}, "Kiwi fruit": {"NZL": 6.194934804904113e-08, "IRN": 1.7809571996815296e-07, "ITA": 2.492190094399726e-07, "GRC": 3.919831380620618e-07, "CHL": 4.538697550646393e-06}, "Fruit; fresh nes": {"TJK": 0.0026396264016219}, "Coffee; green": {"MYS": 3.031148351631312e-06, "HND": 2.798401127786697e-05, "PER": 3.1511387910856435e-05, "IND": 4.066028505645142e-05, "VNM": 4.7906105790232455e-05, "UGA": 5.685463737716631e-05, "IDN": 9.57176692400254e-05, "BRA": 0.0002137929124342, "COL": 0.0003431338078466}, "Cocoa; beans": {"CMR": 7.143716889903366e-05, "IDN": 0.000110759964059, "NGA": 0.0001724204448342, "GHA": 0.0008415197819946, "CIV": 0.0019604465815222}, "Tea": {"GEO": 1.7242893648973318e-05, "IND": 9.149313242803828e-05, "LKA": 0.000480131649255, "CHN": 0.0019664047201197}, "Pepper (piper spp.)": {"TJK": 0.0003359872763038}, "Vanilla": {"TUR": 7.0181369837326795e-09, "MDG": 7.716795267012002e-08}, "Meat; cattle": {"ROU": 1.3973617670001262e-09, "POL": 1.8357774951114698e-06, "SVN": 1.7466230062432607e-09, "MNG": 4.689262136145725e-09, "RUS": 4.0512723742147594e-05, "ITA": 5.890606699973993e-06, "AUT": 6.56789251102791e-08, "BGR": 1.586146522742316e-09, "SVK": 4.343508748705391e-09, "FIN": 7.500788193068589e-10, "SWE": 2.432773506783641e-09, "DEU": 2.4576012926081753e-07, "UKR": 2.173421048825505e-06, "IRL": 4.598325107500419e-08, "SRB": 7.264541929836491e-09, "ESP": 6.657301529236041e-07, "CZE": 6.4776392696245665e-09, "NLD": 1.2956145398893844e-09, "HRV": 6.35211001047314e-09, "FRA": 2.625347613585978e-06, "IDN": 4.662629485664426e-07, "ARG": 1.7926971550626927e-05, "HUN": 1.0255366238015061e-07, "THA": 3.2242758055397566e-07, "EST": 4.71914803310571e-08, "USA": 8.299672551617047e-06, "BEL": 3.7116739913815757e-09, "DNK": 1.2093086835037118e-08, "PRT": 5.879692199970583e-10, "MYS": 4.844179006959761e-07, "IND": 4.969138079809449e-07, "MDA": 1.859953470173574e-07, "CAN": 9.929796337061502e-08, "CHN": 0.00015301206728093414, "ZAF": 5.252148993185916e-07, "BRA": 0.0007442670471792459, "MEX": 5.594428663131977e-07, "TUR": 3.4177642452086786e-07, "GBR": 4.250120634383076e-08, "NAM": 3.595020408431042e-09, "PRY": 0.000377911829730944, "PHL": 3.903229126897231e-09, "CRI": 3.972118205808157e-06, "LAO": 4.562712974175291e-09, "LTU": 7.015662014266741e-07, "AUS": 0.00020469855106704368, "NIC": 3.675821273409622e-06, "AZE": 5.709900502425386e-06, "KAZ": 0.002765087999081717, "URY": 0.00011704258501650172, "CHL": 6.317435955381047e-08, "LVA": 1.7682341706847867e-06, "BLR": 2.7353381137188624e-06, "NZL": 7.644916053982558e-07, "GTM": 2.263644191880763e-07, "TJK": 0.2374597950123866}, "Milk; whole fresh cow": {"NLD": 1.8176613659201444e-09, "EGY": 2.742254201467323e-11, "DEU": 4.6635090906480713e-07, "SRB": 2.449949447596624e-08, "HRV": 6.425525922375401e-10, "AZE": 1.067365915254263e-10, "RUS": 2.0684402860791683e-05, "UKR": 4.4510220787488246e-05, "MKD": 1.246669069908011e-10, "CAN": 5.1576204084099126e-09, "USA": 1.7299048415200406e-06, "BIH": 3.2991246513177646e-10, "FJI": 6.123893369126358e-11, "NER": 4.1307044273323945e-10, "IDN": 3.401580065131519e-06, "FRA": 1.2142755250847558e-06, "PAK": 3.3185254070282282e-06, "POL": 4.789487969689917e-07, "ROU": 5.13679390075311e-09, "HUN": 7.2192297570895736e-09, "BEN": 7.883764437122291e-10, "ARG": 4.753406053432747e-06, "MYS": 4.443300966627281e-06, "KEN": 4.15704975846814e-09, "PRT": 4.7253850157238916e-09, "THA": 1.0982743788412106e-09, "KAZ": 0.0014777948092006934, "NIC": 2.678663972714081e-09, "NZL": 7.44001010534247e-06, "ZAF": 3.739590799493708e-08,