{"Wheat": {"KAZ": 0.0056085226060811, "TJK": 0.0329147917055168}, "Rice; paddy": {"RUS": 2.6573380974686812e-08, "KAZ": 8.39244794163202e-08, "TJK": 1.320371790537122e-06}, "Barley": {"KAZ": 1.2113332394814958e-06, "TJK": 0.0006740049836366}, "Maize": {"KAZ": 4.040041367509685e-07, "TJK": 9.827086530741268e-05}, "Rye": {"TJK": 3.188541272494428e-06}, "Oats": {"RUS": 3.175774951232721e-08, "TJK": 0.0}, "Grain; mixed": {"GBR": 2.578035205726446e-09, "LVA": 8.377480990379444e-08, "UKR": 2.630984770245591e-07}, "Potatoes": {"TJK": 0.004404851202003}, "Roots and tubers nes": {"CIV": 5.942571510325159e-11, "COL": 1.3960699838043446e-10, "ESP": 1.437298081440898e-10, "THA": 4.230346163914157e-10, "CHN": 6.699614904574145e-10, "FRA": 1.0061086570086312e-09, "TGO": 1.1186728707335671e-09, "CRI": 1.6435741168604007e-09}, "Beans; dry": {"TJK": 0.000624145087001}, "Peas; dry": {"KAZ": 7.99659409458518e-06, "RUS": 2.134236783368413e-05, "TJK": 0.0010939284320118}, "Chick peas": {"CAN": 4.138530153953541e-07, "TUR": 1.9096413620442467e-06, "USA": 3.697768059121091e-06, "ARG": 3.785003030466933e-05, "AUS": 4.8028597797678494e-05, "IND": 0.0001076423933262}, "Lentils": {"CAN": 3.049604401017818e-07, "TUR": 2.873842780087291e-06, "RUS": 4.792350175747607e-06, "KAZ": 7.122394833893665e-06, "TJK": 0.000111095338974}, "Almonds; with shell": {"TJK": 0.0006374121914364}, "Hazelnuts; with shell": {"TJK": 0.0001309621696275}, "Nuts nes": {"RUS": 2.7701273047665976e-07, "IRN": 2.77005847833168e-06, "TUR": 1.9781581221632525e-05, "TJK": 0.0001780722347532}, "Soybeans": {"UKR": 2.301538159422888e-06, "RUS": 2.354207919246071e-06, "USA": 3.3177440025631505e-06, "KAZ": 4.663872435679286e-06, "ARG": 1.9315083791438364e-05, "IND": 3.046549869466189e-05, "PRY": 3.844617405150127e-05, "BRA": 4.621402611039304e-05}, "Groundnuts; with shell": {"TJK": 0.0004345480586673}, "Coconuts": {"IND": 4.097898826788122e-07, "CIV": 8.791512286692976e-07, "LKA": 1.5272208768103038e-06, "MYS": 2.4356326720743017e-06, "IDN": 8.508263304525275e-06, "PHL": 1.32411054724753e-05}, "Oil palm fruit": {"IDN": 1.753384954278209e-06, "MYS": 5.264579265494108e-05}, "Olives": {"GRC": 2.62475163093272e-07, "ITA": 2.992702065080377e-07, "ESP": 4.761808595015238e-06, "TUR": 5.388818767394423e-06}, "Sunflower seed": {"KAZ": 0.0001460661042132, "RUS": 0.0004399496450679, "TJK": 0.0014404709403157}, "Rapeseed": {"KAZ": 2.0321004695030613e-05, "RUS": 3.430074817439965e-05, "TJK": 0.0}, "Sesame seed": {"TJK": 5.012126256716798e-05}, "Mustard seed": {"CAN": 6.596029060943435e-08, "UKR": 7.352448724529411e-07, "RUS": 1.9058707997303488e-06}, "Linseed": {"KAZ": 1.60898693403952e-05}, "Oilseeds nes": {"CHN": 6.789374491280962e-07, "RUS": 1.3046928639257969e-06}, "Cabbages and other brassicas": {"TJK": 0.0005531036676957}, "Tomatoes": {"TJK": 0.0025758530688099}, "Cucumbers and gherkins": {"TJK": 0.0011788071467006}, "Onions; dry": {"TJK": 0.0031294123817861}, "Garlic": {"CHN": 8.812652882775198e-06, "TJK": 0.0001116811450284}, "Beans; green": {"TJK": 0.0006234352828951}, "Peas; green": {"RUS": 7.3916744564450205e-09, "KAZ": 1.2021104860951904e-07}, "Carrots and turnips": {"TJK": 0.0012197819010829}, "Maize; green": {"SRB": 3.8548741299742094e-08, "UKR": 4.8239239349449053e-08, "USA": 8.504023696798955e-08, "MDA": 1.1080534748121585e-07, "HUN": 1.0026189767703923e-06, "CHN": 2.291912476632307e-06, "THA": 5.628564087856486e-06}, "Mushrooms and truffles": {"HUN": 4.0078457158140015e-10, "CHN": 8.484576183795508e-08}, "Vegetables; fresh nes": {"TJK": 0.0011228617941387}, "Bananas": {"ECU": 0.0005134657547211}, "Oranges": {"EGY": 1.131193236981687e-07, "BRA": 5.167709057208151e-07, "TUR": 5.472334056361361e-07, "ZAF": 1.0168819326331743e-06, "TJK": 1.946923133037863e-05}, "Tangerines; mandarins; clementines; satsumas": {"ESP": 1.22318082712594e-06, "TUR": 2.872636298601216e-06, "PAK": 3.779881131235856e-06, "MAR": 1.079665316306819e-05, "GEO": 5.529243523979132e-05, "CHN": 0.0001204394445877}, "Lemons and limes": {"TJK": 4.730234769373075e-05}, "Grapefruit (inc. pomelos)": {"ISR": 3.090555341897373e-09, "MEX": 3.1970989171001184e-08, "TUR": 6.737526193794813e-08, "CHN": 7.442423846588536e-08, "ZAF": 1.984823424617741e-07}, "Pears": {"CHN": 2.036537841514625e-07}, "Peaches and nectarines": {"TJK": 0.0013070535645804}, "Grapes": {"TJK": 0.0047950055356319}, "Watermelons": {"TJK": 0.0023613696494282}, "Figs": {"TJK": 5.006435007483014e-05}, "Kiwi fruit": {"NZL": 1.2928020328109574e-08, "IRN": 9.079232080853717e-08, "GRC": 1.7961112206262924e-07, "ITA": 1.8799784141744088e-07, "CHL": 1.378646875205003e-06}, "Fruit; fresh nes": {"TJK": 0.0013341898926836}, "Coffee; green": {"MYS": 2.8705086580150168e-06, "PER": 1.6601484165769396e-05, "HND": 1.783097520298549e-05, "IND": 3.784934874947062e-05, "UGA": 3.9462380823728085e-05, "VNM": 4.574846366747938e-05, "COL": 4.6904709011765054e-05, "IDN": 7.630080767733759e-05, "BRA": 8.176707763538783e-05}, "Cocoa; beans": {"CMR": 5.59559144208521e-05, "IDN": 8.829168933092803e-05, "NGA": 9.675328475278509e-05, "GHA": 0.0004824319764243, "CIV": 0.0009106768621555}, "Tea": {"GEO": 5.987149633939475e-06, "IND": 8.516800786424556e-05, "LKA": 0.0004076493834793, "CHN": 0.0009749250942335}, "Pepper (piper spp.)": {"TJK": 0.0001243677596465}, "Vanilla": {"TUR": 4.688175869795156e-09, "MDG": 1.6497933891243506e-08}, "Meat; cattle": {"MNG": 6.217487186553467e-10, "ROU": 1.0287498273099e-09, "POL": 1.5068883402990115e-06, "RUS": 3.359380554796273e-05, "IRL": 1.0322339502539377e-08, "AUT": 5.281120701605378e-08, "BGR": 1.1109625321960557e-09, "ITA": 4.889882608632302e-06, "FRA": 6.172956429273467e-07, "SVN": 8.045454984607304e-10, "SWE": 2.2048146575718287e-09, "FIN": 7.455593425341652e-10, "DEU": 2.1643333277685855e-07, "UKR": 1.7714018672855517e-06, "SVK": 3.470497672532551e-09, "ESP": 4.497689131859425e-07, "SRB": 6.10515053835075e-09, "NLD": 8.577796941694107e-10, "CZE": 4.966280382655579e-09, "HRV": 4.0985188940712836e-09, "ARG": 1.1142990375788875e-05, "IDN": 3.665576116383761e-07, "EST": 3.1934356367130285e-08, "HUN": 9.267097271047017e-08, "USA": 5.536625136763937e-06, "THA": 7.310034435476956e-07, "PRT": 3.3982105102692136e-10, "BEL": 2.46705589155893e-09, "NAM": 3.7059631502032415e-10, "ZAF": 2.0086183697071517e-07, "CHN": 8.16569012833786e-05, "BRA": 0.0002610056539106293, "DNK": 1.3999092549994664e-08, "MYS": 4.5414093038061807e-07, "MDA": 1.580686780204953e-07, "IND": 4.6300014304518957e-07, "CAN": 8.584545515245682e-08, "MEX": 3.296610856653049e-07, "GBR": 1.7589526699035395e-08, "PRY": 0.00014162038196640622, "TUR": 2.3737584617769596e-07, "CRI": 1.7880023119390395e-06, "PHL": 3.506521158668957e-09, "LAO": 3.5589528393386044e-09, "LTU": 6.354459225066113e-07, "NIC": 1.3916986763108302e-06, "AUS": 0.00010956853344992989, "URY": 2.687188420598937e-05, "KAZ": 0.001200902026997252, "AZE": 2.978319499910958e-06, "CHL": 1.595494898338526e-08, "NZL": 1.6255010786021212e-07, "LVA": 1.5071441079501801e-06, "BLR": 2.06316009916118e-06, "GTM": 1.4510333492214817e-07, "TJK": 0.22557820361844982}, "Milk; whole fresh cow": {"NLD": 1.203451890143792e-09, "MKD": 4.121997785959142e-11, "AZE": 5.567446913197703e-11, "DEU": 4.112233793998137e-07, "HRV": 4.143133211676225e-10, "BIH": 1.1126925709724203e-10, "EGY": 2.742254201467323e-11, "FRA": 3.030437302971889e-07, "RUS": 1.7155057690987113e-05, "SRB": 2.058876717580906e-08, "UKR": 3.622428912185222e-05, "USA": 1.1291312119716975e-06, "CAN": 4.551151314798925e-09, "FJI": 4.447459865505872e-11, "NER": 3.4575727186107417e-10, "IDN": 2.6742251233707344e-06, "PAK": 3.0736831198346804e-06, "KEN": 2.1031484276017163e-09, "ROU": 3.7670988196267485e-09, "NZL": 1.5819300251298629e-06, "POL": 3.94791079832714e-07, "ARG": 3.0255478906722917e-06, "BEN": 6.003790477939867e-10, "HUN": 6.509644874937954e-09, "PRT": 2.7310713707526904e-09, "ZAF": 1.4446310641184661e-08, "NIC": 1.0126871852282151e-09, "KAZ": 0.0006415538730822905, "MYS": 4.165587038333058e-06,