{"Wheat": {"LVA": 7.95130552144284e-06, "UKR": 1.711500425820241e-05, "CAN": 5.079288628368638e-05, "RUS": 0.0001418690588858, "RWA": 0.0154676704786068, "AUS": 0.025618578054149}, "Barley": {"GBR": 4.308466901677312e-06, "EGY": 4.403908929505661e-06, "DEU": 7.730499488247115e-06, "BEL": 1.224083737924973e-05, "USA": 3.8132190020834185e-05, "FRA": 0.0002316213309183}, "Maize": {"UGA": 0.004911979654828, "RWA": 0.3868296344170185}, "Oats": {"AUS": 1.1399618730458448e-06, "KEN": 2.293392200107468e-05}, "Potatoes": {"RWA": 0.2768141797323919}, "Sweet potatoes": {"RWA": 0.2916641188545632}, "Cassava": {"BDI": 8.577638386985267e-05, "UGA": 0.0003279789149775, "RWA": 0.003516801744997}, "Taro (cocoyam)": {"RWA": 0.0080481184275219}, "Yams": {"RWA": 0.0013062943588538}, "Beans; dry": {"RWA": 0.7904960892123645}, "Broad beans; horse beans; dry": {"EGY": 1.4641204300777347e-09, "FRA": 5.281644623571747e-09, "GBR": 8.66761449342129e-09, "AUS": 2.0625814328129425e-07}, "Peas; dry": {"RWA": 0.0296841051581498}, "Lentils": {"USA": 3.7733259183707415e-08, "CAN": 1.0709600146476065e-07, "AUS": 4.13881030243184e-06}, "Cashew nuts; with shell": {"IND": 5.5240482046394183e-08, "KEN": 2.57382186298438e-05}, "Almonds; with shell": {"AUS": 5.824138766012228e-09, "ESP": 1.05526280589195e-08, "USA": 6.064355468676005e-08}, "Walnuts; with shell": {"USA": 2.5478566878532844e-10, "IND": 1.4996048048581485e-08}, "Nuts nes": {"LBN": 6.038123149835855e-09, "TUR": 1.150998760996038e-08, "CHN": 3.1292978753439884e-08, "MWI": 7.988111899571811e-08, "MEX": 8.35762414806896e-08, "USA": 8.90673660625329e-08, "TZA": 1.3698243971041633e-07, "ZAF": 2.765850300140796e-07, "IDN": 6.671200637255011e-07, "KEN": 1.1067758698202468e-06}, "Soybeans": {"RWA": 0.0112652961618506}, "Groundnuts; with shell": {"TZA": 0.0017095838821743, "RWA": 0.0083179700029786}, "Coconuts": {"CHN": 1.893186143731345e-08, "IDN": 6.566951911643245e-08, "IND": 9.111385579805412e-08, "PHL": 1.74818876573535e-07, "LKA": 1.951092409702802e-07, "KEN": 5.983483284754867e-07, "TZA": 3.386924480140487e-05}, "Oil palm fruit": {"COD": 0.0004741434246348, "MYS": 0.0007918247611688, "IDN": 0.0018866050942356}, "Olives": {"EGY": 3.789644250218616e-08, "LBN": 8.465715891766048e-07, "JOR": 2.0559270403332024e-06, "TUR": 2.325490670733093e-06, "GRC": 3.318233900311924e-06, "TUN": 4.8946249611798335e-06, "ITA": 8.253373788346745e-06, "MAR": 9.303127639437728e-06, "ESP": 1.3920184199583331e-05}, "Sunflower seed": {"KEN": 0.000334308626348, "TZA": 0.0018402806107284, "UGA": 0.0026760352242402}, "Rapeseed": {"HUN": 3.63659162067426e-10, "AUT": 3.795214032489263e-10, "ROU": 4.662048559217338e-10, "POL": 5.641681997291474e-10, "SVK": 6.349266302702308e-10, "RUS": 6.601170445203023e-10, "UKR": 8.698188588659495e-10, "DEU": 1.3152876285127114e-09, "CZE": 1.5752029839512759e-09, "BGR": 1.5809646251244455e-09, "FRA": 3.9828511735106614e-09, "ITA": 6.970152243453306e-09, "AUS": 2.9059770355544524e-08}, "Mustard seed": {"DEU": 4.204302019891621e-08, "CZE": 5.4667921811803406e-08, "UKR": 1.009229362887694e-07, "FRA": 4.417391328920888e-07, "CAN": 5.525582883573108e-07, "USA": 5.615382566470135e-07, "NPL": 9.470172925233168e-07}, "Oilseeds nes": {"CHN": 1.8221132937559928e-07, "IND": 2.157847786276862e-07, "CIV": 2.404548105497513e-07, "ETH": 4.129917110957831e-07, "MYS": 1.6162379227804092e-06, "TZA": 7.145286752192976e-06}, "Cabbages and other brassicas": {"RWA": 0.005795346104871}, "Asparagus": {"NLD": 1.971207755180244e-11, "USA": 3.907587326547602e-10, "ITA": 5.805956166231318e-10, "ARG": 1.183861525696315e-09, "THA": 1.7848387917029715e-09, "MEX": 1.9908060274790847e-09, "PER": 2.8361576254295963e-08}, "Tomatoes": {"ITA": 4.280331327802816e-06, "RWA": 0.0126802098126342}, "Pumpkins; squash and gourds": {"RWA": 0.0651019283760477}, "Eggplants (aubergines)": {"RWA": 0.007522918952866}, "Chillies and peppers; green": {"RWA": 0.0018171907159545}, "Onions; dry": {"UGA": 0.0001235250747717, "TZA": 0.0001806732396195, "RWA": 0.0030965382196876}, "Garlic": {"KEN": 9.567590124348253e-07, "CHN": 1.2905484274002294e-06, "TZA": 9.540944149776622e-06}, "Leeks; other alliaceous vegetables": {"RWA": 0.0197119667748928}, "Beans; green": {"GBR": 6.308217884644192e-07, "EGY": 7.335308122992906e-07, "KEN": 4.158340636040078e-05, "TZA": 0.000134423650244, "RWA": 0.0002220414945733}, "Peas; green": {"KEN": 5.0776112589428185e-08, "TZA": 1.1553803493926338e-06}, "Carrots and turnips": {"RWA": 0.0028243954014974}, "Maize; green": {"POL": 1.7682495672943068e-08, "HUN": 2.1986704711734368e-08, "USA": 4.69263327611755e-08, "CHN": 5.656859974341108e-08, "FRA": 8.491860758006829e-08, "IDN": 9.721855602653729e-08, "ZAF": 1.486065602309038e-07, "THA": 1.0716156414001457e-06}, "Mushrooms and truffles": {"NLD": 7.222741509757623e-12, "IND": 2.046986134490362e-09, "IDN": 1.4787051692468188e-08, "CHN": 5.2707028966149535e-08, "ZAF": 6.094174278049738e-08}, "Vegetables; fresh nes": {"UGA": 0.0008371451664076, "RWA": 0.0105314808228007}, "Bananas": {"RWA": 0.0442877445829674}, "Oranges": {"EGY": 2.0632439026512706e-07, "IND": 7.496079971019195e-06, "ZAF": 1.0286084094892714e-05, "KEN": 4.818001711916131e-05, "TZA": 5.226946564698572e-05, "RWA": 0.0036237902707318}, "Tangerines; mandarins; clementines; satsumas": {"ISR": 3.191661875769449e-07, "PAK": 9.842097988410031e-07, "ZAF": 2.0546642605614515e-06}, "Lemons and limes": {"RWA": 0.0020210216677669}, "Grapefruit (inc. pomelos)": {"TUR": 7.949995771725973e-10, "ZAF": 1.4992777253982766e-07, "KEN": 4.937457313652854e-07}, "Apples": {"CHN": 2.428879299106808e-06, "ZAF": 3.213843658939339e-05}, "Peaches and nectarines": {"ZAF": 9.896126552441532e-09}, "Grapes": {"EGY": 1.869774630948609e-08, "SAU": 2.523700565277816e-07, "USA": 2.648662967050113e-07, "IRN": 3.120484307200825e-07, "TUR": 4.094065055681442e-07, "IND": 9.896714780818292e-07, "ESP": 1.0618875228821717e-06, "ITA": 1.7135294717685696e-06, "AUS": 2.045273805424196e-06, "FRA": 3.672834613894705e-06, "CHL": 1.0115153815576126e-05, "ZAF": 4.670111455774866e-05}, "Watermelons": {"KEN": 3.434508492038172e-05, "TZA": 4.987480960820879e-05}, "Melons; other (inc.cantaloupes)": {"NAM": 1.3734426937259135e-10, "ZAF": 5.1885482649003744e-08}, "Mangoes; mangosteens; guavas": {"TZA": 5.557802274195454e-06, "RWA": 0.00092767441343}, "Avocados": {"RWA": 0.0002941428989138}, "Pineapples": {"RWA": 0.0047455581951207}, "Dates": {"ARE": 1.368273874462357e-10, "SAU": 3.083567996791925e-09, "OMN": 6.7839267131705454e-09, "TUN": 3.2112581217220746e-08, "KEN": 3.851256408896247e-07}, "Kiwi fruit": {"ITA": 4.69823822410615e-10, "FRA": 6.467277825956161e-10, "GRC": 9.62688053963827e-10, "CHL": 1.8541179075867279e-09, "NZL": 5.3382361105908644e-09}, "Papayas": {"RWA": 0.0001757012710563}, "Fruit; tropical fresh nes": {"KEN": 0.0002374801716555, "TZA": 0.0003315009674115, "RWA": 0.0031506193898226}, "Fruit; fresh nes": {"UGA": 0.0001216449879109, "RWA": 0.0153532654030869}, "Cocoa; beans": {"CMR": 1.9035317067484511e-06, "TZA": 2.2100441684967e-06, "NGA": 3.3164034949239223e-06, "IDN": 5.107302003903605e-06, "ECU": 1.3003249886353857e-05, "UGA": 1.5165322345225808e-05, "GHA": 1.5420010978682337e-05, "CIV": 2.8055430003498383e-05}, "Tea": {"RWA": 7.674360906201838e-05}, "Pepper (piper spp.)": {"CHN": 5.487967650082011e-06, "RWA": 0.0007256891400774}, "Cinnamon (cannella)": {"CHN": 2.2504210612000561e-07, "IDN": 3.614545319847041e-07, "VNM": 1.2428955556289733e-05}, "Nutmeg; mace and cardamoms": {"GRD": 0.0, "IND": 6.704953154300245e-09, "GTM": 3.068729410292777e-07, "IDN": 6.47374539180137e-07}, "Spices nes": {"PAK": 3.214825460554353e-07, "CHN": 2.0480723154654734e-06, "IND": 1.0320530669696142e-05, "COD": 1.179373350914128e-05, "RWA": 9.158346023746764e-05, "KEN": 0.000142994732545}, "Meat; cattle": {"THA": 5.473770235617429e-09, "NLD": 6.34669613281804e-12, "DNK": 2.8622778557150838e-11, "ARE": 3.1487493128186878e-12, "BEL": 2.3130269164270462e-11, "DEU": 9.832370487330452e-10,