{"Wheat": {"LVA": 5.373199003572164e-06, "UKR": 1.3832037864534247e-05, "CAN": 4.208668032899775e-05, "RUS": 9.934774138367058e-05, "RWA": 0.0130606074023005, "AUS": 0.0142863515442526}, "Barley": {"GBR": 1.4389401094683228e-06, "EGY": 4.403908929505661e-06, "DEU": 5.630152462479759e-06, "BEL": 7.671347833860808e-06, "USA": 1.2262658776658776e-05, "FRA": 7.929218607391745e-05}, "Maize": {"UGA": 0.0036045590425039, "RWA": 0.339204654600981}, "Oats": {"AUS": 6.154383393258936e-07, "KEN": 1.6521418789940467e-05}, "Potatoes": {"RWA": 0.2337557838054701}, "Sweet potatoes": {"RWA": 0.2462958175650214}, "Cassava": {"BDI": 0.0002167995266543, "UGA": 0.0008289656233076, "RWA": 0.0088887047839353}, "Taro (cocoyam)": {"RWA": 0.0063574232210454}, "Yams": {"RWA": 0.001031876725633}, "Beans; dry": {"RWA": 0.6920142648658005}, "Broad beans; horse beans; dry": {"FRA": 9.375797193675166e-10, "EGY": 1.4641204300777347e-09, "GBR": 5.230009622815402e-09, "AUS": 9.923441404011244e-08}, "Peas; dry": {"RWA": 0.0259859909360002}, "Lentils": {"USA": 1.7373836926056758e-08, "CAN": 9.204598457830421e-08, "AUS": 1.991254302259842e-06}, "Cashew nuts; with shell": {"IND": 5.124546143861112e-08, "KEN": 1.2333072023793636e-05}, "Almonds; with shell": {"AUS": 3.135759882194304e-09, "ESP": 6.920591469743327e-09, "USA": 2.613716974796108e-08}, "Walnuts; with shell": {"USA": 1.0981177321790175e-10, "IND": 1.3911525995731325e-08}, "Nuts nes": {"LBN": 5.0456931413470555e-09, "TUR": 8.548333453139648e-09, "CHN": 1.3298844344301981e-08, "USA": 3.838773762199104e-08, "MEX": 3.9867640737430174e-08, "MWI": 5.093410896323537e-08, "TZA": 6.629538889864044e-08, "ZAF": 8.068755038107072e-08, "IDN": 5.196247119124185e-07, "KEN": 5.303376551811035e-07}, "Soybeans": {"RWA": 0.0082799990359877}, "Groundnuts; with shell": {"TZA": 0.0007684022757627, "RWA": 0.0052042832023234}, "Coconuts": {"CHN": 8.045634785568273e-09, "IDN": 5.115047021932177e-08, "IND": 8.452445400278936e-08, "PHL": 1.570510133303731e-07, "LKA": 1.600556411299848e-07, "KEN": 2.867126562460743e-07, "TZA": 1.6391697801259493e-05}, "Oil palm fruit": {"COD": 0.0001365105154555, "MYS": 0.0007423343217064, "IDN": 0.0014831993342787}, "Olives": {"EGY": 3.695463469627234e-08, "LBN": 6.074715315847275e-07, "JOR": 1.163191189614275e-06, "GRC": 1.363264542058192e-06, "TUR": 1.6188914348528505e-06, "MAR": 3.3785063627690715e-06, "TUN": 3.948012707703867e-06, "ITA": 5.757983274916455e-06, "ESP": 9.516262785290153e-06}, "Sunflower seed": {"KEN": 0.0001804715776526, "TZA": 0.0008423249810567, "UGA": 0.001868276509119}, "Rapeseed": {"AUT": 2.43342422896029e-10, "HUN": 3.2319199126833007e-10, "ROU": 3.4566604512089784e-10, "RUS": 4.4374335510167525e-10, "POL": 4.4592740043243434e-10, "SVK": 4.827758480668786e-10, "UKR": 7.053556962468796e-10, "DEU": 9.659208109900159e-10, "BGR": 1.1214987552039615e-09, "CZE": 1.2017149371213323e-09, "FRA": 1.7523619730445572e-09, "ITA": 2.8470622275037067e-09, "AUS": 1.8672182801546343e-08}, "Mustard seed": {"DEU": 3.0865110867039026e-08, "CZE": 4.180013041904929e-08, "UKR": 8.217697467390704e-08, "FRA": 8.594986357439881e-08, "USA": 2.886807453034849e-07, "CAN": 4.631140017256666e-07, "NPL": 6.04433114394135e-07}, "Oilseeds nes": {"CHN": 6.57733142018393e-08, "CIV": 1.0565772131126822e-07, "IND": 2.008474483419471e-07, "ETH": 2.832401368455747e-07, "MYS": 1.5228127454528907e-06, "TZA": 3.2973458345734377e-06}, "Cabbages and other brassicas": {"RWA": 0.0050238028160457}, "Asparagus": {"NLD": 1.2088146633375759e-11, "USA": 1.586997210917448e-10, "ITA": 4.3530245217840836e-10, "ARG": 5.987166487906353e-10, "MEX": 1.0296638563213632e-09, "THA": 1.6894835384825807e-09, "PER": 1.06452761541321e-08}, "Tomatoes": {"ITA": 3.2091849641676988e-06, "RWA": 0.0109920740904878}, "Pumpkins; squash and gourds": {"RWA": 0.056434809101513}, "Eggplants (aubergines)": {"RWA": 0.0065213812490898}, "Chillies and peppers; green": {"RWA": 0.0015752653372042}, "Onions; dry": {"TZA": 8.902518163559496e-05, "UGA": 9.096944645029396e-05, "RWA": 0.0026842913514664}, "Garlic": {"KEN": 5.059300829465886e-07, "CHN": 7.101051491503543e-07, "TZA": 4.701217998290015e-06}, "Leeks; other alliaceous vegetables": {"RWA": 0.0170876824958342}, "Beans; green": {"GBR": 3.590866831519112e-07, "EGY": 7.335308122992906e-07, "KEN": 2.1989127832284098e-05, "TZA": 6.623609508687256e-05, "RWA": 0.0001924807708686}, "Peas; green": {"KEN": 2.6850191657666437e-08, "TZA": 5.693037091682825e-07}, "Carrots and turnips": {"RWA": 0.0024483793228057}, "Maize; green": {"FRA": 1.1586669309856363e-08, "POL": 1.3883692056019525e-08, "HUN": 1.9872363606634883e-08, "CHN": 2.9326879495070127e-08, "USA": 2.982649749271174e-08, "ZAF": 5.7463191928365866e-08, "IDN": 7.258261911220795e-08, "THA": 1.0048517878612572e-06}, "Mushrooms and truffles": {"NLD": 4.429241830825514e-12, "IND": 1.923574385397997e-09, "IDN": 1.1868996627745472e-08, "ZAF": 1.9101933640946e-08, "CHN": 2.9001261688936613e-08}, "Vegetables; fresh nes": {"UGA": 0.0006165115263226, "RWA": 0.0091294086767739}, "Bananas": {"RWA": 0.0189718398500588}, "Oranges": {"EGY": 2.0632439026512706e-07, "ZAF": 3.000736983445333e-06, "IND": 6.9539595395454025e-06, "KEN": 2.308658690734857e-05, "TZA": 2.5296852355065373e-05, "RWA": 0.0031102025744557}, "Tangerines; mandarins; clementines; satsumas": {"ISR": 2.894062014976988e-07, "ZAF": 5.994027443632731e-07, "PAK": 9.26101338469425e-07}, "Lemons and limes": {"RWA": 0.0017345890144051}, "Grapefruit (inc. pomelos)": {"TUR": 5.904369067170335e-10, "ZAF": 4.373810361216311e-08, "KEN": 2.3658986482102495e-07}, "Apples": {"CHN": 1.0322215722710007e-06, "ZAF": 9.37567633846098e-06}, "Peaches and nectarines": {"ZAF": 2.886975516125838e-09}, "Grapes": {"EGY": 1.869774630948609e-08, "SAU": 9.741706540694489e-08, "USA": 1.1415649021979464e-07, "IRN": 1.590807529501808e-07, "TUR": 3.040614330855234e-07, "ESP": 6.964037481140687e-07, "FRA": 7.022027188184758e-07, "IND": 9.180979181959572e-07, "AUS": 1.1011907176008738e-06, "ITA": 1.2925973930381509e-06, "CHL": 3.072516959865708e-06, "ZAF": 1.3624014768762722e-05}, "Watermelons": {"KEN": 1.6457254174351815e-05, "TZA": 2.4137910714773346e-05}, "Melons; other (inc.cantaloupes)": {"NAM": 1.9268652104954743e-11, "ZAF": 1.5136439217533015e-08}, "Mangoes; mangosteens; guavas": {"TZA": 2.689809467319029e-06, "RWA": 0.0007961982160529}, "Avocados": {"RWA": 0.0002524550079094}, "Pineapples": {"RWA": 0.0040729860761819}, "Dates": {"ARE": 9.753554660445136e-11, "SAU": 1.1902844155252347e-09, "OMN": 2.320071511038286e-09, "TUN": 2.5906636941502457e-08, "KEN": 1.845419970826571e-07}, "Kiwi fruit": {"FRA": 1.2364673474706726e-10, "ITA": 3.544106232432525e-10, "GRC": 4.4111459085608816e-10, "CHL": 5.631954610397062e-10, "NZL": 1.1140201975868167e-09}, "Papayas": {"RWA": 0.0001507997165256}, "Fruit; tropical fresh nes": {"KEN": 0.0001137942024416, "TZA": 0.0001604365172739, "RWA": 0.0027040926227161}, "Fruit; fresh nes": {"UGA": 8.69455301161269e-05, "RWA": 0.0131772983576502}, "Cocoa; beans": {"TZA": 1.0079413987936971e-06, "CMR": 1.4910145365746108e-06, "NGA": 1.8609912067439163e-06, "IDN": 4.071257386896088e-06, "ECU": 5.577227448539237e-06, "GHA": 8.840084965439452e-06, "UGA": 1.0526137414821406e-05, "CIV": 1.303245454521432e-05}, "Tea": {"RWA": 6.566252278798845e-05}, "Pepper (piper spp.)": {"CHN": 1.9810064600006805e-06, "RWA": 0.0005506957516187}, "Cinnamon (cannella)": {"CHN": 8.123405501292041e-08, "IDN": 2.82694270954714e-07, "VNM": 1.1805016627617622e-05}, "Nutmeg; mace and cardamoms": {"GRD": 0.0, "IND": 6.2408143005166965e-09, "GTM": 1.876101834782959e-07, "IDN": 5.063128476582976e-07}, "Spices nes": {"PAK": 3.017799498433395e-07, "CHN": 7.392981785206083e-07, "COD": 5.928825429554102e-06, "IND": 9.606109678939697e-06, "RWA": 6.949893513072232e-05, "KEN": 7.22766008332033e-05}, "Meat; cattle": {"NLD": 4.201918780766105e-12, "DNK": 3.3134048529167526e-11, "IRL": 3.8071111925786014e-11, "URY": 8.156150365491287e-09, "BEL": 1.5374105308698407e-11,