{"Wheat": {"CAN": 3.3632423530929505e-06, "DEU": 3.380706059435392e-06, "BGR": 4.7651756907045445e-06, "ROU": 6.629986858232369e-06, "EGY": 1.0812120480126947e-05, "RUS": 1.1819615862266347e-05, "USA": 2.4361185920879586e-05, "UKR": 2.7186506224389813e-05, "ESP": 5.3463892943217455e-05, "FRA": 6.42023130087383e-05, "MAR": 0.0001305139860389, "TUR": 0.0003858406140496}, "Rice; paddy": {"PAK": 3.323697630331986e-10, "IND": 4.91648121494916e-10, "GNB": 3.9485382282747766e-08}, "Barley": {"DNK": 1.0518471551804613e-07, "DEU": 6.245294582092251e-07, "GBR": 1.913203641884416e-06, "FRA": 4.5371586832724885e-06, "PRT": 8.294519774588566e-06, "ESP": 3.522854140447873e-05}, "Maize": {"GNB": 0.0032405053360937}, "Potatoes": {"DEU": 3.262474484469967e-08, "CAN": 4.126406262948239e-08, "NLD": 9.485658756181744e-08, "MAR": 7.251732062232693e-07, "USA": 8.324028678576294e-06}, "Cassava": {"GNB": 0.0001004824529018}, "Roots and tubers nes": {"GNB": 0.0002044833904424}, "Beans; dry": {"CAN": 1.0967955780397517e-07, "CHN": 1.0851938112104251e-06, "USA": 2.5499182965006933e-05}, "Peas; dry": {"CAN": 2.0195191754373688e-08, "USA": 1.6713164068342473e-07, "TUR": 3.9775967763330486e-07, "UKR": 4.669695121235072e-07, "RUS": 9.112189915946644e-07}, "Chick peas": {"CAN": 7.441319582687842e-09, "PRT": 1.1793965123379429e-07, "ETH": 3.751261674668337e-07, "ESP": 4.090859496671226e-07, "USA": 4.922884165467031e-07, "IND": 9.30150604325554e-07, "AUS": 1.987598625577284e-06, "ARG": 3.774215380858164e-06, "MEX": 7.129603383524145e-06}, "Cow peas; dry": {"GNB": 0.0039571725399447}, "Lentils": {"CAN": 1.2556870526407784e-07, "ESP": 1.0234011377819764e-06, "USA": 1.39801716650745e-06}, "Pulses nes": {"GNB": 0.0032286644656481}, "Cashew nuts; with shell": {"GNB": 0.0032108870662179}, "Chestnut": {"ESP": 7.637183161687135e-10, "FRA": 1.5910809292894403e-09, "PRT": 7.091561826205234e-08}, "Almonds; with shell": {"USA": 1.7939103972183407e-09, "ESP": 8.165009975634618e-09, "PRT": 2.4174591727708635e-08}, "Soybeans": {"USA": 1.9787487351068205e-05, "ARG": 3.290071698885396e-05, "PRY": 9.216703868160944e-05, "BRA": 0.0001594812368224}, "Groundnuts; with shell": {"GNB": 0.0137867369114624}, "Coconuts": {"GNB": 4.7865959798340696e-05}, "Oil palm fruit": {"IDN": 6.160926765084646e-05, "GNB": 8.222280652697765e-05, "CIV": 9.19050473065728e-05, "MYS": 0.0001430431917924, "SEN": 0.0}, "Olives": {"ESP": 6.366465020555912e-06, "PRT": 1.4740119574082845e-05}, "Sunflower seed": {"RUS": 2.1568761179729577e-07, "MDA": 2.2110070633052425e-07, "FRA": 3.76432171455686e-07, "UKR": 6.35994447117325e-07, "ARG": 1.876110877909516e-06, "PRT": 2.0945010299617363e-06, "ROU": 2.180223172399975e-06, "BGR": 3.938851532705187e-06, "ESP": 8.499347435842745e-06}, "Mustard seed": {"RUS": 1.9195495499910253e-08, "DEU": 1.0096257464493765e-07, "CZE": 1.29148981973154e-07, "USA": 1.3997626255432592e-07, "UKR": 2.089325971611641e-07, "FRA": 2.6651871188242904e-07, "CAN": 6.539585212415213e-07}, "Linseed": {"KAZ": 6.923912877239948e-11, "CAN": 7.252688004947874e-11, "USA": 7.584511865309336e-11, "RUS": 8.495174070427359e-11, "IND": 5.4919639333472385e-09}, "Oilseeds nes": {"BGR": 4.110550537796581e-07, "PRT": 4.684645551798159e-07, "FRA": 7.231566879240493e-07, "ITA": 2.3418148365046447e-06, "CIV": 3.4636503735822905e-06, "MYS": 9.0963490293186e-06, "CHN": 1.173688093173903e-05, "IND": 1.249384541281158e-05, "BRA": 1.996283997075744e-05, "ETH": 5.005164803726587e-05}, "Tomatoes": {"PRT": 2.141884234478264e-08, "TUR": 2.9828551621823425e-08, "USA": 4.3541916095792114e-08, "ESP": 6.029191807433602e-08, "ITA": 1.5994901993717397e-07, "MYS": 2.2692355733443329e-07, "CHN": 2.312622036368325e-06}, "Onions; dry": {"EGY": 1.5585004518391765e-07, "FRA": 4.260057639497448e-07, "SEN": 8.732185578664623e-07, "NLD": 1.704197065258878e-06}, "Garlic": {"CHN": 2.64216514184202e-07}, "Beans; green": {"FRA": 7.343268757056276e-10, "ESP": 4.366253611897321e-09, "PRT": 1.1605322083895112e-08, "MAR": 2.09288081373142e-08}, "Carrots and turnips": {"FRA": 8.650792127460955e-10, "ESP": 7.077744891900985e-09, "PRT": 1.9026022880790104e-08}, "Maize; green": {"HUN": 7.565836279780192e-09, "CHN": 1.5092015338703996e-08, "THA": 2.2031792746499426e-08, "FRA": 4.173455460599625e-07}, "Mushrooms and truffles": {"NLD": 3.842975407961017e-12, "POL": 8.632620669726176e-12, "CHN": 2.1326254866451748e-10, "PRT": 3.4441439207114305e-09, "ESP": 4.0800397257477264e-09}, "Vegetables; fresh nes": {"GNB": 0.0057048340123937}, "Bananas": {"GNB": 0.0003837498894775}, "Plantains and others": {"GNB": 0.008128997504603}, "Oranges": {"GNB": 0.0003767889917055}, "Tangerines; mandarins; clementines; satsumas": {"URY": 1.5388281986129193e-08, "ESP": 3.286938934289332e-08, "PRT": 7.671891264967506e-08}, "Lemons and limes": {"GNB": 0.0001869987427431}, "Pears": {"ESP": 6.4692087608455615e-09, "ZAF": 2.0187401367475847e-08, "PRT": 1.9150488703834694e-07}, "Strawberries": {"EGY": 1.078252822148522e-10}, "Grapes": {"ESP": 3.525970894036573e-05, "PRT": 0.0002353801182348}, "Mangoes; mangosteens; guavas": {"GNB": 0.0002673288180549}, "Pineapples": {"CRI": 3.54755353092016e-06, "GNB": 4.643487005262229e-05}, "Dates": {"DZA": 8.544106599472202e-08}, "Kiwi fruit": {"ESP": 3.945029619357064e-10, "ITA": 9.47467102231212e-10, "NZL": 1.7562066237276914e-09, "PRT": 1.7099560405262923e-08, "CHL": 3.5988785602219726e-08}, "Papayas": {"GNB": 8.533188693468053e-05}, "Fruit; fresh nes": {"EGY": 5.113496025647561e-07, "GNB": 0.0007876719280933}, "Coffee; green": {"IDN": 8.187589709262663e-07, "VNM": 1.3616455754883237e-06, "IND": 2.308304401001872e-06, "TGO": 2.824252857544079e-06, "BRA": 7.103232375436631e-06, "CIV": 0.0004688783762392}, "Cocoa; beans": {"CMR": 4.1444966081587495e-06, "IDN": 6.584636600191818e-06, "IND": 6.813087318426001e-06, "NGA": 7.042753693599766e-06, "BRA": 1.4242007063716992e-05, "ECU": 2.172065445970997e-05, "GHA": 3.784704288073713e-05, "CIV": 6.18873026547371e-05}, "Spices nes": {"TUR": 1.72939328092572e-08, "PER": 1.830769715083607e-07, "ESP": 2.222156581875667e-07, "IND": 2.378474806973396e-07, "MAR": 6.350406652844992e-07}, "Meat; cattle": {"SWE": 4.584108284716461e-11, "IRL": 6.428995857639816e-10, "LTU": 1.6863417535841708e-10, "LVA": 6.904315843355358e-11, "DEU": 4.0461935120764514e-09, "DNK": 1.051715464049121e-10, "ROU": 5.7693154792590986e-12, "POL": 6.428190132471958e-09, "UKR": 7.434885908389741e-09, "CAN": 1.1351457466762622e-11, "SVK": 1.1978252783196591e-11, "BEL": 8.498986818875655e-11, "AUT": 3.347277760860516e-10, "HUN": 1.6956724853191154e-10, "NLD": 9.036617117312316e-11, "ARG": 3.087512372635513e-08, "URY": 9.78991096050646e-08, "AUS": 5.921972351427375e-08, "FRA": 3.496891841501301e-08, "USA": 1.4871372812122024e-08, "GBR": 1.1179675417198539e-09, "NZL": 6.426209461691441e-10, "ITA": 1.2733230054175624e-09, "IDN": 2.1439751017436508e-09, "BRA": 1.349744204342425e-05, "PRY": 3.3730356102257966e-08, "MYS": 2.148121726540881e-05, "BGR": 8.058442247757147e-10, "ESP": 1.4049641317623522e-07, "PRT": 9.240039597751053e-09, "GNB": 0.02389318475953387, "IND": 3.644774954995407e-05}, "Milk; whole fresh cow": {"EGY": 1.0137025938942962e-08, "KAZ": 4.884767990590382e-12, "CAN": 6.379230453984038e-09, "DNK": 2.9307735808987053e-09, "DEU": 1.4218540591491108e-07, "HUN": 2.5669272122749875e-09, "GBR": 5.812193647731106e-08, "VNM": 7.40043824402601e-11, "THA": 3.06943714946606e-08, "MKD": 1.1944923799296698e-11, "HRV": 1.0452374541854238e-10, "RUS": 4.258873189026509e-09, "TZA": 2.1362863313304145e-10, "IRL": 1.46770373163277e-08, "FRA": 8.697435823405507e-06, "ROU": 2.23259565066287e-09, "FJI": 8.801386199621274e-12, "SRB": 8.56292066692012e-11, "UKR": 8.26383724935018e-08, "USA": 8.661501640036278e-07, "BIH": 3.923528406061039e-12, "IDN": 4.1443484495229144e-07, "UGA": 1.0971346395724162e-10, "MYS": 4.498223460435849e-06, "ARG": 5.467654102475364e-06, "BGR": 3.810847905834668e-09, "MDG": 1.238765914732581e-09, "BLR": 3.171879436785176e-10,