{"Wheat": {"DEU": 2.4648489573580016e-06, "CAN": 2.7867624019828814e-06, "BGR": 3.3374827067517896e-06, "ROU": 4.329505572781812e-06, "RUS": 8.27701367134322e-06, "EGY": 1.0812120480126947e-05, "USA": 1.3043366399128398e-05, "FRA": 1.754913719201871e-05, "UKR": 2.1971644168299604e-05, "ESP": 3.625064446630184e-05, "MAR": 8.381019503167463e-05, "TUR": 0.0002699342647272}, "Rice; paddy": {"PAK": 3.154245482177309e-10, "IND": 4.537658668547883e-10, "GNB": 3.1905984997897327e-08}, "Barley": {"DNK": 9.975075969839189e-08, "DEU": 4.548472026126624e-07, "GBR": 6.389710123609402e-07, "FRA": 1.553230132710395e-06, "PRT": 4.05366009313225e-06, "ESP": 2.399519181910188e-05}, "Maize": {"GNB": 0.0022583578371148}, "Potatoes": {"DEU": 2.4045380009840643e-08, "CAN": 3.3975465358911766e-08, "NLD": 5.9038334343667945e-08, "MAR": 4.351224443680731e-07, "USA": 3.380869367707651e-06}, "Cassava": {"GNB": 0.0002539690675144}, "Roots and tubers nes": {"GNB": 0.0005168310933213}, "Beans; dry": {"CAN": 9.426647818874745e-08, "CHN": 5.259618691286219e-07, "USA": 1.1740799924672368e-05}, "Peas; dry": {"CAN": 1.7357196191779705e-08, "USA": 7.695380503128951e-08, "TUR": 2.8143603554434125e-07, "UKR": 3.808072852476254e-07, "RUS": 6.378854861175929e-07}, "Chick peas": {"CAN": 6.3956037404038406e-09, "PRT": 6.58865972165938e-08, "USA": 2.266684313705437e-07, "ESP": 2.532537762822987e-07, "ETH": 2.597178068644857e-07, "IND": 8.72191742655826e-07, "AUS": 9.562685953548104e-07, "ARG": 1.9656996575131974e-06, "MEX": 4.116132643292422e-06}, "Cow peas; dry": {"GNB": 0.0031326605646292}, "Lentils": {"CAN": 1.0792275108476448e-07, "ESP": 6.335592874939464e-07, "USA": 6.437006183981034e-07}, "Pulses nes": {"GNB": 0.0025004362260222}, "Cashew nuts; with shell": {"GNB": 0.0019126602051546}, "Chestnut": {"FRA": 3.041959336204684e-10, "ESP": 5.008593532012645e-10, "PRT": 3.598898423890774e-08}, "Almonds; with shell": {"USA": 7.731693962683352e-10, "ESP": 5.354751259330552e-09, "PRT": 1.2268369394391804e-08}, "Soybeans": {"USA": 1.3249102853009868e-05, "ARG": 2.159981059753573e-05, "PRY": 3.5198129483894456e-05, "BRA": 5.92986260169926e-05}, "Groundnuts; with shell": {"GNB": 0.0105345107146441}, "Coconuts": {"GNB": 2.8512779988756137e-05}, "Oil palm fruit": {"CIV": 4.771507000782243e-05, "IDN": 4.84355867819583e-05, "GNB": 5.352364638328884e-05, "MYS": 0.0001341027408605, "SEN": 0.0}, "Olives": {"ESP": 4.352309802824391e-06, "PRT": 7.363948907221474e-06}, "Sunflower seed": {"FRA": 1.211644640405546e-07, "RUS": 1.5608334021380006e-07, "MDA": 1.88123373753597e-07, "UKR": 5.171259193946815e-07, "PRT": 1.0091623673181096e-06, "ARG": 1.0585659117079584e-06, "ROU": 1.6560000559987755e-06, "BGR": 2.7442168272540363e-06, "ESP": 5.807120423395194e-06}, "Mustard seed": {"RUS": 1.1535320473388741e-08, "FRA": 5.185695633607184e-08, "USA": 7.196028288484019e-08, "DEU": 7.411981929685521e-08, "CZE": 9.874976240270577e-08, "UKR": 1.7012434810992713e-07, "CAN": 5.481002712584742e-07}, "Linseed": {"KAZ": 2.3504714065198638e-11, "USA": 3.899115531529952e-11, "RUS": 5.105080792525522e-11, "CAN": 6.078673392493166e-11, "IND": 5.111792172801895e-09}, "Oilseeds nes": {"FRA": 1.4070571077335336e-07, "PRT": 2.48215234622592e-07, "BGR": 2.881033569307565e-07, "CIV": 1.5219550195520355e-06, "ITA": 1.5931258174384075e-06, "CHN": 4.23669351361544e-06, "BRA": 7.257074682628893e-06, "MYS": 8.57054276706042e-06, "IND": 1.1628980445704078e-05, "ETH": 3.432668322036567e-05}, "Tomatoes": {"PRT": 1.2382668240199544e-08, "USA": 1.7683776107206038e-08, "TUR": 2.0510428099714985e-08, "ESP": 3.6604638456598027e-08, "ITA": 1.199220225036245e-07, "MYS": 2.154135463141582e-07, "CHN": 1.272486007651722e-06}, "Onions; dry": {"FRA": 7.02922819632646e-08, "EGY": 1.5585004518391765e-07, "SEN": 5.268988597215059e-07, "NLD": 1.0450742172092497e-06}, "Garlic": {"CHN": 1.4538122183505913e-07}, "Beans; green": {"FRA": 1.2116622864847525e-10, "ESP": 2.650855039580308e-09, "PRT": 6.7092726521953745e-09, "MAR": 9.317321287619842e-09}, "Carrots and turnips": {"FRA": 1.4274077275180008e-10, "ESP": 4.29706503177826e-09, "PRT": 1.0999330658066912e-08}, "Maize; green": {"HUN": 6.838271196675459e-09, "CHN": 7.824158935938215e-09, "THA": 2.065916684659696e-08, "FRA": 5.694446680109265e-08}, "Mushrooms and truffles": {"NLD": 2.3566491212207147e-12, "POL": 6.715531131297103e-12, "CHN": 1.1734455733108038e-10, "PRT": 1.991129625736201e-09, "ESP": 2.477087872132645e-09}, "Vegetables; fresh nes": {"GNB": 0.004626257197912}, "Bananas": {"GNB": 0.0002915826818138}, "Plantains and others": {"GNB": 0.0061766138775359}, "Oranges": {"GNB": 0.0002244455489442}, "Tangerines; mandarins; clementines; satsumas": {"URY": 3.315631379497938e-09, "ESP": 2.1556299931354856e-08, "PRT": 3.893409950925794e-08}, "Lemons and limes": {"GNB": 0.0001113913526955}, "Pears": {"ESP": 4.242616219990297e-09, "ZAF": 5.8892267770898e-09, "PRT": 9.718686137415921e-08}, "Strawberries": {"EGY": 1.078252822148522e-10}, "Grapes": {"ESP": 2.312391184033762e-05, "PRT": 0.0001194531130505}, "Mangoes; mangosteens; guavas": {"GNB": 0.000159242346878}, "Pineapples": {"CRI": 1.5518315548809736e-06, "GNB": 2.76603088958178e-05}, "Dates": {"DZA": 5.544016587317392e-08}, "Kiwi fruit": {"ESP": 2.587216964264232e-10, "NZL": 3.6649739903539964e-10, "ITA": 7.147198379199415e-10, "PRT": 8.677860039846294e-09, "CHL": 1.0931732343755056e-08}, "Papayas": {"GNB": 5.083047176833804e-05}, "Fruit; fresh nes": {"EGY": 5.113496025647561e-07, "GNB": 0.0004692001682127}, "Coffee; green": {"IDN": 6.526691599445731e-07, "VNM": 1.300318448153065e-06, "TGO": 2.1438745498109534e-06, "IND": 2.1487261629415314e-06, "BRA": 2.716696949826552e-06, "CIV": 0.0002178058267084}, "Cocoa; beans": {"CMR": 3.2463366213660223e-06, "NGA": 3.952022941452442e-06, "IDN": 5.248906443767691e-06, "BRA": 5.446987386081372e-06, "IND": 6.342083377371352e-06, "ECU": 9.316211817175104e-06, "GHA": 2.169720081385676e-05, "CIV": 2.8748212330846847e-05}, "Spices nes": {"TUR": 1.1552495865804065e-08, "PER": 3.796926083723426e-08, "ESP": 1.386065727516396e-07, "IND": 2.2138289779486746e-07, "MAR": 2.639633342660675e-07}, "Meat; cattle": {"IRL": 1.44316953905139e-10, "SWE": 4.154562317394631e-11, "LVA": 5.884853440373311e-11, "LTU": 1.573444373997322e-10, "DEU": 3.340972154756143e-09, "DNK": 1.2174775818881316e-10, "ROU": 4.354764858269837e-12, "POL": 5.270521958547383e-09, "URY": 2.247672107383695e-08, "UKR": 6.086753925062604e-09, "BEL": 5.649061731303689e-11, "SVK": 9.243233084774084e-12, "CAN": 1.0065133472109484e-11, "NLD": 5.982818522456542e-11, "HUN": 1.5274170222580252e-10, "FRA": 7.550567245460452e-09, "ARG": 1.964015173111125e-08, "NZL": 1.3663734614667128e-10, "AUT": 2.6918875002241597e-10, "AUS": 3.2479872512290095e-08, "GBR": 4.726639666334128e-10, "USA": 9.909061158835839e-09, "PRY": 1.248712513459395e-08, "BRA": 4.6948024071669945e-06, "ITA": 1.057001900920483e-09, "IDN": 1.6855368690206426e-09, "MYS": 2.0138603426101664e-05, "BGR": 5.70296120858328e-10, "ESP": 9.530601428955815e-08, "PRT": 5.340347523045243e-09, "GNB": 0.02078197102233325, "IND": 3.36393935954704e-05}, "Milk; whole fresh cow": {"KAZ": 2.4893468112666703e-12, "EGY": 1.0137025938942962e-08, "CAN": 5.475950896291292e-09, "GBR": 2.3916804157901843e-08, "MKD": 3.949480310583486e-12, "IRL": 3.294674533636549e-09, "DEU": 1.258239639691011e-07, "FRA": 6.36571735578849e-06, "DNK": 3.3453333662081077e-09, "HUN": 2.314787285868747e-09, "THA": 2.9057127357892772e-08, "HRV": 6.735799956842681e-11, "TZA": 1.0081446928763103e-10, "BIH": 1.323629236664146e-12, "RUS": 2.989442271116851e-09, "ROU": 1.5155443346284953e-09, "VNM": 7.049246076937827e-11, "FJI": 6.391981297547848e-12, "USA": 5.708211190657092e-07, "SRB": 7.190884606924267e-11, "UKR": 6.744387791370023e-08, "UGA": 7.946395344221477e-11, "IDN": 3.2575547205367845e-07, "ARG": 3.3253519521060787e-06, "BLR": 2.3461362923027915e-10, "CHN": 5.471082675474917e-09, "NZL": 1.8070661289653421e-07, "BGR": 2.6934842655384503e-09,