{"Wheat": {"CAN": 9.796372879554244e-05, "MEX": 0.0009457993112723, "USA": 0.0052599937114368}, "Barley": {"FRA": 2.250998095178876e-06, "CAN": 1.044365654345127e-05, "SWE": 1.3714195748717838e-05, "MEX": 0.0001354495767451, "USA": 0.0003596026186517}, "Maize": {"ARG": 0.0009263641815469, "USA": 0.001438701396237, "BRA": 0.0018974064721754, "SLV": 0.0129932835671254, "HND": 0.337672533985444}, "Oats": {"CAN": 1.5646027923278744e-06, "CHL": 0.0004710360617094}, "Potatoes": {"NLD": 9.82186936952657e-07, "CAN": 1.2129255741531055e-06, "FRA": 1.5786401820828804e-06, "BEL": 1.938888129372629e-06, "DEU": 2.1643730763002284e-06, "TUR": 2.838330220489229e-06, "USA": 1.644099538494392e-05, "HND": 0.0049941901019902}, "Sweet potatoes": {"HND": 4.24658413709978e-05}, "Cassava": {"NIC": 4.0001817871849525e-06, "HND": 0.0001397371026277}, "Roots and tubers nes": {"HND": 3.70841806624633e-05}, "Beans; dry": {"NIC": 0.0232386089139687, "HND": 0.2183234982716956}, "Peas; dry": {"CAN": 7.865197427161929e-08, "USA": 4.917195197806924e-07, "MEX": 2.521684768799548e-06}, "Cashew nuts; with shell": {"HND": 0.0004693638701357}, "Chestnut": {"TUR": 3.828588169426268e-10}, "Almonds; with shell": {"USA": 3.988347965771865e-06}, "Walnuts; with shell": {"TUR": 1.9618851866558103e-08, "USA": 1.499589536707244e-07}, "Pistachios": {"USA": 1.6272487900175766e-06}, "Hazelnuts; with shell": {"TUR": 5.8567674185790484e-08}, "Nuts nes": {"LBN": 4.328656355503037e-07, "CHN": 7.078537251420515e-07, "IRN": 1.111952158129221e-06, "THA": 2.723153426834787e-06, "GTM": 5.887162701835304e-06, "MEX": 8.942005940244851e-06, "USA": 8.984620556657956e-06, "TUR": 1.10840771283247e-05}, "Soybeans": {"USA": 0.0001101521560864}, "Groundnuts; with shell": {"NIC": 0.0005538489533426}, "Coconuts": {"IND": 8.499385675404087e-06, "HND": 0.0014443303543626}, "Oil palm fruit": {"GTM": 0.0015110352307325, "HND": 0.0440921560170927}, "Olives": {"GRC": 3.715125256985884e-06, "TUN": 1.1985591888099594e-05, "ITA": 1.639546478406943e-05, "TUR": 2.7675292566504387e-05, "ESP": 4.7758765164141614e-05, "USA": 0.0}, "Sunflower seed": {"CAN": 3.905421749426293e-07, "USA": 2.401205634431338e-06, "BOL": 1.803575810507384e-05, "ARG": 0.0001253375466472}, "Rapeseed": {"USA": 1.4126448341667088e-10, "CAN": 2.5141458884862594e-10}, "Sesame seed": {"GTM": 9.205342138133995e-06, "NIC": 0.0002934937969621, "HND": 0.0003650741044664}, "Mustard seed": {"FRA": 6.667980326198531e-07, "USA": 6.128812774845004e-06, "CAN": 8.94320198259969e-06}, "Cabbages and other brassicas": {"HND": 0.0040234768039741}, "Asparagus": {"PER": 1.080539951065022e-06}, "Lettuce and chicory": {"GTM": 0.0001491402937016, "HND": 0.000158677649931}, "Spinach": {"TUR": 2.0956997017176186e-07}, "Tomatoes": {"USA": 8.817801296033964e-06, "CRI": 0.0001933186038867, "HND": 0.0010534930439762}, "Cauliflowers and broccoli": {"HND": 0.000117750710186, "GTM": 0.0001576019615585}, "Cucumbers and gherkins": {"HND": 0.0003039972256102}, "Eggplants (aubergines)": {"HND": 9.163468574519828e-05}, "Chillies and peppers; green": {"TUR": 3.916003839495346e-06, "GTM": 3.955310920931642e-05, "HND": 0.0006611784789135}, "Onions; dry": {"ESP": 7.392191910905346e-07, "NLD": 1.1406662116451652e-06, "USA": 1.1969246642949068e-06, "MEX": 1.0603126647679111e-05, "GTM": 0.0001547930795009, "HND": 0.0007774366436613}, "Garlic": {"CHN": 1.3825555764013292e-05, "HND": 0.0001095579043422}, "Peas; green": {"GTM": 1.713735511495236e-06}, "Carrots and turnips": {"GTM": 0.0003006566333305, "HND": 0.0004655449582797}, "Maize; green": {"CHN": 3.072010554024904e-06, "USA": 4.288040609591171e-06, "MEX": 2.0389233782703856e-05, "THA": 3.575826065330733e-05}, "Mushrooms and truffles": {"NLD": 1.2815932800350086e-10, "ESP": 1.9132583947686163e-08, "CHN": 3.774702428858204e-07}, "Vegetables; fresh nes": {"CHN": 3.0131130187784432e-05, "MEX": 0.0001727897874917, "CRI": 0.0003697862199216, "GTM": 0.0007616108735736, "HND": 0.0051341818880038}, "Bananas": {"GTM": 0.0001095642042471, "HND": 0.0014484099460935}, "Plantains and others": {"GTM": 0.0004769534765371, "NIC": 0.0007626260792497, "HND": 0.0094467252147553}, "Oranges": {"HND": 0.0072224975254175}, "Tangerines; mandarins; clementines; satsumas": {"ESP": 8.67674135920107e-08, "CHL": 1.0495976868256009e-07, "TUR": 3.573997110828824e-07, "PER": 4.028786187614541e-07}, "Lemons and limes": {"TUR": 1.45568774654119e-05, "HND": 0.0010696889864525}, "Grapefruit (inc. pomelos)": {"HND": 0.0017680248215922}, "Fruit; citrus nes": {"HND": 1.5593699425812207e-05}, "Apples": {"CHN": 5.960318338534048e-06, "USA": 1.6763805040312223e-05, "CHL": 7.235035212774574e-05, "GTM": 0.0005551487915306, "SLV": 0.0005902166245354}, "Pears": {"TUR": 3.624477892997632e-07, "ARG": 1.2456848290791852e-06, "USA": 1.907752192286336e-06, "CHL": 6.729136993767242e-06}, "Quinces": {"TUR": 1.452553114392457e-09}, "Apricots": {"TUR": 9.834885806243785e-08}, "Peaches and nectarines": {"ESP": 1.7663838733703668e-08, "TUR": 3.0077812678238696e-08, "USA": 4.757265350546531e-07, "CHL": 9.123004785041806e-07}, "Plums and sloes": {"ESP": 1.482299972922795e-07, "ARG": 4.490264966677508e-07, "USA": 2.701582137061467e-06, "MEX": 3.623195679747089e-06, "CHL": 1.4550993145567854e-05}, "Strawberries": {"GTM": 4.9514492984984426e-05}, "Grapes": {"ITA": 2.6716688929986302e-06, "ARG": 6.3060886614917966e-06, "PER": 6.654425924441479e-06, "ESP": 7.193069468368718e-06, "MEX": 8.898461052065504e-06, "USA": 1.98302218113333e-05, "HND": 7.276281515293608e-05, "CHL": 0.000197502651514}, "Watermelons": {"GTM": 6.306615624833585e-06, "HND": 0.0002065518863052}, "Melons; other (inc.cantaloupes)": {"HND": 0.00155380135604}, "Figs": {"TUR": 5.008433740911775e-08}, "Mangoes; mangosteens; guavas": {"GTM": 3.010617604914683e-05, "HND": 0.0004536860155753}, "Avocados": {"GTM": 8.141057234960835e-05, "MEX": 0.0005038650190215, "HND": 0.0005367174613968}, "Pineapples": {"GTM": 4.19363233317817e-06, "HND": 0.0001350452381246}, "Dates": {"SAU": 3.1020331203921987e-09, "ISR": 1.2533313397401788e-07, "MEX": 4.1653545637859533e-07, "PAK": 4.304381431482385e-07, "USA": 1.3815466512129775e-06, "TUN": 1.994165605324812e-06}, "Kiwi fruit": {"NZL": 2.3835436346419556e-08, "ITA": 6.359630175445852e-08, "USA": 7.598529004957846e-08, "CHL": 6.810790951401576e-06}, "Papayas": {"GTM": 7.900690109215008e-07, "HND": 3.137575425660384e-05}, "Fruit; fresh nes": {"CHN": 5.5664669015063794e-05, "MEX": 8.647365621188604e-05, "ECU": 0.0001672304199659, "CHL": 0.0001793656226981, "SLV": 0.0003519648639208, "CRI": 0.0013370048546781, "GTM": 0.0022207584465857, "HND": 0.0056877094237455}, "Coffee; green": {"HND": 0.0476561099578556}, "Cocoa; beans": {"CMR": 1.1474849132902496e-05, "IDN": 1.7931616297944805e-05, "GTM": 7.664281761894025e-05, "GHA": 8.382094892112525e-05, "NIC": 0.0001310839198256, "MEX": 0.0001408820103129, "CIV": 0.0001532041417217, "ECU": 0.0002330741020974, "HND": 0.0031001783427651}, "Tea": {"TUR": 1.7714685663740314e-07, "MWI": 9.63973675102538e-07, "IDN": 2.1807355676767426e-06, "SLV": 3.5478339879690674e-06, "VNM": 5.103786713788502e-06, "ARG": 6.733664126752426e-06, "IND": 7.439488170497673e-06, "KEN": 9.550870011604448e-06, "CHN": 2.0010758959643013e-05, "LKA": 9.918147972156488e-05}, "Pepper (piper spp.)": {"BRA": 1.1528048734802297e-07, "GTM": 3.5101597284730792e-06, "HND": 6.806996309040521e-05}, "Cinnamon (cannella)": {"IDN": 2.12452979367225e-06, "LKA": 0.0005055708817577}, "Cloves": {"COM": 0.0, "TZA": 9.96676397168195e-07, "LKA": 1.576051389379486e-06, "IDN": 3.0230988450535056e-06, "MDG": 3.974818117119143e-05}, "Nutmeg; mace and cardamoms": {"HND": 0.0003164933089483}, "Anise; badian; fennel; coriander": {"IND": 9.457342271329542e-05}, "Spices nes": {"PAK": 5.45424118108454e-08, "TUR": 1.5524015130005517e-07, "MEX": 2.250405682952731e-07, "IND": 3.233811656829458e-06, "GTM": 5.123327423506578e-06}, "Meat; cattle": {"DNK": 2.459655080129337e-11, "IRL": 1.0259902350658368e-12, "FRA": 3.9342080223158545e-11,