{"Wheat": {"CAN": 0.0001182288671318, "MEX": 0.0015593251449732, "USA": 0.0098241267496351}, "Barley": {"FRA": 6.575416828766186e-06, "CAN": 1.247418800203762e-05, "SWE": 1.5110314797552796e-05, "MEX": 0.0002793025786912, "USA": 0.0011182269388853}, "Maize": {"ARG": 0.0017626401501061, "USA": 0.0022635235826896, "BRA": 0.0057345853232616, "SLV": 0.0214559055735652, "HND": 0.5216552742095547}, "Oats": {"CAN": 1.8629687985490928e-06, "CHL": 0.0018650891053447}, "Potatoes": {"CAN": 1.4731288100996232e-06, "NLD": 1.578074690332375e-06, "DEU": 2.93661898186406e-06, "BEL": 2.9591684760485112e-06, "TUR": 3.979359028916225e-06, "FRA": 9.550359517481478e-06, "USA": 4.047932712094299e-05, "HND": 0.0069553338620473}, "Sweet potatoes": {"HND": 5.914154215922312e-05}, "Cassava": {"NIC": 1.5826654874287833e-06, "HND": 5.528675980446051e-05}, "Roots and tubers nes": {"HND": 1.4672296407148476e-05}, "Beans; dry": {"NIC": 0.0577151296310936, "HND": 0.3400481788517062}, "Peas; dry": {"CAN": 9.151199794743769e-08, "USA": 1.0679379669867862e-06, "MEX": 4.367840839413227e-06}, "Cashew nuts; with shell": {"HND": 0.0007423483187825}, "Chestnut": {"TUR": 5.155040176579941e-10}, "Almonds; with shell": {"USA": 9.25377920809433e-06}, "Walnuts; with shell": {"TUR": 2.6415995953315893e-08, "USA": 3.479353003937738e-07}, "Pistachios": {"USA": 3.775548459836325e-06}, "Hazelnuts; with shell": {"TUR": 7.885902064045655e-08}, "Nuts nes": {"LBN": 5.180053446704286e-07, "CHN": 1.66562229077478e-06, "IRN": 2.181174777873329e-06, "THA": 2.8669764631004366e-06, "GTM": 9.629379041985298e-06, "TUR": 1.4924264608326147e-05, "MEX": 1.8745509740736096e-05, "USA": 2.0846148734599666e-05}, "Soybeans": {"USA": 0.0001645118480424}, "Groundnuts; with shell": {"NIC": 0.0014035328370459}, "Coconuts": {"IND": 9.161985249561726e-06, "HND": 0.0022843603407686}, "Oil palm fruit": {"GTM": 0.0026403803010291, "HND": 0.0808224874724579}, "Olives": {"GRC": 9.042745697048571e-06, "TUN": 1.4859368896035265e-05, "ITA": 2.3500919130155712e-05, "TUR": 3.975475642631019e-05, "ESP": 6.986049284569276e-05, "USA": 0.0}, "Sunflower seed": {"CAN": 4.340638803799042e-07, "USA": 4.315058230436065e-06, "BOL": 3.671468910065706e-05, "ARG": 0.0002221374522592}, "Rapeseed": {"CAN": 2.835453717277586e-10, "USA": 3.3714917875732846e-10}, "Sesame seed": {"GTM": 1.5057127298405536e-05, "HND": 0.0005527757165934, "NIC": 0.0007266686427021}, "Mustard seed": {"FRA": 3.42700700727325e-06, "CAN": 1.0670462049355736e-05, "USA": 1.1921691684993944e-05}, "Cabbages and other brassicas": {"HND": 0.0060067293347267}, "Asparagus": {"PER": 2.8788183391605373e-06}, "Lettuce and chicory": {"GTM": 0.0002190806120526, "HND": 0.0002368930507228}, "Spinach": {"TUR": 3.047800193765464e-07}, "Tomatoes": {"USA": 2.1711650376800625e-05, "CRI": 0.0003654120478385, "HND": 0.0015727809254256}, "Cauliflowers and broccoli": {"HND": 0.0001757924003341, "GTM": 0.0002315104345176}, "Cucumbers and gherkins": {"HND": 0.0004538435640899}, "Eggplants (aubergines)": {"HND": 0.0001368032628895}, "Chillies and peppers; green": {"TUR": 5.69508944960875e-06, "GTM": 5.810179904498374e-05, "HND": 0.0009870866313575}, "Onions; dry": {"ESP": 1.2175763724876748e-06, "NLD": 1.8600784310961835e-06, "USA": 2.947130352124049e-06, "MEX": 2.0500640389318983e-05, "GTM": 0.0002273843088067, "HND": 0.0011606507806282}, "Garlic": {"CHN": 2.5126629866760243e-05, "HND": 0.0001635611959322}, "Peas; green": {"GTM": 2.517403013204723e-06}, "Carrots and turnips": {"GTM": 0.0004416515323452, "HND": 0.0006950214189804}, "Maize; green": {"CHN": 5.9255992601388684e-06, "USA": 6.7464180327669634e-06, "MEX": 3.4768256904551794e-05, "THA": 3.8134092896333046e-05}, "Mushrooms and truffles": {"NLD": 2.0898874651443557e-10, "ESP": 3.151349753917112e-08, "CHN": 6.860161891933172e-07}, "Vegetables; fresh nes": {"CHN": 5.4760457273354176e-05, "MEX": 0.0003340808248377, "CRI": 0.0006989722518544, "GTM": 0.0011187732851209, "HND": 0.0076649232638882}, "Bananas": {"GTM": 0.0001753166121371, "HND": 0.0022257446677822}, "Plantains and others": {"GTM": 0.0007631860079495, "NIC": 0.0019773217580244, "HND": 0.0145166072156948}, "Oranges": {"HND": 0.0114231393521077}, "Tangerines; mandarins; clementines; satsumas": {"ESP": 1.3230433370818292e-07, "CHL": 3.45542178786798e-07, "TUR": 4.812243543045832e-07, "PER": 9.38186175404366e-07}, "Lemons and limes": {"TUR": 1.960025076058124e-05, "HND": 0.0016918256202456}, "Grapefruit (inc. pomelos)": {"HND": 0.0027963171803046}, "Fruit; citrus nes": {"HND": 6.169622086084941e-06}, "Apples": {"CHN": 1.4024986705810922e-05, "USA": 3.889544038331323e-05, "CHL": 0.0002381874371867, "GTM": 0.0009080330218632, "SLV": 0.0009948750112291}, "Pears": {"TUR": 4.880213888434113e-07, "ARG": 2.4855532880306392e-06, "USA": 4.426373456549474e-06, "CHL": 2.21532563130308e-05}, "Quinces": {"TUR": 1.955804419787345e-09}, "Apricots": {"TUR": 1.324227867288741e-07}, "Peaches and nectarines": {"ESP": 2.69341025350863e-08, "TUR": 4.049856655206698e-08, "USA": 1.103782407304458e-06, "CHL": 3.0034202533732552e-06}, "Plums and sloes": {"ESP": 2.260234599078399e-07, "ARG": 8.959563921400703e-07, "USA": 6.268220532272497e-06, "MEX": 7.595460164213694e-06, "CHL": 4.790389630371507e-05}, "Strawberries": {"GTM": 8.098872838617115e-05}, "Grapes": {"ITA": 3.541693192031174e-06, "ESP": 1.0968106849468476e-05, "ARG": 1.2582732840031485e-05, "PER": 1.5496206839559215e-05, "MEX": 1.865422472806892e-05, "USA": 4.601015153754297e-05, "HND": 0.00011508204388, "CHL": 0.0006502062397519}, "Watermelons": {"GTM": 1.0315460162957196e-05, "HND": 0.0003266835291257}, "Melons; other (inc.cantaloupes)": {"HND": 0.0024575002418589}, "Figs": {"TUR": 6.743654844445654e-08}, "Mangoes; mangosteens; guavas": {"GTM": 4.924337840902504e-05, "HND": 0.0007175521431168}, "Avocados": {"GTM": 0.0001331597747306, "HND": 0.0008488751062453, "MEX": 0.0010562738031268}, "Pineapples": {"GTM": 6.859344194158043e-06, "HND": 0.0002135882454105}, "Dates": {"SAU": 8.036171800845683e-09, "ISR": 1.38221290147011e-07, "PAK": 4.574460922187829e-07, "MEX": 8.732011035426699e-07, "TUN": 2.471868699367633e-06, "USA": 3.205469479023456e-06}, "Kiwi fruit": {"ITA": 8.430632611413253e-08, "NZL": 1.1421622991375877e-07, "USA": 1.763013416121843e-07, "CHL": 2.242207251548324e-05}, "Papayas": {"GTM": 1.292281929479853e-06, "HND": 4.962405482166686e-05}, "Fruit; fresh nes": {"CHN": 0.0001309823064101, "MEX": 0.0001812784263026, "ECU": 0.0005708019260559, "CHL": 0.0005904966145077, "SLV": 0.0005932754744432, "CRI": 0.0030564504750225, "GTM": 0.0036323991582903, "HND": 0.0089957105714599}, "Coffee; green": {"HND": 0.0747917095581295}, "Cocoa; beans": {"CMR": 1.4649581623003748e-05, "IDN": 2.249481453727149e-05, "GTM": 0.0001209786788317, "GHA": 0.0001462112590162, "MEX": 0.0002175414211631, "NIC": 0.0003284830601751, "CIV": 0.0003298080234546, "ECU": 0.0005434099325471, "HND": 0.0048654335906885}, "Tea": {"TUR": 2.4619382386493785e-07, "MWI": 1.3173098198415812e-06, "IDN": 2.7356843540836946e-06, "VNM": 5.344497424409492e-06, "SLV": 5.680090080884061e-06, "IND": 7.99199245642937e-06, "ARG": 8.616339776437777e-06, "KEN": 1.660167621412438e-05, "CHN": 4.036130683696734e-05, "LKA": 0.0001168164833902}, "Pepper (piper spp.)": {"BRA": 3.1711481848025425e-07, "GTM": 5.7415488828391895e-06, "HND": 0.0001030679036541}, "Cinnamon (cannella)": {"IDN": 2.716436097788411e-06, "LKA": 0.0006117518365538}, "Cloves": {"COM": 0.0, "LKA": 1.9070566892697104e-06, "TZA": 2.159779111501845e-06, "IDN": 3.865351690686936e-06, "MDG": 0.0001859193874555}, "Nutmeg; mace and cardamoms": {"HND": 0.0004792172698926}, "Anise; badian; fennel; coriander": {"IND": 0.0001016069920365}, "Spices nes": {"PAK": 5.8103374415885264e-08, "TUR": 2.323924437687057e-07, "MEX": 3.496072803676643e-07, "IND": 3.47431514939908e-06, "GTM": 8.380198372810082e-06}, "Meat; cattle": {"DNK": 2.1247678992061404e-11, "HUN": 4.07999041815806e-12, "POL": 4.136005177108268e-12, "DEU": 1.0950098621003723e-10,