{"Wheat": {"IND": 8.632776616624243e-05, "BTN": 0.0041012542642893}, "Rice; paddy": {"IND": 3.1692806104680115e-10, "BTN": 1.2626124892826218e-08}, "Barley": {"IND": 0.000326681284288, "BTN": 0.0056551921920084}, "Maize": {"BTN": 0.0046027765301637}, "Cereals nes": {"BTN": 2.4783580314053663e-05}, "Potatoes": {"BTN": 0.0022014374343715}, "Sweet potatoes": {"BTN": 2.349828077986983e-05}, "Roots and tubers nes": {"BTN": 3.800194838523755e-05}, "Beans; dry": {"BTN": 0.0004072716690038}, "Peas; dry": {"UKR": 1.3861242456727628e-06, "BTN": 0.0001394411768188}, "Lentils": {"CAN": 6.522629040677104e-06, "USA": 1.1016790849503902e-05, "AUS": 0.0001186530589084, "IND": 0.0002186305525364}, "Pulses nes": {"BTN": 0.000583413143629}, "Walnuts; with shell": {"BTN": 2.129638998967032e-05}, "Hazelnuts; with shell": {"TUR": 1.1271353442039462e-08}, "Areca nuts": {"BTN": 0.0014972848732804}, "Soybeans": {"BTN": 0.0036918236178523}, "Groundnuts; with shell": {"VNM": 1.5586836850000769e-06, "LAO": 1.9767969335048995e-06, "CHN": 3.027468917855784e-06, "IND": 6.423063131866549e-06, "MMR": 9.181356472039286e-06, "THA": 2.18169360359389e-05}, "Coconuts": {"MYS": 9.49620439337268e-08, "IDN": 1.987135476216947e-07, "THA": 2.7670450642742243e-06}, "Cabbages and other brassicas": {"BTN": 0.0006057851767689}, "Tomatoes": {"BTN": 0.0008748864343711}, "Cauliflowers and broccoli": {"BTN": 0.0008576863131099}, "Pumpkins; squash and gourds": {"BTN": 0.0007142254400845}, "Chillies and peppers; green": {"BTN": 0.0013634576832646}, "Onions; dry": {"BTN": 0.0016580043802272}, "Garlic": {"BTN": 0.0002489585534479}, "Carrots and turnips": {"BTN": 0.0006304947480278}, "Vegetables; fresh nes": {"BTN": 0.0028761589709718}, "Bananas": {"BTN": 8.489938436104261e-06}, "Oranges": {"BTN": 0.0008640250319008}, "Fruit; citrus nes": {"BTN": 1.0256640397756696e-09}, "Apples": {"BTN": 0.0007158451780198}, "Pears": {"BTN": 3.670284540897527e-05}, "Peaches and nectarines": {"BTN": 2.094265022102076e-05}, "Plums and sloes": {"BTN": 2.560796324315152e-05}, "Grapes": {"DEU": 6.633952682857166e-08, "USA": 1.22007567576057e-07, "IND": 1.3266742448877534e-07, "ITA": 1.7988999346324354e-07, "ESP": 1.980800842239885e-07, "TUR": 2.029727332828317e-07, "FRA": 2.102770870604004e-07, "AUS": 1.871470770030133e-05}, "Mangoes; mangosteens; guavas": {"IND": 1.5794447189204536e-06, "BTN": 2.525379504673304e-05}, "Fruit; fresh nes": {"IND": 5.184603262789374e-07, "BTN": 4.560294079643824e-05}, "Coffee; green": {"CHN": 3.28913608430755e-07, "ETH": 2.358691190676294e-06, "IND": 3.1003248293893382e-06, "HND": 4.096829109909445e-06, "VNM": 4.414421142314052e-06, "NIC": 5.147713767442645e-06, "IDN": 1.101548937763875e-05, "CRI": 1.5981153781463026e-05, "GTM": 1.675483276065809e-05, "BRA": 2.4462764488491585e-05, "COL": 5.683053128747211e-05}, "Cocoa; beans": {"TZA": 6.969932388331413e-07, "UGA": 9.0941418393293e-07, "CIV": 4.20633004967428e-06, "IDN": 4.504852249030549e-06, "GHA": 1.0905687327208888e-05, "IND": 2.059596302974153e-05}, "Tea": {"IND": 4.615088462889821e-05, "LKA": 0.0009025327503406}, "Chillies and peppers; dry": {"BTN": 8.852874226831767e-05}, "Nutmeg; mace and cardamoms": {"BTN": 0.0051029836386209}, "Ginger": {"BTN": 0.0008198941291289}, "Spices nes": {"BTN": 0.0002967585472183}, "Milk; whole fresh cow": {"DNK": 9.788764934642825e-11, "SWE": 4.369214270784204e-12, "EST": 1.5974169148533064e-13, "LTU": 1.0834154139019712e-11, "THA": 3.2488452490801195e-10, "DEU": 1.2466484687478014e-09, "BEL": 2.6654460596161255e-12, "HUN": 1.887768922651514e-11, "LUX": 3.80240655429098e-12, "POL": 1.9803470517748733e-10, "SVK": 2.3332630728077685e-12, "CHE": 1.6735972066711884e-11, "ITA": 2.378079434858128e-10, "MDA": 9.840416975394259e-12, "CZE": 3.448759296767327e-11, "IRL": 1.9370518403387707e-11, "AUT": 4.030010574642843e-11, "UKR": 1.6307518319224868e-10, "FRA": 4.452020680410238e-09, "NLD": 1.085439956565116e-11, "ROU": 2.257228735706324e-12, "USA": 9.482338396390972e-09, "CHN": 1.8273938147523057e-10, "ARG": 2.5111706249863452e-09, "GBR": 1.6925061193428198e-10, "AUS": 1.558304495808946e-08, "RUS": 5.0290342351552315e-11, "ISR": 5.193456468900588e-12, "IDN": 1.612189537253814e-09, "IND": 0.005289215465292228, "TUR": 3.073747587792292e-09, "MYS": 1.9259425226468557e-09, "ESP": 2.73714978820578e-10, "BRA": 2.354335990867726e-08, "LAO": 2.807374328685935e-11, "CAN": 6.249933187733745e-10, "ZAF": 4.379435319003277e-10, "PRY": 1.7239705548022268e-09, "NZL": 3.2090303406294823e-09, "BTN": 0.1044913588074564}, "Meat; pig": {"LKA": 3.016039081259176e-08, "ARG": 1.4248384967758862e-08, "IND": 0.0003203902044503196, "USA": 5.482605189737826e-10, "CHN": 7.413815688114183e-10, "ETH": 3.0688227226861357e-09, "BRA": 4.718721763769229e-08, "NPL": 0.00013619810050177785, "BTN": 3.573398114923468e-06}, "Meat; chicken": {"BTN": 0.0, "IND": 0.0006568946709185235}, "Meat; turkey": {"BRA": 1.971534675159237e-05, "FRA": 6.441372609368706e-06, "DEU": 1.832685294230473e-07, "HUN": 5.85486085319013e-08, "ITA": 3.1329420213364683e-07, "NLD": 1.964614808081878e-09, "POL": 3.909355309420309e-07, "GBR": 1.2648763121167557e-07, "BEL": 0.0, "FIN": 5.461734541781454e-10, "RUS": 1.4517444735461798e-09, "LTU": 6.51699958158374e-09, "AUT": 9.362365167880973e-10, "IRL": 2.0977363547620365e-09, "USA": 2.93033255930532e-07, "CAN": 3.4379860161137933e-10, "BGR": 3.7491449999566877e-10, "ARG": 9.07895521663126e-07, "UKR": 6.48279861383371e-08, "ESP": 1.4258150306786888e-07, "IDN": 2.683392047149598e-08, "CHL": 1.0639050512849452e-07, "BOL": 1.086195554333165e-09, "ISR": 1.4127771168015403e-09, "CHE": 3.566987290431685e-09, "MYS": 2.361103269653228e-08, "MDA": 2.309674419976957e-09, "PRT": 4.778853566756901e-09, "PRY": 3.1274487691170263e-07, "ZAF": 1.0247392986819509e-07}}