{"Wheat": {"IND": 8.250130921617585e-05, "BTN": 0.0029298236810158}, "Rice; paddy": {"IND": 2.92508259594756e-10, "BTN": 9.658870459007894e-09}, "Barley": {"IND": 0.0003117801019256, "BTN": 0.0036018840583513}, "Maize": {"BTN": 0.0030789809936322}, "Cereals nes": {"BTN": 6.264041730926672e-05}, "Potatoes": {"BTN": 0.0013143191829861}, "Sweet potatoes": {"BTN": 1.402912511342592e-05}, "Roots and tubers nes": {"BTN": 9.604979890926584e-05}, "Beans; dry": {"BTN": 0.0003068086827965}, "Peas; dry": {"UKR": 1.1303654677801516e-06, "BTN": 0.0001050447822507}, "Lentils": {"USA": 5.072552220731573e-06, "CAN": 5.606015200163344e-06, "AUS": 5.708606985173853e-05, "IND": 0.0002050074060349}, "Pulses nes": {"BTN": 0.0004395007847238}, "Walnuts; with shell": {"BTN": 1.2683075108844466e-05}, "Hazelnuts; with shell": {"TUR": 8.371102641966989e-09}, "Areca nuts": {"BTN": 0.0008917087129022}, "Soybeans": {"BTN": 0.0030326983125456}, "Groundnuts; with shell": {"CHN": 1.4498928799601542e-06, "VNM": 1.4528926499130469e-06, "LAO": 1.4605838017622037e-06, "IND": 6.035359220510448e-06, "MMR": 8.917389080109463e-06, "THA": 2.0595118319367848e-05}, "Coconuts": {"MYS": 8.940151711111185e-08, "IDN": 1.547794400896696e-07, "THA": 2.6282351271331893e-06}, "Cabbages and other brassicas": {"BTN": 0.0003832039513058}, "Tomatoes": {"BTN": 0.000553430409742}, "Cauliflowers and broccoli": {"BTN": 0.0005425500602667}, "Pumpkins; squash and gourds": {"BTN": 0.0004518004422348}, "Chillies and peppers; green": {"BTN": 0.0008624878780495}, "Onions; dry": {"BTN": 0.0010488104597974}, "Garlic": {"BTN": 0.0001574847075352}, "Carrots and turnips": {"BTN": 0.0003988345835903}, "Vegetables; fresh nes": {"BTN": 0.0018193833796639}, "Bananas": {"BTN": 8.177121316679218e-06}, "Oranges": {"BTN": 0.0005145705155115}, "Fruit; citrus nes": {"BTN": 2.5923624696882104e-09}, "Apples": {"BTN": 0.0004263219336015}, "Pears": {"BTN": 2.185839690464585e-05}, "Peaches and nectarines": {"BTN": 1.2472405222683305e-05}, "Plums and sloes": {"BTN": 1.5250834594734385e-05}, "Grapes": {"FRA": 4.020250236164747e-08, "DEU": 5.009688639861024e-08, "USA": 5.258485457758719e-08, "IND": 1.230728468315958e-07, "ESP": 1.29904260204442e-07, "ITA": 1.3569964241364597e-07, "TUR": 1.5074547990784452e-07, "AUS": 1.0076138631184963e-05}, "Mangoes; mangosteens; guavas": {"IND": 1.4652184492140832e-06, "BTN": 1.5039909558213246e-05}, "Fruit; fresh nes": {"IND": 4.80965003807589e-07, "BTN": 2.715885291290947e-05}, "Coffee; green": {"CHN": 1.630722950433779e-07, "ETH": 1.370549069967783e-06, "NIC": 2.054238347686136e-06, "HND": 2.610435564233826e-06, "IND": 2.8859924504041646e-06, "VNM": 4.215600118415037e-06, "CRI": 6.904878745147988e-06, "COL": 7.768454964409562e-06, "IDN": 8.780936092032513e-06, "BRA": 9.356010638202616e-06, "GTM": 1.0614577741395767e-05}, "Cocoa; beans": {"TZA": 3.178797736775979e-07, "UGA": 6.312176193260571e-07, "CIV": 1.953946354331888e-06, "IDN": 3.5910179154714487e-06, "GHA": 6.252083913060936e-06, "IND": 1.917211811136094e-05}, "Tea": {"IND": 4.29603709120725e-05, "LKA": 0.0007662834137618}, "Chillies and peppers; dry": {"BTN": 5.600098045036274e-05}, "Nutmeg; mace and cardamoms": {"BTN": 0.0029365355741653}, "Ginger": {"BTN": 0.0004718118747265}, "Spices nes": {"BTN": 0.0001707710807162}, "Milk; whole fresh cow": {"DNK": 1.1331930132592198e-10, "EST": 1.0807702600540908e-13, "SWE": 3.959800017727742e-12, "LTU": 1.0141501665456767e-11, "BEL": 1.7706886546576776e-12, "DEU": 1.1119208349859145e-09, "LUX": 1.7214150093322558e-12, "IRL": 4.3481226207141294e-12, "HUN": 1.701429606000794e-11, "POL": 1.619998779157595e-10, "CHE": 7.120518779662441e-12, "FRA": 1.1002961270860145e-09, "SVK": 1.7924985731594164e-12, "THA": 3.077630573360133e-10, "CZE": 2.645499120291048e-11, "MDA": 8.357505291298394e-12, "ITA": 1.9750968134780527e-10, "NLD": 7.187450136342485e-12, "UKR": 1.3315578164432732e-10, "ROU": 1.5426509736309913e-12, "USA": 6.094559594928656e-09, "CHN": 9.752142912672104e-11, "GBR": 6.981096281447547e-11, "ARG": 1.63900605463455e-09, "AUS": 8.074197128361525e-09, "RUS": 3.555245782017067e-11, "AUT": 3.24045942667075e-11, "ISR": 4.337419627548451e-12, "IDN": 1.2674610365953517e-09, "IND": 0.004928373960233781, "TUR": 2.1347550257942066e-09, "BRA": 8.683922681809475e-09, "MYS": 1.80556772951166e-09, "ESP": 1.849125137644791e-10, "LAO": 2.189774569365509e-11, "ZAF": 1.6934402618748976e-10, "CAN": 5.397410382225993e-10, "PRY": 6.583757022287627e-10, "NZL": 6.823192113136907e-10, "BTN": 0.1044913588074564}, "Meat; pig": {"LKA": 2.4991901907856743e-08, "ARG": 9.354276890945257e-09, "CHN": 2.6761850119851035e-10, "IND": 0.00029863471850864124, "USA": 3.6709865569344656e-10, "ETH": 2.1046760614690348e-09, "BRA": 1.7545243736695746e-08, "NPL": 9.87309439249863e-05, "BTN": 3.573398114923468e-06}, "Meat; chicken": {"BTN": 0.0, "IND": 0.0006120798667206349}, "Meat; turkey": {"BRA": 7.147228243199739e-06, "FRA": 1.7004137717703588e-06, "DEU": 1.5784153536907579e-07, "HUN": 5.271690335498276e-08, "ITA": 2.6095452220785395e-07, "NLD": 1.300987094951835e-09, "POL": 3.2103745495560997e-07, "GBR": 5.290011270483557e-08, "BEL": 0.0, "IRL": 4.709061783312369e-10, "FIN": 5.428825406781055e-10, "RUS": 1.003952774993339e-09, "LTU": 5.646663516556083e-09, "AUT": 5.854094536463259e-10, "USA": 1.9363499624525488e-07, "BGR": 2.653270674745835e-10, "CHL": 2.9677488548772253e-08, "CAN": 3.0484004568357947e-10, "ARG": 5.956807675334523e-07, "CHE": 1.5210601401238003e-09, "ESP": 9.63978560181167e-08, "UKR": 5.2826679259318125e-08, "IDN": 2.1096122925256915e-08, "BOL": 7.540847873835275e-10, "ISR": 1.179909224706281e-09, "MYS": 2.2135301648937265e-08, "MDA": 1.961615674864285e-09, "PRT": 2.7619728831505967e-09, "PRY": 1.1883204139774035e-07, "ZAF": 3.96246241789092e-08}}