{"Wheat": {"CAN": 6.281446157287797e-07, "TUR": 1.787020723287863e-06, "USA": 1.9708784105462734e-05, "AUS": 0.0005338341400283}, "Barley": {"CAN": 4.5049463673259923e-08, "FRA": 7.95375116079421e-08, "USA": 1.6995507935034964e-06, "AUS": 2.100331831065537e-05}, "Maize": {"USA": 2.0106025740937785e-08, "FSM": 0.0}, "Sorghum": {"FSM": 0.0}, "Potatoes": {"CAN": 4.9156420343449005e-11, "USA": 4.897095013941848e-09}, "Sweet potatoes": {"FSM": 0.0}, "Cassava": {"FSM": 4.064601675463324e-05}, "Nuts nes": {"CHN": 5.973365142678128e-09, "USA": 1.676088172986174e-08, "PHL": 4.286417563130474e-07, "AUS": 9.198068838226178e-07}, "Soybeans": {"CAN": 2.5558919641193282e-08, "URY": 2.435123103429828e-07, "IND": 3.3155145187735445e-07, "ARG": 4.256767011220168e-07, "CHN": 6.46042212521684e-07, "USA": 8.754792750582558e-07, "BRA": 3.766910521370138e-06}, "Groundnuts; with shell": {"USA": 2.2479794371500012e-08, "CHN": 1.599631122766006e-07, "IND": 6.747291297913945e-07, "PHL": 1.161859028216961e-05}, "Coconuts": {"FSM": 0.0}, "Oil palm fruit": {"IDN": 1.972096252513456e-05}, "Oilseeds nes": {"FRA": 2.9698492047251763e-08, "BGR": 6.053837421859394e-08, "CIV": 3.245623291954569e-07, "ITA": 3.3619917086988946e-07, "CHN": 8.978472448667433e-07, "BRA": 1.536360511119702e-06, "MYS": 1.8119276982824085e-06, "IND": 2.4648916757353816e-06, "ETH": 7.28125279229054e-06}, "Tomatoes": {"MEX": 9.182343610361611e-11, "USA": 1.0483688431190146e-10}, "Maize; green": {"CHN": 7.3540289953192225e-09, "USA": 1.0156191125194768e-08, "THA": 2.785243595474003e-07}, "Mushrooms and truffles": {"NLD": 1.1755305421359777e-13, "KOR": 4.29756875906224e-11, "TWN": 3.2773077799332216e-10, "CHN": 1.6222486242848379e-09}, "Vegetables; fresh nes": {"CHN": 8.937873085250245e-07, "FSM": 0.0}, "Bananas": {"FSM": 0.0}, "Plantains and others": {"FSM": 0.0}, "Apples": {"KOR": 6.258048146108887e-09, "CHN": 7.917918952861334e-09, "JPN": 4.8259876417824224e-08}, "Grapes": {"TUR": 4.2081214111831355e-09, "MDA": 1.4905376308573558e-08, "CHL": 2.7319917868285172e-08, "USA": 3.538623001452221e-08, "AUS": 4.271493464727112e-07}, "Pineapples": {"IDN": 6.701126234221793e-09, "THA": 1.650938927610763e-08, "MYS": 8.809848062864848e-08, "PHL": 1.403841634473663e-07}, "Fruit; fresh nes": {"THA": 1.067605637270563e-06, "PHL": 4.461445615696239e-05, "FSM": 0.0}, "Coffee; green": {"CHN": 1.5045905486737293e-07, "ETH": 9.336177476792212e-07, "IDN": 2.790734669498021e-06, "HND": 2.834592646444182e-06, "GTM": 3.54447893744628e-06, "PER": 3.62689876366424e-06, "THA": 3.783049283881668e-06, "VNM": 4.102694924337799e-06, "BRA": 5.6647936043850566e-06, "COL": 9.48637053768854e-06}, "Cocoa; beans": {"CIV": 5.517310779736525e-07, "FSM": 0.0}, "Tea": {"IND": 2.2321552267537546e-08, "IDN": 3.3387003834296315e-08, "CHN": 2.2382668216655603e-07, "VNM": 8.36815130707044e-07, "LKA": 1.5791091169082826e-06, "TWN": 3.445800316035104e-06}, "Meat; cattle": {"URY": 1.4056938362158576e-07, "ARG": 1.106596325190553e-06, "IND": 1.2263770710660716e-07, "USA": 0.005232709469613512, "HND": 3.897067369501231e-08, "BRA": 0.0005042723442019625, "FJI": 1.3638695919541657e-08, "PRY": 6.785932244255217e-08, "CAN": 8.657373836089625e-08, "MEX": 3.752234638504029e-07, "NIC": 3.4759608384687264e-07, "SLV": 1.4100553962863228e-09, "IDN": 9.273015652448694e-08, "CRI": 4.542645944063259e-07, "PHL": 6.429743343030706e-07, "UKR": 3.285551554371588e-09, "MYS": 1.1859365817561443e-07, "CHL": 3.984970223082049e-09, "NZL": 3.664056961636219e-08, "VNM": 7.000136788842633e-09, "THA": 8.693301593872511e-09, "CHN": 1.4570899725499708e-08, "AUS": 0.012903261876411963, "GTM": 3.624157429376965e-08, "FSM": 0.0}, "Milk; whole fresh cow": {"RUS": 2.077212187625633e-10, "BLR": 5.1926333465552e-12, "EST": 3.445744750966454e-11, "DNK": 6.34704979562591e-10, "SWE": 1.0004167762182147e-10, "EGY": 4.2383868836303985e-11, "UKR": 1.8702836867210167e-09, "GBR": 6.049811970621586e-10, "FRA": 1.1331454442629625e-08, "LUX": 4.761047998791984e-12, "DEU": 6.241580572246995e-09, "LVA": 2.450705707919443e-11, "ROU": 1.9817107767554186e-10, "AUT": 5.747662423756704e-10, "URY": 4.8498346946063025e-09, "USA": 0.00020634383041655564, "LTU": 2.8616337712006873e-10, "HUN": 3.360453322998381e-10, "POL": 1.7120619389544244e-09, "CZE": 2.342737073566865e-10, "SVN": 2.3926169488047864e-11, "SLV": 2.4030485604170555e-09, "IDN": 3.708714618878424e-08, "COL": 6.825603459457418e-10, "BEL": 2.350717370546342e-11, "CAN": 1.2814264487961665e-07, "ITA": 7.805070335148354e-09, "TUR": 1.0876257035571328e-09, "NLD": 2.4587030535299536e-11, "HRV": 4.752672485002373e-12, "BGR": 8.790129547149466e-10, "SVK": 1.0361938992111556e-10, "IRL": 1.3961542649742725e-10, "ARG": 2.1895048556777145e-07, "IND": 4.6566765820248725e-09, "SRB": 6.254305485742572e-12, "MYS": 5.711881299759556e-08, "BRA": 8.448096934880225e-08, "CHE": 2.371436992560997e-10, "ESP": 5.243742020745186e-09, "ISR": 1.079669727121952e-11, "GRC": 4.624674134067065e-10, "PRY": 1.4510012188377576e-08, "GTM": 6.050228704571306e-09, "MDA": 9.050227015846998e-11, "PAK": 3.315283464744168e-10, "THA": 8.725703574983024e-10, "ZAF": 1.2668038487220278e-08, "FIN": 2.7208007184397083e-10, "AUS": 0.000851771906402196, "CHN": 2.9686988349732934e-09, "PRT": 5.240718646684975e-11, "BOL": 1.3374562731487041e-09, "NOR": 1.952368260014886e-10, "LAO": 6.05642554222131e-11, "CRI": 5.28897365458371e-08, "CYP": 1.0317359065328651e-10, "NIC": 3.9651583739691763e-08, "CHL": 1.6236365864766457e-08, "DOM": 4.005191526716106e-10, "MEX": 1.4560391576093106e-07, "PER": 5.47557096765007e-09, "PHL": 1.1174594639191574e-09, "NZL": 2.149088544378676e-08, "ISL": 0.0}, "Meat; pig": {"BRA": 0.00043712304341627425, "USA": 4.223606697297239e-06, "ROU": 2.4066854283359146e-11, "CHE": 1.1293040771889816e-12, "DEU": 2.082015056491566e-09, "SWE": 1.3654107126321818e-11, "DNK": 2.0210634919362777e-09, "HUN": 1.543712248248003e-10, "RUS": 3.787742643464874e-10, "ISR": 8.760046135003795e-13, "FRA": 1.6622810809806473e-09, "UKR": 1.1619435985871273e-09, "MDA": 1.4564036100316928e-12, "SVK": 1.70458348201072e-12, "ARG": 8.622892841501904e-09, "NLD": 1.3073825014847904e-11, "BEL": 2.2563378436882442e-11, "IRL": 2.7914051474660928e-11, "FIN": 4.641944590027292e-11, "AUT": 4.984362564284097e-11, "CAN": 1.1146630287952332e-07, "GBR": 1.1752292833878196e-10, "ESP": 2.0264177838986183e-08, "BGR": 2.2838590027829664e-11, "POL": 1.6817846104824546e-09, "ZAF": 2.941984638499326e-11, "MEX": 9.3723381110008e-09, "IDN": 2.4702308714561157e-10, "PHL": 1.4142127137152017e-08, "CHL": 7.472197668981828e-09, "MYS": 2.894480085395239e-10, "BOL": 2.036885485668688e-10, "PRT": 2.3149184505707936e-10, "THA": 2.3208886517409519e-10, "ITA": 4.520310894325043e-09, "PRY": 4.911157247444377e-09, "AUS": 1.5157773665355651e-09, "FSM": 0.0}, "Meat; chicken": {"BRA": 0.0003479954005638259, "USA": 7.191023458113523e-05, "DNK": 2.1550504120038088e-11, "NLD": 5.648088378131428e-12, "SWE": 1.0054887745197333e-12, "FRA": 8.0819225644549e-10, "ROU": 3.74255644995024e-11, "DEU": 3.766704742998144e-10, "LTU": 2.8129922431210293e-12, "BEL": 2.1240979712669046e-11, "BGR": 4.643860242163357e-12, "CAN": 9.031884478116066e-07, "UKR": 6.90299453178565e-10, "POL": 6.334847243741295e-10, "GBR": 1.4238054887496984e-10, "ARG": 2.897318650919555e-07, "CHE": 6.4609441022211e-11, "IDN": 1.185823192414391e-10, "RUS": 9.193749930756752e-11, "GTM": 3.876828344673329e-09, "ISR": 5.0118602812798486e-11, "THA": 2.1960602430430537e-07, "IND": 9.537439238251037e-10, "MDA": 8.332283224376104e-11, "MYS": 9.109681821797323e-11, "AUS": 1.2116287249632025e-07, "JOR": 1.7388271153804544e-10, "MEX": 1.0562450718492686e-07, "LAO": 6.703145497622106e-10, "ZAF": 1.68312177741932e-09, "CHL": 3.772315285384681e-07, "BOL": 1.028484595901607e-08, "PHL": 1.2663767311666846e-05, "PRY": 2.1461130762807116e-07, "FSM": 0.0}, "Eggs; hen; in shell": {"USA": 9.314173409524835e-06, "THA": 3.59995259519755e-09, "CHN": 1.2116784642066852e-09, "CAN": 1.1177647034586243e-07,