{"Wheat": {"CAN": 7.580849282246436e-07, "TUR": 2.554344754599993e-06, "USA": 3.681023281686988e-05, "AUS": 0.0009572823083573}, "Barley": {"CAN": 5.38083071683916e-08, "FRA": 2.323379542013734e-07, "USA": 5.284954510133818e-06, "AUS": 3.692734923193973e-05}, "Maize": {"USA": 3.163301539694884e-08, "FSM": 0.0}, "Sorghum": {"FSM": 0.0}, "Potatoes": {"CAN": 5.970171670249675e-11, "USA": 1.2057123450884485e-08}, "Sweet potatoes": {"FSM": 0.0}, "Cassava": {"FSM": 1.6081531125684263e-05}, "Nuts nes": {"CHN": 1.4055686618849298e-08, "USA": 3.88886577079555e-08, "PHL": 4.771358598847183e-07, "AUS": 1.7083842929859472e-06}, "Soybeans": {"CAN": 2.9020841824835583e-08, "IND": 3.519269057787516e-07, "ARG": 6.483884943862542e-07, "URY": 1.1365797962247583e-06, "CHN": 1.2175191811188726e-06, "USA": 1.3075251414024705e-06, "BRA": 1.0130952254703804e-05}, "Groundnuts; with shell": {"USA": 2.7092271414666176e-08, "CHN": 3.340131930534015e-07, "IND": 7.180728833557262e-07, "PHL": 1.2677769155663987e-05}, "Coconuts": {"FSM": 0.0}, "Oil palm fruit": {"IDN": 2.5084739119871656e-05}, "Oilseeds nes": {"BGR": 8.637387962174292e-08, "FRA": 1.526353338978799e-07, "ITA": 4.941958743908851e-07, "CIV": 7.38635779853379e-07, "MYS": 1.9230901948021835e-06, "CHN": 2.4872996297761983e-06, "IND": 2.6482094195403383e-06, "BRA": 4.226237204680852e-06, "ETH": 1.061677586763954e-05}, "Tomatoes": {"MEX": 1.7753624052806023e-10, "USA": 2.5813484590505237e-10}, "Maize; green": {"CHN": 1.4185181986633924e-08, "USA": 1.5978839099141456e-08, "THA": 2.9702993397386774e-07}, "Mushrooms and truffles": {"NLD": 1.916931512653703e-13, "KOR": 4.437083442556669e-11, "TWN": 4.6523133111865847e-10, "CHN": 2.9482822557025227e-09}, "Vegetables; fresh nes": {"CHN": 1.6243732450432104e-06, "FSM": 0.0}, "Bananas": {"FSM": 0.0}, "Plantains and others": {"FSM": 0.0}, "Apples": {"KOR": 6.493633988008273e-09, "CHN": 1.8631338419229665e-08, "JPN": 6.967630104585417e-08}, "Grapes": {"TUR": 5.666066440837941e-09, "MDA": 1.7395625873150995e-08, "USA": 8.21032573816203e-08, "CHL": 8.994097512766524e-08, "AUS": 7.933570047230908e-07}, "Pineapples": {"IDN": 8.603239333929435e-09, "THA": 1.7381330779360072e-08, "MYS": 9.357796219000038e-08, "PHL": 1.5626643357568074e-07}, "Fruit; fresh nes": {"THA": 1.1239911066949017e-06, "PHL": 4.9661883351828165e-05, "FSM": 0.0}, "Coffee; green": {"CHN": 3.034729513333001e-07, "ETH": 1.6067399593082692e-06, "IDN": 3.500914684432919e-06, "THA": 3.951690423982122e-06, "VNM": 4.296190982476448e-06, "HND": 4.4486222252707445e-06, "GTM": 5.594867103284163e-06, "PER": 6.884240753057562e-06, "BRA": 1.4811495751634474e-05, "COL": 6.9398030897594e-05}, "Cocoa; beans": {"CIV": 1.187731181807852e-06, "FSM": 0.0}, "Tea": {"IND": 2.3979294441975042e-08, "IDN": 4.188325506907853e-08, "CHN": 4.514540110869385e-07, "VNM": 8.762819768091159e-07, "LKA": 1.85988326091342e-06, "TWN": 4.602068067540051e-06}, "Meat; cattle": {"ARG": 1.7031396935967933e-06, "IND": 1.317776853805983e-07, "URY": 6.122609009151522e-07, "USA": 0.005238116856359589, "HND": 6.042940306716635e-08, "FJI": 1.877968833508572e-08, "BRA": 0.0005762519102517396, "CAN": 9.846704954754398e-08, "PRY": 1.8364540771359677e-07, "MEX": 6.367633283157886e-07, "SLV": 2.3284349394760957e-09, "IDN": 1.182140118808223e-07, "PHL": 7.134124818969672e-07, "NIC": 9.180874432856326e-07, "MYS": 1.2650013924342613e-07, "UKR": 4.013255875566562e-09, "CRI": 1.0111036443588729e-06, "VNM": 7.405403089423305e-09, "THA": 9.27089753527798e-09, "CHL": 1.5778674187324086e-08, "CHN": 2.8105799480361668e-08, "AUS": 0.013099083359247362, "NZL": 1.7232475731611454e-07, "GTM": 5.653765931618487e-08, "FSM": 0.0}, "Milk; whole fresh cow": {"RUS": 2.8307049285279166e-10, "BLR": 7.74220998728436e-12, "DNK": 5.515858294686336e-10, "EST": 5.0921856013705506e-11, "EGY": 4.2383868836303985e-11, "SWE": 1.1034804284563238e-10, "UKR": 2.291915731164757e-09, "SVN": 5.1356053075862395e-11, "DEU": 7.152007478284866e-09, "GBR": 1.4746606685112522e-09, "LVA": 2.836513129036069e-11, "LUX": 1.051660408312752e-11, "ROU": 2.6965202708839087e-10, "AUT": 7.151579870851995e-10, "HUN": 3.724892601875926e-10, "LTU": 3.062096271358969e-10, "USA": 0.00021201772034296908, "POL": 2.0856547564473935e-09, "CZE": 3.0539224304999966e-10, "FRA": 4.5102045690646935e-08, "SVK": 1.2711118293696887e-10, "CAN": 1.44784299367791e-07, "ITA": 9.397929150127666e-09, "IDN": 4.718591497763464e-08, "BEL": 3.5385725977926125e-11, "SLV": 3.965300569475058e-09, "TUR": 1.5660283462669824e-09, "IND": 5.002804612762814e-09, "URY": 2.112388378241243e-08, "NLD": 3.7131033746387065e-11, "BGR": 1.2548357946986566e-09, "HRV": 7.385906567167724e-12, "SRB": 7.45143768574728e-12, "MYS": 6.092684810274951e-08, "THA": 9.070114764909642e-10, "ARG": 3.3478180089102e-07, "ISR": 1.2927542663809275e-11, "ESP": 7.760065174893794e-09, "CHE": 5.840981030031606e-10, "BRA": 2.2948546683055653e-07, "COL": 5.102585355601063e-09, "MDA": 1.0656051591213144e-10, "GRC": 9.547400375197644e-10, "PAK": 3.579371117200907e-10, "IRL": 6.219489552325297e-10, "FIN": 2.7372938999302926e-10, "GTM": 9.336159888743034e-09, "PRY": 3.90530712790252e-08, "ZAF": 3.320681539154675e-08, "BOL": 1.9264929916564717e-09, "LAO": 7.764568019326505e-11, "PRT": 9.067658538526766e-11, "CHN": 5.5703834493333696e-09, "AUS": 0.0008754217617952158, "CYP": 1.0493591180826832e-10, "CRI": 1.1752647707627391e-07, "NIC": 1.0488260380290247e-07, "CHL": 5.8355327228978903e-08, "DOM": 6.332092911488462e-10, "MEX": 2.470925852877443e-07, "PHL": 1.2438825064303563e-09, "PER": 1.2064190342620533e-08, "NOR": 4.6285871242737734e-09, "NZL": 1.0107425130727873e-07, "ISL": 0.0}, "Meat; pig": {"BRA": 0.0012579468200250032, "USA": 6.590456435256866e-06, "ROU": 3.288383403143957e-11, "SWE": 1.506584101160704e-11, "DNK": 1.757930382438219e-09, "DEU": 2.4844344708138433e-09, "HUN": 1.7107256969380804e-10, "RUS": 5.234615362506544e-10, "ISR": 1.0488936320283399e-12, "CHE": 2.6482943885682774e-12, "UKR": 1.4206789890887983e-09, "MDA": 1.7148201894772402e-12, "SVK": 2.2089599656660482e-12, "AUT": 6.1986970628503e-11, "ARG": 1.3356069168186127e-08, "FRA": 7.724718234524905e-09, "NLD": 1.9744859056672375e-11, "BEL": 3.4370389938319254e-11, "FIN": 4.6700839227721644e-11, "CAN": 1.2718513557364282e-07, "IRL": 1.2434819373550302e-10, "GBR": 2.8627556735956357e-10, "POL": 2.0330601346904838e-09, "ESP": 2.996687349701503e-08, "BGR": 3.2271560690693787e-11, "MEX": 1.5904956947058673e-08, "IDN": 3.142092932703196e-10, "ZAF": 7.608317650097807e-11, "PHL": 1.5679154962934544e-08, "MYS": 3.0874512134335276e-10, "THA": 2.4750919600265477e-10, "CHL": 2.6772333209998695e-08, "BOL": 2.9339617987729327e-10, "PRT": 4.0053457301298227e-10, "ITA": 5.446498084218452e-09, "PRY": 1.3286392713100918e-08, "AUS": 2.359024793716549e-09, "FSM": 0.0}, "Meat; chicken": {"BRA": 0.0010015486802344893, "USA": 0.00011246432905313638, "DNK": 1.861655222637637e-11, "SWE": 1.107848552462086e-12, "NLD": 8.530158935518828e-12, "ROU": 5.444334047673997e-11, "LTU": 3.251677224021136e-12, "DEU": 4.703787930680659e-10, "BEL": 3.196296791499446e-11, "CAN": 1.0212745797458897e-06, "UKR": 8.488580687776096e-10, "BGR": 6.636510615076185e-12, "POL": 7.681310983515692e-10, "FRA": 3.4451532939781947e-09, "GBR": 3.464138970546939e-10, "ARG": 4.5768727223138174e-07, "IDN": 1.5083475457192677e-10, "RUS": 1.3269422667087936e-10, "ISR": 6.001005305947424e-11, "CHE": 1.51513418173636e-10, "THA": 2.3410204079289873e-07, "IND": 1.0212490765649462e-09, "GTM": 5.828683797128942e-09, "MYS": 9.717012162777047e-11, "MDA": 9.810719637869976e-11, "AUS": 2.2507379124136302e-07, "JOR": 2.930605606403438e-10, "MEX": 1.7924680428645418e-07, "LAO": 8.59368761274985e-10, "ZAF": 4.3527505068603846e-09, "CHL": 1.3515934256419325e-06, "BOL": 1.481445342034585e-08, "PHL": 1.4040120568185594e-05, "PRY": 5.835204541999111e-07, "FSM": 0.0}, "Eggs; hen; in shell": {"USA": 1.4566159317755617e-05, "THA": 3.799563805304781e-09, "CHN": 2.2704945230304895e-09,