{"Wheat": {"AUS": 0.0001744097264221}, "Barley": {"CHN": 1.965654390679864e-11, "CAN": 2.1108807259754857e-11, "GBR": 2.30518226382266e-11, "USA": 7.193758560560171e-10, "AUS": 2.486633532451373e-09}, "Potatoes": {"NLD": 8.005053832034882e-10, "USA": 9.591719688423563e-09, "NZL": 2.1121660602236428e-08, "AUS": 1.946679595404495e-06}, "Sweet potatoes": {"FJI": 1.6581411742863287e-08, "AUS": 2.7831218251491586e-08}, "Cassava": {"FJI": 3.0967918284654074e-08}, "Roots and tubers nes": {"FJI": 4.322001475260279e-08}, "Soybeans": {"CAN": 4.707831479332884e-09, "CHN": 9.864023786027992e-08, "USA": 1.204527637322556e-07, "ARG": 3.789890693308218e-07, "BRA": 4.870533902475098e-07, "AUS": 0.0}, "Groundnuts; with shell": {"USA": 4.3208880176064295e-09, "ARG": 6.2809373565615085e-09, "MMR": 1.4891272177938128e-08, "IND": 2.0343700231873145e-08, "THA": 3.888730451491545e-08, "CHN": 5.7650329530867576e-08, "FJI": 3.140591960659823e-07, "AUS": 0.0}, "Coconuts": {"NRU": 0.0}, "Oil palm fruit": {"IDN": 1.370486044976318e-06}, "Olives": {"TUR": 6.555271970141286e-09, "GRC": 1.5357903659728293e-08, "ITA": 2.158248295338527e-08, "ESP": 6.623222267806171e-08, "AUS": 1.3157318915782556e-07}, "Cabbages and other brassicas": {"AUS": 3.433577013384133e-07}, "Asparagus": {"MEX": 3.7264810761149705e-09, "PER": 5.8051899926785325e-09, "AUS": 2.240923606940973e-08}, "Lettuce and chicory": {"NZL": 2.0059976719630444e-09, "AUS": 1.254280385891985e-07}, "Spinach": {"NZL": 3.8485600866901244e-09, "AUS": 2.2213352696486057e-08}, "Tomatoes": {"USA": 7.102189485359989e-09, "CHN": 1.5045399480730583e-08, "ITA": 2.9828617253372266e-08, "AUS": 2.1434122517278326e-07}, "Cauliflowers and broccoli": {"NZL": 1.2837883759587092e-08, "AUS": 4.345365660698995e-07}, "Pumpkins; squash and gourds": {"FJI": 1.3223398943098357e-08, "AUS": 1.533906512039892e-07}, "Cucumbers and gherkins": {"FJI": 2.61330367363032e-09, "AUS": 1.2935920862303e-07}, "Eggplants (aubergines)": {"ESP": 2.016203563083839e-10, "FJI": 2.693163040571001e-09, "THA": 3.1766374523367566e-09, "ITA": 8.721126825062317e-09}, "Chillies and peppers; green": {"NZL": 8.531529137253343e-10, "FJI": 1.4756361537788143e-09, "AUS": 9.588509742769933e-08}, "Onions; shallots; green": {"NZL": 9.7611397352308e-08}, "Onions; dry": {"AUS": 3.184628484542022e-07}, "Garlic": {"NZL": 3.4271943024858326e-09, "ESP": 5.5999925225504454e-09, "ARG": 9.331159513798414e-09, "MEX": 1.8821138008939243e-08, "CHN": 2.982898093906835e-08}, "Leeks; other alliaceous vegetables": {"NZL": 1.3387175381312834e-10, "CHN": 2.2462301421905846e-10}, "Beans; green": {"AUS": 5.460867718183773e-09}, "Peas; green": {"CHN": 7.608289904942325e-11, "AUS": 8.882708391862517e-09}, "Carrots and turnips": {"NZL": 1.945292116985e-09, "AUS": 1.180016569071628e-07}, "Mushrooms and truffles": {"CHN": 1.2050646626770835e-09, "AUS": 1.2943248075056468e-08}, "Vegetables; fresh nes": {"NZL": 3.8200289506021606e-08, "CHN": 1.3540941208918736e-07, "FJI": 1.5512808956945108e-07, "NRU": 0.0}, "Bananas": {"FJI": 1.9211178534511974e-07}, "Oranges": {"USA": 1.3914635977651888e-08, "BRA": 6.752772368092651e-08, "AUS": 1.4876138190577757e-06}, "Tangerines; mandarins; clementines; satsumas": {"USA": 3.1435229799747687e-10, "NZL": 6.6755554653526494e-09, "AUS": 8.189804325136774e-08}, "Lemons and limes": {"USA": 1.4794073991427524e-09, "ARG": 4.451873975489273e-09, "MEX": 1.4687591608900713e-08, "AUS": 1.0241923792746525e-07}, "Apples": {"NZL": 3.661988469725351e-09, "CHN": 4.766091471894063e-08, "AUS": 1.5175949291706115e-06}, "Pears": {"AUS": 1.2808968578458565e-07}, "Peaches and nectarines": {"USA": 5.231528052843294e-11, "AUS": 3.046230572665494e-08}, "Plums and sloes": {"ZAF": 1.3824457963871244e-10, "NZL": 1.5344605334511882e-10, "CHL": 2.7270436542306277e-10, "USA": 3.754696427310312e-10, "CHN": 9.011940648912391e-10, "AUS": 1.7915351164220031e-09}, "Grapes": {"USA": 8.536447301598325e-10, "NZL": 1.7542030371462047e-09, "TUR": 3.827123518740883e-09, "AUS": 4.036246906630559e-07}, "Watermelons": {"AUS": 1.4805551315291564e-07}, "Melons; other (inc.cantaloupes)": {"AUS": 6.218764203646843e-08}, "Avocados": {"NZL": 3.580923871056594e-09, "AUS": 1.2768723874702984e-07}, "Pineapples": {"IDN": 6.531960398124975e-10, "FJI": 2.350184423108029e-09, "BEN": 4.489558341062887e-09, "PHL": 6.688059010419053e-09, "THA": 1.2778253394716409e-08, "AUS": 4.2314822419205124e-08}, "Kiwi fruit": {"FRA": 2.5601701212966428e-11, "CHL": 4.0814394990991276e-10, "ITA": 5.270202589081556e-10, "NZL": 1.0008458466413748e-09, "AUS": 2.4211686408190357e-09}, "Papayas": {"FJI": 1.6202917452580122e-08}, "Fruit; tropical fresh nes": {"NRU": 0.0}, "Fruit; fresh nes": {"SLB": 7.759566130517539e-09, "TUR": 1.83332790608498e-08, "NZL": 2.3617564199907922e-08, "IND": 5.435356696818721e-08, "IDN": 1.7237005733079238e-07, "ZAF": 1.993664714228057e-07, "MEX": 2.318946722699797e-07, "FJI": 4.3664790001940006e-07, "ECU": 4.531301881900126e-07, "THA": 6.37502103174401e-07, "VNM": 6.440430356678841e-07, "CHN": 8.248242091240641e-07, "MYS": 2.188394590404372e-06, "PHL": 3.0827336631714407e-06}, "Coffee; green": {"UGA": 7.74924010897347e-08, "NIC": 2.006138066052952e-07, "PER": 2.1320731113098375e-07, "ETH": 2.1561599017349546e-07, "PNG": 2.291699537566462e-07, "GTM": 3.520626763533414e-07, "HND": 4.412287073771337e-07, "IND": 4.568136752233412e-07, "IDN": 4.750033650114572e-07, "VNM": 5.810396435815402e-07, "MEX": 7.467364696864282e-07, "BRA": 1.0424520743455024e-06, "CRI": 1.3290523388033326e-06, "COL": 1.6133760181409144e-06}, "Cocoa; beans": {"SLB": 2.3062569936301052e-08, "CMR": 6.139375682457457e-08, "NGA": 6.570897747455065e-08, "PNG": 7.650272804689779e-08, "CIV": 4.430050400762527e-07, "GHA": 4.72598375366431e-07, "ECU": 4.901967767977962e-07, "IDN": 6.244446175198322e-07}, "Nutmeg; mace and cardamoms": {"PNG": 3.1454337928831117e-10, "LKA": 3.4910625344217583e-10, "NPL": 4.0718784699486566e-10, "IDN": 6.896413752139222e-10, "IND": 1.1900731508584575e-09, "GTM": 1.661017187273267e-08}, "Ginger": {"FJI": 2.172383768712137e-09}, "Spices nes": {"IDN": 3.2007269570259576e-10, "CHN": 9.233698867526908e-10, "THA": 1.0216929109636861e-08, "IND": 3.5000582704355014e-08}, "Meat; cattle": {"USA": 8.5056329964502e-09, "THA": 1.0118780394972108e-10, "AUS": 0.021616680202107795, "PHL": 5.1513669761113155e-09, "CHN": 3.139125545763427e-09, "BRA": 2.0379761164659957e-08, "CAN": 6.087120009306303e-11, "ARG": 1.707814472496196e-06, "FJI": 1.1360155918346522e-08, "VUT": 6.82455107511487e-09, "IDN": 6.491358143854195e-08, "MYS": 1.0197059383001279e-07, "VNM": 5.830663418271904e-09, "NZL": 3.7720248385871606e-08, "SLB": 2.2370674071922372e-08}, "Milk; whole fresh cow": {"EST": 2.3134438738219313e-11, "MKD": 2.761436741313554e-11, "UKR": 1.4702707019899206e-09, "URY": 2.1021388296444123e-09, "HUN": 4.730165080263613e-10, "FRA": 1.6891975644829634e-08, "HRV": 2.4917391044392298e-11, "DEU": 9.95021827332578e-09, "USA": 3.229551954220455e-06, "ROU": 2.1860571382851939e-10, "RUS": 2.2398125883343412e-10, "TUR": 3.0305984353572304e-10, "CAN": 2.8022767578314133e-09, "LVA": 3.186741787948975e-11, "CHE": 1.1746304043912103e-10, "AUT": 1.3414949315301426e-09, "LUX": 9.286445877500013e-12, "ISR": 1.5599264713760117e-12, "LTU": 1.7743289150545623e-10, "DNK": 8.589438314236967e-10, "MDA": 3.9504530213805525e-11, "BRA": 1.1109316750230838e-07, "SVN": 2.5926723843502744e-11, "BGR": 1.391986566376313e-09, "BLR": 3.255356921503891e-12, "SRB": 1.0045637882374524e-11, "IDN": 5.291762937363169e-07, "CHL": 3.201023023927138e-10, "ARG": 1.4118918747909341e-06, "SWE": 1.459889733588479e-10, "CZE": 4.569519367250414e-10, "POL": 2.5269774602897156e-09, "ZAF": 2.0214747741550337e-09, "MYS": 8.266586633414294e-07, "IRL": 1.1468031817158444e-10, "NLD": 3.4182199282172505e-11, "ITA": 6.046106675973841e-09, "ESP": 2.5780310585605215e-09, "MEX": 2.10371187434309e-09, "BEL": 5.349265801804425e-11, "BEN": 2.82955867394728e-10, "BOL": 1.1437977082621041e-10,