{"Wheat": {"AUS": 0.0003127550918726}, "Barley": {"CAN": 2.5212934680628823e-11, "CHN": 5.379776610723741e-11, "GBR": 6.902164600640139e-11, "USA": 2.236984436991941e-09, "AUS": 4.3719179753657976e-09}, "Potatoes": {"NLD": 1.2861678741397622e-09, "USA": 2.3615745265377748e-08, "NZL": 1.0491387268074065e-07, "AUS": 3.6472880144500216e-06}, "Sweet potatoes": {"FJI": 2.327387164677724e-08, "AUS": 5.2144415031542855e-08}, "Cassava": {"FJI": 1.2252407039013064e-08}, "Roots and tubers nes": {"FJI": 1.7099929291774622e-08}, "Soybeans": {"CAN": 5.345501086028011e-09, "USA": 1.7989576843021885e-07, "CHN": 1.8589556424842425e-07, "ARG": 5.772741411605285e-07, "BRA": 1.309910233889597e-06, "AUS": 0.0}, "Groundnuts; with shell": {"USA": 5.207461820637688e-09, "ARG": 9.201794200908869e-09, "MMR": 1.5332075000828883e-08, "IND": 2.16505540351313e-08, "THA": 4.119431712194357e-08, "CHN": 1.2037756938543042e-07, "FJI": 4.290959911503401e-07, "AUS": 0.0}, "Coconuts": {"NRU": 0.0}, "Oil palm fruit": {"IDN": 1.743235648961868e-06}, "Olives": {"TUR": 9.416458375460696e-09, "ITA": 3.0935883379670805e-08, "GRC": 3.738167830910963e-08, "ESP": 9.688306853522106e-08, "AUS": 2.87350838924287e-07}, "Cabbages and other brassicas": {"AUS": 9.136052446925204e-07}, "Asparagus": {"MEX": 7.2049736834707515e-09, "PER": 1.546642250178913e-08, "AUS": 5.962643483096699e-08}, "Lettuce and chicory": {"NZL": 7.0814069073028365e-09, "AUS": 3.337385864359746e-07}, "Spinach": {"NZL": 1.3585868200129946e-08, "AUS": 5.9105228881155655e-08}, "Tomatoes": {"USA": 1.7487381472894066e-08, "CHN": 2.734357955677047e-08, "ITA": 3.978467003934805e-08, "AUS": 5.703185532415707e-07}, "Cauliflowers and broccoli": {"NZL": 4.5319234414328726e-08, "AUS": 1.1562137217969665e-06}, "Pumpkins; squash and gourds": {"FJI": 1.892770803359425e-08, "AUS": 4.0814143058537393e-07}, "Cucumbers and gherkins": {"FJI": 3.7406304650144794e-09, "AUS": 3.4419863304825853e-07}, "Eggplants (aubergines)": {"ESP": 3.32091191641653e-10, "THA": 3.355928378680441e-09, "FJI": 3.854939561163303e-09, "ITA": 1.1632022703539336e-08}, "Chillies and peppers; green": {"FJI": 2.1121959945947943e-09, "NZL": 3.011729784475753e-09, "AUS": 2.5513080835620965e-07}, "Onions; shallots; green": {"NZL": 3.445796737967748e-07}, "Onions; dry": {"AUS": 8.47365087351627e-07}, "Garlic": {"ESP": 9.223811643074618e-09, "NZL": 1.209839759312502e-08, "ARG": 1.845079932357788e-08, "MEX": 3.6389773965725776e-08, "CHN": 5.421132981210812e-08}, "Leeks; other alliaceous vegetables": {"CHN": 4.082309191887384e-10, "NZL": 4.725829822211758e-10}, "Beans; green": {"AUS": 1.4530262080790022e-08}, "Peas; green": {"CHN": 1.38273417447778e-10, "AUS": 2.3635086506713973e-08}, "Carrots and turnips": {"NZL": 6.867109182863053e-09, "AUS": 3.139784901068429e-07}, "Mushrooms and truffles": {"CHN": 2.1900901679058355e-09, "AUS": 3.4439359532737614e-08}, "Vegetables; fresh nes": {"NZL": 1.3485149945572461e-07, "FJI": 2.2204723610129893e-07, "CHN": 2.46093700399135e-07, "NRU": 0.0}, "Bananas": {"FJI": 2.70848571038335e-07}, "Oranges": {"USA": 3.228478813865902e-08, "BRA": 1.774836523069113e-07, "AUS": 2.762988761233545e-06}, "Tangerines; mandarins; clementines; satsumas": {"USA": 7.293613255890414e-10, "NZL": 3.198837087567309e-08, "AUS": 1.5211163688562076e-07}, "Lemons and limes": {"USA": 3.432526336211657e-09, "ARG": 8.882961194811177e-09, "MEX": 3.079022686995252e-08, "AUS": 1.902262534149668e-07}, "Apples": {"NZL": 1.754776002086964e-08, "CHN": 1.1214899227753924e-07, "AUS": 2.818673556057205e-06}, "Pears": {"AUS": 2.3790472884750838e-07}, "Peaches and nectarines": {"USA": 1.2138210090351136e-10, "AUS": 5.65785335452971e-08}, "Plums and sloes": {"ZAF": 4.738820428687514e-10, "NZL": 7.352930088421755e-10, "USA": 8.71166007327698e-10, "CHL": 8.977807571008248e-10, "CHN": 2.120563711797309e-09, "AUS": 3.3274706974451556e-09}, "Grapes": {"USA": 1.980629554603964e-09, "TUR": 5.153068083266771e-09, "NZL": 8.405906839469364e-09, "AUS": 7.496639717724197e-07}, "Watermelons": {"AUS": 2.7498784539341776e-07}, "Melons; other (inc.cantaloupes)": {"AUS": 1.1550293082327426e-07}, "Avocados": {"NZL": 1.7159309282865512e-08, "AUS": 2.3715725216537937e-07}, "Pineapples": {"IDN": 8.386055815190034e-10, "FJI": 3.1820304830545407e-09, "BEN": 5.3067267706972514e-09, "PHL": 7.444708173894019e-09, "THA": 1.3453135383843296e-08, "AUS": 7.859256030029949e-08}, "Kiwi fruit": {"FRA": 1.3390835989326433e-10, "ITA": 6.98643483827275e-10, "CHL": 1.343666735175974e-09, "AUS": 4.496907502426397e-09, "NZL": 4.795919725018726e-09}, "Papayas": {"FJI": 2.1937928250048832e-08}, "Fruit; tropical fresh nes": {"NRU": 0.0}, "Fruit; fresh nes": {"SLB": 9.209678739792128e-09, "TUR": 2.4685023811609136e-08, "IND": 5.8590890899879184e-08, "NZL": 1.1317221566471756e-07, "IDN": 2.212972574142472e-07, "MEX": 4.861307258025237e-07, "FJI": 5.911991052966036e-07, "THA": 6.711717037194027e-07, "VNM": 6.815438776375598e-07, "ZAF": 6.833988790321992e-07, "ECU": 1.5466539175440566e-06, "CHN": 1.940860858522737e-06, "MYS": 2.3245066745347258e-06, "PHL": 3.4314967114371653e-06}, "Coffee; green": {"UGA": 1.1164562987526733e-07, "PNG": 3.050471181886033e-07, "ETH": 3.710713813428985e-07, "PER": 4.046902204281157e-07, "IND": 4.907395996483574e-07, "NIC": 5.027179321057731e-07, "GTM": 5.557217071919312e-07, "IDN": 5.958811756270547e-07, "VNM": 6.084433093984568e-07, "HND": 6.924662831280826e-07, "MEX": 1.1530649831666564e-06, "BRA": 2.7256552575011384e-06, "CRI": 3.076055437606955e-06, "COL": 1.1802735125257073e-05}, "Cocoa; beans": {"SLB": 2.7285840654054e-08, "CMR": 7.837949251686178e-08, "PNG": 1.0183244505540165e-07, "NGA": 1.17097534773287e-07, "IDN": 7.833519090811685e-07, "GHA": 8.243667527120348e-07, "CIV": 9.53672759796448e-07, "ECU": 1.1428888710386845e-06}, "Nutmeg; mace and cardamoms": {"PNG": 4.108563528533374e-10, "LKA": 4.2242621045174787e-10, "NPL": 6.379761850010544e-10, "IDN": 8.817794562068371e-10, "IND": 1.278580701565789e-09, "GTM": 2.7169166401763824e-08}, "Ginger": {"FJI": 2.924022916041801e-09}, "Spices nes": {"IDN": 4.0924680233366844e-10, "CHN": 2.5580048171861673e-09, "THA": 1.0697024451452437e-08, "IND": 3.760362928704385e-08}, "Meat; cattle": {"THA": 9.741927382671488e-11, "USA": 1.3038756564948278e-08, "PHL": 5.711487515240138e-09, "AUS": 0.02185001560813834, "CHN": 5.951772067851585e-09, "CAN": 6.865053908345089e-11, "ARG": 2.601333950376244e-06, "BRA": 5.849732803201141e-08, "VUT": 7.026694175336193e-09, "FJI": 1.5642271727669454e-08, "IDN": 8.256900512066951e-08, "MYS": 1.0876883736169169e-07, "VNM": 6.168224163830534e-09, "SLB": 2.6551319742571884e-08, "NZL": 1.7740260910398592e-07}, "Milk; whole fresh cow": {"EST": 3.41890794153662e-11, "UKR": 1.800132062172193e-09, "MKD": 8.351770070400746e-11, "HUN": 5.24762500275929e-10, "DEU": 1.1264004269579223e-08, "SVN": 5.565012011033725e-11, "HRV": 3.863642061716203e-11, "CAN": 3.1948374305633113e-09, "USA": 3.4897179130632847e-06, "TUR": 4.3636363506303255e-10, "RUS": 3.11827357018125e-10, "ROU": 2.943250231526385e-10, "ISR": 1.867794891765177e-12, "LVA": 3.688421213185625e-11, "FRA": 6.6247350832653e-08, "AUT": 1.6687323113510862e-09, "LTU": 1.907017223508543e-10, "DNK": 7.456276740659032e-10, "CHE": 2.9007521656411544e-10, "URY": 9.156051520949778e-09, "MDA": 4.651400581530636e-11, "LUX": 2.05126843203091e-11, "SRB": 1.1968466341264522e-11, "IDN": 6.732255198412158e-07, "BGR": 1.9868716875598305e-09, "SWE": 1.6104346757069063e-10, "BLR": 4.851681233143073e-12, "CZE": 5.956689655746766e-10, "MYS": 8.817708942296362e-07, "POL": 3.0801807334875433e-09, "BRA": 3.005172752739354e-07, "SVK": 2.57979350580885e-10, "ITA": 7.2812667826316984e-09, "ARG": 2.151505415990668e-06, "ESP": 3.81484852807879e-09, "BEN": 3.703857842475474e-10, "NLD": 5.162154060246757e-11, "MEX": 3.5700386422673256e-09, "BEL": 8.052335691965785e-11, "IND": 1.1186939662383047e-08, "CHL": 1.1469082376337429e-09, "BOL": 1.6475441575761182e-10, "ZAF": 5.276076482186469e-09,