{"Wheat": {"CAN": 2.9015973119955504e-06, "UKR": 1.4149829333021322e-05, "USA": 1.938199294892297e-05, "FRA": 5.033986726572309e-05, "MAR": 0.0001146464726013}, "Barley": {"FRA": 1.7237601300190406e-05}, "Maize": {"USA": 1.0649201289117192e-05, "CAF": 0.0008749792384545}, "Potatoes": {"CAF": 1.3935724265682158e-05}, "Cassava": {"CAF": 0.0108867346492911}, "Taro (cocoyam)": {"CAF": 0.0002905288972295}, "Yams": {"CAF": 0.0003601239292498}, "Beans; dry": {"SYR": 2.208777112641087e-07, "CAN": 2.2149427812227705e-07, "EGY": 2.463589787308915e-07, "KGZ": 3.854236960323179e-07, "USA": 9.908122175349742e-07, "LBN": 8.103812598541197e-06, "BRA": 8.104905898066994e-06, "ARG": 9.85327100560896e-06, "CHN": 1.513395152628916e-05, "PER": 4.261121457087358e-05, "MDG": 5.830703788515987e-05}, "Peas; dry": {"CAN": 2.292479143706435e-06, "RUS": 2.712153082872474e-06, "USA": 5.446295844230084e-05}, "Pulses nes": {"CAF": 0.0003048363816236}, "Nuts nes": {"EGY": 3.9882493923316204e-09, "CHN": 1.1322031954138836e-08, "ZAF": 2.8609335133451268e-08, "USA": 4.0485975930175085e-08, "TUR": 5.3307048971159866e-08, "IDN": 1.52595396772148e-07, "LBN": 1.9642702787733773e-07, "ESP": 2.567222682921569e-07}, "Soybeans": {"USA": 7.47330003685426e-08, "BRA": 5.804933373224022e-07, "ARG": 4.6631062187584144e-06, "CMR": 7.327466302577219e-06}, "Groundnuts; with shell": {"CAF": 0.0003139068808839}, "Coconuts": {"IDN": 1.4992446022135418e-07, "PHL": 2.4738274710172855e-07, "MYS": 6.07278051879162e-07}, "Oil palm fruit": {"CAF": 2.3119832218942763e-06, "CMR": 6.004350575632197e-06, "IDN": 8.446597428567246e-05, "MYS": 0.0004413159784914}, "Olives": {"SYR": 6.659801676109953e-06, "LBN": 8.869267754340866e-06}, "Sunflower seed": {"RUS": 7.873989071017884e-08, "ROU": 1.3378052922328086e-07, "HUN": 1.340336208103189e-07, "BGR": 2.2566590376378122e-07, "USA": 3.267051696151489e-07, "FRA": 3.721124897049132e-07, "CHN": 6.032405948505683e-07, "UKR": 1.228380773603642e-06, "ARG": 2.760081419059784e-06}, "Sesame seed": {"CAF": 0.0005840344410309}, "Mustard seed": {"RUS": 2.28532496866469e-08, "FRA": 1.0567196404514505e-07, "USA": 1.4256442342306956e-07, "DEU": 1.4474504399759706e-07, "CZE": 1.9919557972319185e-07, "UKR": 3.405903994047712e-07, "CAN": 1.0863592378599129e-06}, "Melonseed": {"CAF": 0.0002651561286754}, "Oilseeds nes": {"CAF": 2.6346998783506803e-06}, "Tomatoes": {"USA": 3.795860032546752e-08, "LBN": 2.692637275640431e-07, "ITA": 9.789844938288444e-07, "CHN": 1.919942361377019e-06, "CMR": 9.341054604902767e-06}, "Pumpkins; squash and gourds": {"CAF": 2.848830599648258e-05}, "Mushrooms and truffles": {"CHN": 3.064998332426606e-08}, "Vegetables; fresh nes": {"CAF": 6.449238154526566e-05}, "Bananas": {"CAF": 0.0001072766185079}, "Plantains and others": {"CAF": 6.294611129640447e-05}, "Oranges": {"CAF": 4.287681066957916e-05}, "Lemons and limes": {"CAF": 3.508215333892886e-06}, "Grapefruit (inc. pomelos)": {"CAF": 4.709689559560755e-06}, "Grapes": {"ITA": 9.125443768533877e-08, "BGR": 1.166343892443645e-07, "FRA": 1.159627593973872e-06, "ESP": 2.734429950901053e-06}, "Mangoes; mangosteens; guavas": {"CAF": 1.8001627063129855e-05}, "Avocados": {"CAF": 6.787693646339532e-06}, "Pineapples": {"CAF": 2.3384035444797964e-05}, "Dates": {"ARE": 6.393963635828806e-12, "EGY": 1.5793149549851123e-10, "SAU": 1.5836411190037167e-09, "TUN": 3.58533194153158e-09, "IRN": 5.214110216475891e-09, "IRQ": 7.831934819602406e-09, "JOR": 1.539363207725276e-08}, "Fruit; fresh nes": {"EGY": 2.718044135981933e-08, "SAU": 3.4276682362261646e-08, "HUN": 7.531092011007813e-08, "POL": 1.4014395508110402e-07, "GRC": 3.787816073649455e-07, "TUR": 4.407720323222883e-07, "THA": 1.13316322948978e-06, "ESP": 1.3606708743869348e-06, "LBN": 1.415313049251149e-06, "ZAF": 1.4666344017300764e-06, "VNM": 1.8490490561101112e-06, "MAR": 2.0975164031674827e-06, "CHN": 3.2832650970508337e-06, "ECU": 6.213387181606249e-06, "CMR": 7.013390867283928e-06, "IND": 7.333259314765425e-06, "CRI": 3.2936082624773185e-05}, "Coffee; green": {"CAF": 0.0003490041108991}, "Cocoa; beans": {"CMR": 1.7433315199127118e-05, "CAF": 2.2711628959509274e-05}, "Tea": {"CHN": 9.802549091442446e-07, "VNM": 1.148137257903383e-06, "KEN": 5.2834917049766805e-06, "IND": 8.092453183812894e-06, "LKA": 0.0001262044771173}, "Chillies and peppers; dry": {"CAF": 5.366587784962907e-07}, "Spices nes": {"PAK": 2.171137769852973e-08, "TUR": 2.253704567754024e-08, "BGD": 2.3498743737249247e-08, "SYR": 1.692172104261435e-07, "IND": 3.475094078544906e-07, "LBN": 8.1622607110349e-06}, "Meat; cattle": {"CAF": 0.021364214587452572}, "Milk; whole fresh cow": {"DNK": 2.0618125211540523e-08, "CAN": 8.233044024024004e-08, "RUS": 7.706721888347477e-09, "BLR": 6.857652866073656e-10, "MKD": 4.775550488779455e-11, "FRA": 3.665641670294138e-06, "DEU": 8.7851102172484e-07, "HUN": 1.2514622452150596e-08, "EGY": 2.7795551113969623e-09, "THA": 6.592502119784738e-07, "HRV": 3.5455412256412065e-10, "TZA": 8.126716263444255e-10, "ROU": 8.740111835344662e-09, "USA": 2.403818770436827e-05, "BIH": 1.0669856539816006e-11, "SEN": 4.966156863977428e-09, "BOL": 1.7227624294601786e-09, "UKR": 2.413623467950414e-07, "SLV": 9.446153457450373e-10, "COL": 2.558196253507296e-10, "SRB": 3.12083846546075e-10, "FJI": 6.870153822625264e-11, "MWI": 1.966305291234707e-11, "UGA": 6.006985821519749e-10, "VNM": 1.2272035887589178e-09, "ARG": 5.657609912174441e-06, "ITA": 1.3730911905083787e-07, "IDN": 3.312663021736322e-06, "BGR": 6.516371889736179e-09, "NZL": 0.001010792414408327, "SWE": 2.8963264926314335e-09, "MYS": 4.914722020706353e-06, "ZMB": 4.877833080078675e-12, "PRY": 7.277869581428639e-08, "GBR": 1.7047283090380918e-07, "BRA": 1.131287100791114e-05, "CUB": 2.9162169689858705e-10, "GTM": 2.676653688861751e-09, "NLD": 9.451931405447293e-09, "EST": 2.9606466010287677e-09, "POL": 3.108637579902204e-07, "ECU": 3.3243393792236056e-09, "IND": 1.3242323050163686e-06, "AUS": 5.3070240120237e-05, "IRN": 4.5799965535509254e-10, "TUR": 1.2199942244465623e-08, "AUT": 2.4262119282308806e-08, "ZAF": 5.492658054570598e-07, "NIC": 1.251467929490233e-08, "ZWE": 2.8411356185142413e-10, "CHE": 1.5997189579748413e-09, "URY": 2.935683049189538e-07, "PRT": 2.6405468278243013e-09, "ISR": 8.183001062894648e-11, "GRC": 3.0854925414964405e-09, "SVN": 7.472823649546983e-10, "JAM": 9.960633680552254e-11, "LUX": 7.101963511064602e-10, "CZE": 1.4102453400850785e-07, "MDA": 6.231536204158525e-10, "MEX": 4.699212154423932e-08, "DOM": 1.5011223577650915e-10, "CHL": 1.639021316659916e-08, "NOR": 5.07443150450188e-10, "CRI": 1.7233772878667385e-08, "DZA": 1.3919264357416134e-09, "LTU": 2.0158050101242017e-08, "NER": 6.943350652403594e-08, "PAK": 4.224666094842059e-09, "SVK": 8.616511536364562e-09, "CHN": 4.55104305177528e-07, "GHA": 2.696240964089039e-08, "TUN": 2.679706163777727e-09, "NAM": 4.054778016929592e-10, "PER": 5.975382604942094e-09, "LVA": 1.0999159227066325e-08, "ESP": 1.0581453033588892e-07, "FIN": 4.883827149398957e-09, "BEL": 5.9182969650661585e-09, "CYP": 7.153738787788292e-10, "IRL": 5.298376429680562e-08, "PHL": 2.4431007476936896e-09, "MAR": 1.1697892597367455e-05, "NGA": 1.555065239691145e-07, "BEN": 4.118352051513424e-07, "LBN": 2.4307770252469996e-07, "LAO": 4.676020510274745e-08, "CMR": 3.524080363730081e-06, "CAF": 0.0005263820051173641, "ISL": 0.0}, "Meat; sheep": {"CAF": 0.00035063783575737997}, "Meat; goat": {"CAF": 0.0032798014044851213}, "Meat; pig": {"CAF": 0.0004983803342551486, "ROU": 1.4036688999394434e-10, "ZMB": 4.787975063348075e-10, "SWE": 3.603584344880232e-11, "DNK": 2.4150743165282876e-09, "BEL": 3.829484024363201e-08, "IRL": 1.8417652279575384e-11, "DEU": 6.286830052876369e-08, "HUN": 7.368747042567296e-10, "RUS": 3.6584603868810114e-10, "FRA": 2.182797120190445e-07, "BGR": 3.8778190518982134e-11, "GRC": 2.1984104052399022e-10, "GBR": 2.4988760605482835e-10, "UKR": 2.7650006930992757e-08, "LUX": 6.865340490580514e-11, "CAN": 2.9344571528168847e-09, "SVK": 1.3496181683988916e-11,