{"Wheat": {"CAN": 3.5018324362279243e-06, "UKR": 1.750822197417776e-05, "USA": 3.619988270646461e-05, "MAR": 0.0001785339852609, "FRA": 0.0001841649466665}, "Barley": {"FRA": 5.03529585029822e-05}, "Maize": {"USA": 1.6754497019167724e-05, "CAF": 0.0022441914036108}, "Potatoes": {"CAF": 4.295167451949259e-05}, "Cassava": {"CAF": 0.004307319046206}, "Taro (cocoyam)": {"CAF": 0.0007059835758072}, "Yams": {"CAF": 0.0008750991096926}, "Beans; dry": {"EGY": 2.463589787308915e-07, "CAN": 2.577097919360048e-07, "SYR": 3.227415916686772e-07, "KGZ": 8.243572979691541e-07, "USA": 2.1518893244911155e-06, "LBN": 1.0500049049359032e-05, "ARG": 1.891864143079724e-05, "BRA": 2.2714145584016908e-05, "CHN": 3.1225211368832735e-05, "PER": 0.000102546549646, "MDG": 0.0002937539904623}, "Peas; dry": {"CAN": 2.667311896951418e-06, "RUS": 3.874308870495016e-06, "USA": 0.0001182850360321}, "Pulses nes": {"CAF": 0.0007451851223463}, "Nuts nes": {"EGY": 3.9882493923316204e-09, "CHN": 2.6641420578656323e-08, "TUR": 7.177580010712502e-08, "USA": 9.39357060861554e-08, "ZAF": 9.806858405289808e-08, "IDN": 1.959095641240626e-07, "LBN": 2.3506197286562778e-07, "ESP": 3.914542020827809e-07}, "Soybeans": {"USA": 1.1161346665551553e-07, "BRA": 1.561213161614428e-06, "ARG": 7.102818670541436e-06, "CMR": 1.1433455331487011e-05}, "Groundnuts; with shell": {"CAF": 0.000771891833503}, "Coconuts": {"IDN": 1.9248048286383053e-07, "PHL": 2.753702317158833e-07, "MYS": 6.45049065228551e-07}, "Oil palm fruit": {"CAF": 7.456004703314356e-06, "CMR": 7.684360384389285e-06, "IDN": 0.0001074393263899, "MYS": 0.000470737926364}, "Olives": {"SYR": 9.594409274964342e-06, "LBN": 1.2360200778524737e-05}, "Sunflower seed": {"RUS": 1.0880865925341713e-07, "HUN": 1.4827123103244714e-07, "ROU": 1.7613007244291093e-07, "BGR": 3.239046135464088e-07, "USA": 5.871016671205342e-07, "FRA": 1.1560742139586236e-06, "CHN": 1.417955994394035e-06, "UKR": 1.5107410432493497e-06, "ARG": 4.891730138805548e-06}, "Sesame seed": {"CAF": 0.0013841449794784}, "Mustard seed": {"RUS": 3.802923833198754e-08, "DEU": 1.9716497487079293e-07, "CZE": 2.6051613400233936e-07, "USA": 2.773145735948423e-07, "UKR": 4.182848457988871e-07, "FRA": 5.43100824446339e-07, "CAN": 1.2961750212177998e-06}, "Melonseed": {"CAF": 0.0006284124676554}, "Oilseeds nes": {"CAF": 6.244163619210873e-06}, "Tomatoes": {"USA": 9.346364602590229e-08, "LBN": 3.1198711612541e-07, "ITA": 1.3057452422208885e-06, "CHN": 3.489312249233615e-06, "CMR": 1.1311167066846508e-05}, "Pumpkins; squash and gourds": {"CAF": 6.69445408176224e-05}, "Mushrooms and truffles": {"CHN": 5.5703423396243493e-08}, "Vegetables; fresh nes": {"CAF": 0.0001515503543564}, "Bananas": {"CAF": 0.0002603842726092}, "Plantains and others": {"CAF": 0.0001527842472241}, "Oranges": {"CAF": 0.0001037447159029}, "Lemons and limes": {"CAF": 8.48847657877352e-06}, "Grapefruit (inc. pomelos)": {"CAF": 1.1395563189464774e-05}, "Grapes": {"ITA": 1.209712856034526e-07, "BGR": 1.6775859406295352e-07, "ESP": 4.169502325225176e-06, "FRA": 6.065371512005899e-06}, "Mangoes; mangosteens; guavas": {"CAF": 4.355673046318737e-05}, "Avocados": {"CAF": 1.642350114150722e-05}, "Pineapples": {"CAF": 5.658000387624949e-05}, "Dates": {"ARE": 8.969748672908573e-12, "EGY": 1.5793149549851123e-10, "SAU": 4.102603553629478e-09, "TUN": 4.444199508531475e-09, "IRN": 1.0227855227479311e-08, "IRQ": 1.1647839717050037e-08, "JOR": 4.4789706807902975e-08}, "Fruit; fresh nes": {"EGY": 2.718044135981933e-08, "HUN": 8.341431366164952e-08, "SAU": 8.87976683470502e-08, "POL": 1.781620725829943e-07, "TUR": 5.934818358054656e-07, "GRC": 8.266526114308808e-07, "THA": 1.1930111156367022e-06, "LBN": 1.693688904091112e-06, "VNM": 1.9567140607870973e-06, "ESP": 2.074772613119242e-06, "MAR": 4.544366243814956e-06, "ZAF": 5.027406559083741e-06, "CHN": 7.725719789174295e-06, "IND": 7.904949397404262e-06, "CMR": 8.781665641939893e-06, "ECU": 2.1207943933365908e-05, "CRI": 7.529329832396282e-05}, "Coffee; green": {"CAF": 0.0008965977032086}, "Cocoa; beans": {"CMR": 2.2256569215961883e-05, "CAF": 5.834657451100074e-05}, "Tea": {"VNM": 1.2022870393771493e-06, "CHN": 1.977154851857764e-06, "IND": 8.693450855331355e-06, "KEN": 9.1839610903991e-06, "LKA": 0.000148644315918}, "Chillies and peppers; dry": {"CAF": 1.2610920251494103e-06}, "Spices nes": {"PAK": 2.3128869179406772e-08, "BGD": 2.5526512708908652e-08, "TUR": 3.3737657922062736e-08, "SYR": 2.4831401212241e-07, "IND": 3.7335421118844484e-07, "LBN": 9.450849213596788e-06}, "Meat; cattle": {"CAF": 0.026089286881542745}, "Milk; whole fresh cow": {"DNK": 1.7980653512965713e-08, "CAN": 9.504080089327533e-08, "RUS": 1.0890318378250355e-08, "EGY": 2.7795551113969623e-09, "HUN": 1.3884441896604535e-08, "THA": 6.945686865265021e-07, "BLR": 9.677097866157906e-10, "DEU": 9.975691974605601e-07, "HRV": 5.501023560770271e-10, "ROU": 1.1690786406769262e-08, "VNM": 1.2881574809301596e-09, "MKD": 1.4443314614154035e-10, "USA": 3.688167080072137e-05, "TZA": 1.7220735272299395e-09, "UKR": 2.9535544593409826e-07, "SRB": 3.716538487179461e-10, "SEN": 8.678976309672916e-09, "FRA": 1.3968982180633996e-05, "FJI": 9.45980193448412e-11, "SLV": 1.5587741647087671e-09, "BIH": 3.1627803362873475e-11, "MWI": 2.910576811461663e-11, "UGA": 8.289082188971692e-10, "ITA": 1.6536732195944372e-07, "IDN": 4.216024775518752e-06, "ARG": 9.096697628634877e-06, "BGR": 9.255332689579964e-09, "BOL": 3.796186444766417e-09, "SWE": 3.1956834087437814e-09, "MYS": 5.242379984952051e-06, "COL": 1.9124191461508693e-09, "GBR": 4.1655946250362316e-07, "PRY": 1.9563989403480115e-07, "NZL": 0.001017428128051498, "BRA": 3.079924464683155e-05, "CUB": 5.010878736626023e-10, "IND": 1.4212477508085281e-06, "EST": 4.375652994938301e-09, "GTM": 4.098932960513821e-09, "NLD": 1.4278906306195245e-08, "ZMB": 2.330933861051881e-11, "POL": 3.7780663389041653e-07, "ECU": 7.079705956674847e-09, "SVN": 1.6039956925173638e-09, "IRN": 9.684687272000966e-10, "AUS": 0.00010008913323940468, "TUR": 1.756272202561995e-08, "AUT": 3.018454029501864e-08, "ISR": 9.798005140012446e-11, "ZAF": 1.4430150758004524e-06, "NIC": 3.3102641216666604e-08, "PRT": 4.568720606656269e-09, "ZWE": 8.369913117089633e-10, "CHE": 3.938397936968174e-09, "GRC": 6.38743122202035e-09, "CZE": 1.8384339863689405e-07, "MDA": 7.337227140021214e-10, "SVK": 1.0823192172949313e-08, "JAM": 1.9021702402671329e-10, "MEX": 7.974651464447504e-08, "LTU": 2.1741404309461958e-08, "DOM": 2.3732313866834296e-10, "LUX": 1.5687415560110987e-09, "DZA": 2.200998472355104e-09, "NER": 8.295105154557338e-08, "PAK": 4.561193020296533e-09, "URY": 1.2790441713436465e-06, "CRI": 3.8431185995828344e-08, "TUN": 3.4605479458864285e-09, "FIN": 4.913432348705827e-09, "CHN": 8.528082881279328e-07, "GHA": 5.063863800331231e-08, "CHL": 5.8782435397310974e-08, "LVA": 1.2730724646011787e-08, "ESP": 1.565363640803489e-07, "CYP": 7.275932705079583e-10, "BEL": 8.92488763493445e-09, "PER": 1.3633693882005844e-08, "PHL": 2.719499346173112e-09, "NOR": 1.2030234667186979e-08, "NAM": 3.933393056463608e-09, "MAR": 1.975602881128832e-05, "IRL": 2.360274139912957e-07, "NGA": 2.649716526081169e-07, "BEN": 5.383306131812731e-07, "LAO": 5.994836237758434e-08, "LBN": 3.702209140986964e-07, "CMR": 4.384593434993814e-06, "CAF": 0.0007516710275445, "ISL": 0.0}, "Meat; sheep": {"CAF": 0.00040657858087589003}, "Meat; goat": {"CAF": 0.0038030607783952073}, "Meat; pig": {"CAF": 0.0012079085721834078, "SWE": 3.97616836528415e-11, "DNK": 2.2042706274807437e-09, "ROU": 1.9187432219399886e-10, "BEL": 5.833367168336847e-08, "HUN": 8.173077856058432e-10, "DEU": 7.824435891852778e-08, "RUS": 5.062270824592892e-10, "BGR": 5.496330244450931e-11, "ZMB": 2.4756741204026634e-09, "IRL": 8.204476501351679e-11, "UKR": 3.3795768456948764e-08, "GRC": 4.5633002097545853e-10, "CAN": 3.403754292265991e-09, "GBR": 6.059917637319898e-10, "SVK": 1.748962450000992e-11, "AUT": 4.907870024971765e-10, "FRA": 9.070391211485965e-07, "ESP": 1.274816383077359e-07,