{"Wheat": {"CAN": 5.427070707749192e-06, "RUS": 2.089111389026885e-05, "MEX": 0.0001163200225941, "USA": 0.0002674038756435}, "Barley": {"FRA": 1.908155971834881e-07, "DNK": 3.010976010375428e-07, "CAN": 1.4260055570951029e-06, "RUS": 4.19732593705778e-06}, "Maize": {"BLZ": 0.0023661724250863}, "Oats": {"FIN": 2.4339257439878943e-08, "SWE": 4.0966016032934e-08, "CAN": 2.6743497037443725e-06, "USA": 1.2720354555042032e-05}, "Sorghum": {"BLZ": 0.0004405152252781}, "Potatoes": {"CAN": 5.30202592704226e-08, "NLD": 1.6319057858652934e-07, "BEL": 1.960824724384138e-07, "FRA": 2.714763214066704e-07, "DEU": 2.956847875684439e-07, "USA": 2.3332556052325063e-06, "MEX": 5.931928506535141e-05, "BLZ": 0.000117938006661}, "Sweet potatoes": {"BLZ": 1.232818473795328e-05}, "Cassava": {"BLZ": 1.7784240839489336e-06}, "Yautia (cocoyam)": {"BLZ": 7.04517958803009e-06}, "Yams": {"BLZ": 1.1667249724016983e-05}, "Roots and tubers nes": {"BLZ": 7.73887945219708e-07}, "Beans; dry": {"BLZ": 6.448605784203703e-06}, "Peas; dry": {"CAN": 2.882603395575628e-07, "BLZ": 0.0010463455341084}, "Lentils": {"CAN": 2.540017933920685e-09, "USA": 1.6259330095350502e-07}, "Almonds; with shell": {"USA": 1.301356526014542e-07}, "Walnuts; with shell": {"USA": 5.6878232726013673e-08, "MEX": 5.60366828894983e-07}, "Pistachios": {"USA": 1.366200360536779e-07}, "Nuts nes": {"ZAF": 4.536420274020552e-07, "CHN": 9.53037043630718e-07, "AUS": 1.069096295901966e-06, "USA": 4.004682092654955e-06, "MEX": 5.329684584076503e-06, "THA": 9.199328048103172e-06, "IDN": 3.950704365169364e-05}, "Groundnuts; with shell": {"USA": 2.213741201831649e-06, "IND": 3.412557768660624e-06, "BLZ": 1.421862441789188e-05}, "Coconuts": {"MYS": 1.7795951470410169e-06, "IDN": 3.614205290376657e-06, "MEX": 6.758647198540836e-06, "PHL": 7.720836191676821e-06, "BLZ": 0.000486221088735}, "Olives": {"GRC": 3.1790379050112708e-06, "ARG": 3.577334757113533e-06, "MAR": 4.266881487058002e-06, "TUR": 4.903511550228934e-06, "ITA": 9.68816407047541e-06, "ESP": 1.3297936923062816e-05, "TUN": 1.337494633805303e-05, "USA": 0.0}, "Sunflower seed": {"CAN": 1.9840079920481205e-07, "ESP": 1.434345906663165e-06, "MEX": 1.566146456378659e-06, "ARG": 9.026607769678228e-06, "USA": 1.2614004324422092e-05}, "Sesame seed": {"BFA": 2.4603813852192584e-07, "SDN": 2.94041650182912e-07, "NGA": 5.633308538677683e-07, "MMR": 6.254109187449732e-07, "ETH": 1.0965703868545022e-06, "MEX": 4.7774505705883945e-06, "IND": 5.053756804693736e-06, "VEN": 8.209511640128526e-06, "GTM": 1.3450466024745529e-05}, "Mustard seed": {"FRA": 5.059035214593853e-08, "CAN": 5.461135093834112e-07, "USA": 6.362472394243079e-07}, "Linseed": {"CAN": 3.6119429069064444e-09, "USA": 9.734620394737476e-09}, "Oilseeds nes": {"FRA": 4.78330968461345e-07, "BGR": 1.6806698664123354e-06, "ITA": 5.266357068501499e-06, "CHN": 1.802191137268811e-05, "BRA": 2.345942355589207e-05, "MYS": 2.903047358364069e-05, "IND": 4.027831329533592e-05, "ETH": 0.0001112260023654}, "Cabbages and other brassicas": {"MEX": 3.602814657684682e-06, "BLZ": 3.435186806975704e-05}, "Asparagus": {"USA": 4.099631224157141e-08, "MEX": 2.4105276448922826e-07, "PER": 3.423355658672963e-07}, "Lettuce and chicory": {"USA": 1.882826643045196e-07, "MEX": 1.0807708338557233e-05}, "Tomatoes": {"USA": 3.352557478195008e-07, "MEX": 8.388197610444437e-07, "GTM": 1.1603694542085586e-05, "BLZ": 4.640487693434602e-05}, "Cauliflowers and broccoli": {"USA": 6.463122499074275e-08, "MEX": 1.3169792641396963e-05}, "Pumpkins; squash and gourds": {"BLZ": 2.203534335696152e-05}, "Cucumbers and gherkins": {"BLZ": 3.470288825147991e-05}, "Chillies and peppers; green": {"BLZ": 5.456769627484489e-05}, "Onions; shallots; green": {"BLZ": 2.5356358595798684e-05}, "Onions; dry": {"NLD": 2.610664433469928e-07, "USA": 3.324328625415774e-07, "MEX": 2.569697885232425e-05}, "Garlic": {"CHN": 1.138017020184947e-06, "GTM": 1.463739230700071e-05}, "Leeks; other alliaceous vegetables": {"FRA": 4.8579429664347765e-11, "CAN": 5.09805156927193e-11, "MEX": 2.6235696074754456e-08}, "Beans; green": {"BLZ": 4.5587577906166514e-05}, "Peas; green": {"BLZ": 0.0005041949447934}, "Carrots and turnips": {"USA": 5.2399106648452656e-08, "MEX": 1.5132943505668876e-05, "BLZ": 2.63549736528419e-05}, "Okra": {"BLZ": 1.3960521011921184e-05}, "Maize; green": {"MEX": 2.196631532384995e-07, "USA": 5.747629735411653e-07}, "Mushrooms and truffles": {"NLD": 7.741454153095289e-11, "POL": 9.533394239701191e-11, "CAN": 1.7038362308625507e-10, "IND": 1.2464239213276516e-09, "CHN": 4.040758270122792e-09, "USA": 2.7879317858051284e-08}, "Vegetables; fresh nes": {"USA": 5.083679284569005e-07, "CHN": 5.968721364797179e-06, "GTM": 5.558553578199558e-05, "MEX": 8.102277696390833e-05, "BLZ": 0.0005305847465339}, "Plantains and others": {"BLZ": 9.626948290121149e-05}, "Oranges": {"BLZ": 0.0018116509673539}, "Grapefruit (inc. pomelos)": {"BLZ": 0.0001090059166755}, "Apples": {"DEU": 2.796503745362516e-08, "CHN": 7.22847195399036e-07, "CHL": 7.533130351076183e-07, "USA": 1.049681551666427e-06, "MEX": 2.024252860515188e-05}, "Pears": {"CHL": 2.7213694473936613e-08, "ARG": 4.0686862816567066e-08, "USA": 7.671775824316056e-08, "MEX": 7.684774852888874e-07}, "Peaches and nectarines": {"USA": 7.632583344244077e-09, "CHL": 2.6524313258715884e-08, "MEX": 9.45754403693292e-07}, "Plums and sloes": {"USA": 2.162978053920229e-07, "CHL": 4.117187022353071e-07, "MEX": 1.1808207678116192e-06}, "Strawberries": {"USA": 8.350388695980556e-09, "MEX": 5.25762398007374e-07}, "Grapes": {"FRA": 2.627350175413636e-07, "TUR": 3.466388044550028e-07, "ITA": 5.511992686147517e-07, "ESP": 8.222891665364416e-07, "ARG": 1.4178478302618531e-06, "AUS": 1.4191224545067536e-06, "USA": 2.1762715985077945e-06, "MEX": 4.426396119456344e-06, "CHL": 1.6773078537640435e-05}, "Watermelons": {"BLZ": 9.899524355535668e-05}, "Melons; other (inc.cantaloupes)": {"BLZ": 5.30385558450715e-05}, "Mangoes; mangosteens; guavas": {"BLZ": 2.085800701663106e-06}, "Pineapples": {"CRI": 2.230491312878153e-05, "BLZ": 6.382929642857345e-05}, "Dates": {"SAU": 1.70136301081741e-09, "TUN": 1.9887770383524745e-08}, "Kiwi fruit": {"NZL": 5.150326580380705e-09, "ITA": 7.426781771907257e-09, "USA": 9.83622248324204e-09, "CHL": 5.279397213374997e-07}, "Fruit; fresh nes": {"BLZ": 0.0003538193002136}, "Coffee; green": {"IDN": 9.33559451136226e-06, "VNM": 1.383441689712046e-05, "BRA": 3.400435595271977e-05, "GTM": 7.81164118068102e-05, "COL": 0.0001043751480222, "BLZ": 0.0001342679100455, "MEX": 0.0028087648450886}, "Cocoa; beans": {"CMR": 1.471935890934273e-06, "GTM": 1.948179681652981e-06, "NGA": 2.2414913454498443e-06, "IDN": 4.308343785440695e-06, "BRA": 6.488123758494746e-06, "COL": 7.358405889476277e-06, "GHA": 1.0767611670085823e-05, "DOM": 1.390814924036238e-05, "CIV": 3.493891771438337e-05, "MEX": 3.7864822990097846e-05, "ECU": 5.8185050073846246e-05, "JAM": 7.901482811876714e-05, "BLZ": 0.0003908483326862}, "Tea": {"MWI": 4.261948663431168e-07, "IDN": 1.2899041092228837e-06, "IND": 3.212570370123064e-06, "ARG": 4.3669773905915934e-06, "VNM": 5.169412393462024e-06, "KEN": 5.277642138330972e-06, "CHN": 1.0649701896489184e-05, "TWN": 1.220836362728781e-05, "LKA": 0.0004781651695041}, "Pepper (piper spp.)": {"IND": 9.150289016250464e-07, "BRA": 1.8693544509360165e-06, "MEX": 2.907632342640715e-06, "VNM": 3.1383311155195306e-06, "IDN": 5.593335557107703e-06, "GTM": 2.010676716788297e-05}, "Chillies and peppers; dry": {"PAK": 2.6408998081810533e-08, "CHN": 8.887004461642198e-08, "IND": 2.914324441161256e-07, "PER": 7.474814838850846e-07, "MEX": 1.7438465316256654e-06}, "Cinnamon (cannella)": {"VNM": 2.839649440804148e-06, "IDN": 3.7214081401194994e-06, "LKA": 7.941560238310237e-06}, "Nutmeg; mace and cardamoms": {"GRD": 0.0, "IND": 1.5518739836124262e-07, "LKA": 1.748121635611436e-07, "GTM": 2.559203287352611e-06, "IDN": 3.251880114194432e-06}, "Anise; badian; fennel; coriander": {"CAN": 9.439290605717533e-09, "EGY": 1.0035921407611689e-08,