{"Wheat": {"CAN": 6.549734575342653e-06, "RUS": 2.983261245209019e-05, "MEX": 0.0001917750773691, "USA": 0.0004994320738356}, "Barley": {"DNK": 3.1749999302321776e-07, "FRA": 5.573936697674874e-07, "CAN": 1.7032599010840595e-06, "RUS": 6.058038596854262e-06}, "Maize": {"BLZ": 0.0030716067384774}, "Oats": {"FIN": 2.4496443898799404e-08, "SWE": 4.5382784791353866e-08, "CAN": 3.184341788801251e-06, "USA": 2.6833555813858225e-05}, "Sorghum": {"BLZ": 0.0005612700346013}, "Potatoes": {"CAN": 6.439444687671497e-08, "NLD": 2.6219746168392744e-07, "BEL": 2.992648530646042e-07, "DEU": 4.011847907968928e-07, "FRA": 1.6423606210860631e-06, "USA": 5.744701868079905e-06, "MEX": 0.0001137172657743, "BLZ": 0.0001459541976635}, "Sweet potatoes": {"BLZ": 1.525674685386367e-05}, "Cassava": {"BLZ": 7.03630627161792e-07}, "Yautia (cocoyam)": {"BLZ": 9.178932975481748e-06}, "Yams": {"BLZ": 1.5200876271048212e-05}, "Roots and tubers nes": {"BLZ": 3.061875202672579e-07}, "Beans; dry": {"BLZ": 8.573947943481177e-06}, "Peas; dry": {"CAN": 3.353924659388753e-07, "BLZ": 0.0013912018257211}, "Lentils": {"CAN": 2.955324619731496e-09, "USA": 3.531272448639021e-07}, "Almonds; with shell": {"USA": 3.019412063867065e-07}, "Walnuts; with shell": {"USA": 1.3196907890439632e-07, "MEX": 1.1747209652545445e-06}, "Pistachios": {"USA": 3.169862960535219e-07}, "Nuts nes": {"ZAF": 1.5550180067689935e-06, "AUS": 1.985663895031902e-06, "CHN": 2.2425533516643747e-06, "USA": 9.291677707681204e-06, "THA": 9.685189505061111e-06, "MEX": 1.1172845886425504e-05, "IDN": 5.0721108666144894e-05}, "Groundnuts; with shell": {"USA": 2.667963794094544e-06, "IND": 3.631776202277981e-06, "BLZ": 1.421862441789188e-05}, "Coconuts": {"MYS": 1.890281037709052e-06, "IDN": 4.640096608876264e-06, "PHL": 8.594327923232803e-06, "MEX": 1.4168441369988266e-05, "BLZ": 0.0006622900237488}, "Olives": {"TUR": 7.043752359419851e-06, "GRC": 7.737890204977335e-06, "MAR": 1.1749376450461853e-05, "ITA": 1.388681341691195e-05, "TUN": 1.6581847893480893e-05, "ESP": 1.9451935662139324e-05, "ARG": 2.2355824034404834e-05, "USA": 0.0}, "Sunflower seed": {"CAN": 2.2051042447839538e-07, "ESP": 2.0993200269784505e-06, "MEX": 2.642389257599942e-06, "ARG": 1.5997980702015984e-05, "USA": 2.2667847517251063e-05}, "Sesame seed": {"SDN": 3.772706445368105e-07, "BFA": 4.5042471033124633e-07, "MMR": 6.416795945507512e-07, "NGA": 9.480891971396092e-07, "ETH": 1.5989064454199065e-06, "IND": 5.429612386622709e-06, "MEX": 7.421912918753669e-06, "VEN": 1.7792089842805892e-05, "GTM": 2.200085299583724e-05}, "Mustard seed": {"FRA": 2.600090024611609e-07, "CAN": 6.515880428345464e-07, "USA": 1.2376203520162105e-06}, "Linseed": {"CAN": 4.309541458145776e-09, "USA": 1.8935664586270407e-08}, "Oilseeds nes": {"BGR": 2.397916670196986e-06, "FRA": 2.458380949734108e-06, "ITA": 7.741280056071105e-06, "MYS": 3.0811504869694743e-05, "IND": 4.327387273117494e-05, "CHN": 4.9925968745161726e-05, "BRA": 6.45324374811094e-05, "ETH": 0.0001621783464265}, "Cabbages and other brassicas": {"MEX": 6.96587055316632e-06, "BLZ": 4.355247071558186e-05}, "Asparagus": {"USA": 1.0094325878351269e-07, "MEX": 4.660640397732638e-07, "PER": 9.120642917407208e-07}, "Lettuce and chicory": {"USA": 4.635993987787975e-07, "MEX": 2.0896189345234663e-05}, "Tomatoes": {"USA": 8.254841926120221e-07, "MEX": 1.6218180583923028e-06, "GTM": 1.70453231602038e-05, "BLZ": 5.883368670487502e-05}, "Cauliflowers and broccoli": {"USA": 1.5913837399063344e-07, "MEX": 2.5463166848268827e-05}, "Pumpkins; squash and gourds": {"BLZ": 2.79371603405394e-05}, "Cucumbers and gherkins": {"BLZ": 4.399750608175232e-05}, "Chillies and peppers; green": {"BLZ": 6.918278764930516e-05}, "Onions; shallots; green": {"BLZ": 3.214765680151045e-05}, "Onions; dry": {"NLD": 4.257196850359544e-07, "USA": 8.185335372104701e-07, "MEX": 4.968388476796561e-05}, "Garlic": {"CHN": 2.068237468087152e-06, "GTM": 2.150169337796654e-05}, "Leeks; other alliaceous vegetables": {"CAN": 6.032287153631608e-11, "FRA": 2.944152112918857e-10, "MEX": 5.0725468860615474e-08}, "Beans; green": {"BLZ": 5.779748710378261e-05}, "Peas; green": {"BLZ": 0.0006392355584118}, "Carrots and turnips": {"USA": 1.290198140572288e-07, "MEX": 2.92588255474157e-05, "BLZ": 3.341373505203517e-05}, "Okra": {"BLZ": 1.7699624990154517e-05}, "Maize; green": {"MEX": 3.745753776553775e-07, "USA": 9.042804493483036e-07}, "Mushrooms and truffles": {"POL": 1.2254902040845295e-10, "NLD": 1.2623948836639982e-10, "CAN": 2.0160701137811566e-10, "IND": 1.3263913805583911e-09, "CHN": 7.343693025252636e-09, "USA": 6.864591089730673e-08}, "Vegetables; fresh nes": {"USA": 1.2517300350597626e-06, "CHN": 1.084758219278617e-05, "GTM": 8.165273715201507e-05, "MEX": 0.000156653680473, "BLZ": 0.000672693449702}, "Plantains and others": {"BLZ": 0.000117015980172}, "Oranges": {"BLZ": 0.0024676806292274}, "Grapefruit (inc. pomelos)": {"BLZ": 0.0001484788151242}, "Apples": {"DEU": 3.703198912713753e-08, "CHN": 1.700902825988592e-06, "USA": 2.435474888673892e-06, "CHL": 2.4800114436878827e-06, "MEX": 4.243527902807602e-05}, "Pears": {"ARG": 8.118374992824232e-08, "CHL": 8.959127291717027e-08, "USA": 1.780008169334277e-07, "MEX": 1.6109922406990444e-06}, "Peaches and nectarines": {"USA": 1.7709147160970906e-08, "CHL": 8.73217339298798e-08, "MEX": 1.9826254316144207e-06}, "Plums and sloes": {"USA": 5.018549413117144e-07, "CHL": 1.3554353177733289e-06, "MEX": 2.4754051107765286e-06}, "Strawberries": {"USA": 1.9374601704145995e-08, "MEX": 1.1021782158299626e-06}, "Grapes": {"TUR": 4.667352257934178e-07, "ITA": 7.306963457265622e-07, "ESP": 1.25383961317107e-06, "FRA": 1.3742217750620918e-06, "AUS": 2.635777741766219e-06, "ARG": 2.829075424350726e-06, "USA": 5.049393142792191e-06, "MEX": 9.279243620291457e-06, "CHL": 5.521931093795728e-05}, "Watermelons": {"BLZ": 0.0001348431068176}, "Melons; other (inc.cantaloupes)": {"BLZ": 7.22447199927495e-05}, "Mangoes; mangosteens; guavas": {"BLZ": 2.841104650218977e-06}, "Pineapples": {"CRI": 5.098998862215139e-05, "BLZ": 8.694297147317584e-05}, "Dates": {"SAU": 4.407575586686235e-09, "TUN": 2.4651892992226306e-08}, "Kiwi fruit": {"ITA": 9.845300257526576e-09, "USA": 2.2822038569044373e-08, "NZL": 2.4679677614715444e-08, "CHL": 1.738051101568082e-06}, "Fruit; fresh nes": {"BLZ": 0.0004819432932267}, "Coffee; green": {"IDN": 1.1711296050447647e-05, "VNM": 1.448689171808746e-05, "BRA": 8.890974833414953e-05, "GTM": 0.0001233047086349, "BLZ": 0.0001593294244118, "COL": 0.000763561756165, "MEX": 0.0043371236310197}, "Cocoa; beans": {"CMR": 1.8791745955283053e-06, "GTM": 3.075150566424285e-06, "NGA": 3.994478697670983e-06, "IDN": 5.404721627207826e-06, "BRA": 1.696422221113838e-05, "GHA": 1.878225048922452e-05, "DOM": 2.5164674096538465e-05, "COL": 5.383079621928199e-05, "MEX": 5.846855384205312e-05, "CIV": 7.521425506861436e-05, "ECU": 0.0001356578609607, "JAM": 0.0001498544437845, "BLZ": 0.0004638013644369}, "Tea": {"MWI": 5.824128781733989e-07, "IDN": 1.6181560672340945e-06, "IND": 3.451156527889806e-06, "VNM": 5.413218218529417e-06, "ARG": 5.587947406504528e-06, "KEN": 9.173793156867704e-06, "TWN": 1.6304984402203038e-05, "CHN": 2.1480239047070164e-05, "LKA": 0.0005631855235272}, "Pepper (piper spp.)": {"IND": 9.83080993087519e-07, "VNM": 3.3042035590580344e-06, "MEX": 4.517094154712162e-06, "BRA": 5.142240556237522e-06, "IDN": 7.151671235501054e-06, "GTM": 3.288852801592717e-05}, "Chillies and peppers; dry": {"PAK": 2.8159750248656916e-08, "CHN": 1.615128357538884e-07, "IND": 3.101300250070213e-07, "PER": 1.991470469805724e-06, "MEX": 3.3716442165523086e-06}, "Cinnamon (cannella)": {"VNM": 2.989735449641668e-06, "IDN": 4.758213999414379e-06, "LKA": 9.609461771212104e-06}, "Nutmeg; mace and cardamoms": {"GRD": 0.0, "IND": 1.6672892126652677e-07, "LKA": 2.1152654547403106e-07, "IDN": 4.157872746330993e-06, "GTM": 4.186074683800662e-06}, "Anise; badian; fennel; coriander": {"EGY": 1.0035921407611689e-08, "CAN": 1.1262363566999569e-08,