{"Wheat": {"RUS": 4.3616258040163846e-05, "CAN": 0.0003353669404295, "MEX": 0.0014234355443401, "USA": 0.004309952806991}, "Barley": {"SWE": 2.8894309121076004e-06, "DEU": 3.4793337883585982e-06, "FRA": 2.4660390306308328e-05, "CAN": 2.673048833855589e-05, "USA": 0.0008573336300406}, "Maize": {"USA": 0.0002664141176757, "ARG": 0.0010437654468774, "BRA": 0.0023267954591497, "PRY": 0.0027314658305343, "CRI": 0.0087004922026165}, "Oats": {"USA": 6.5890452915151e-06, "CAN": 1.303823556473679e-05, "CHL": 0.0018010916407569}, "Quinoa": {"PER": 7.157736639627494e-06, "BOL": 3.943054975799242e-05}, "Potatoes": {"CAN": 7.049885949376162e-06, "USA": 6.462810719836782e-05, "CRI": 0.0330792803198975}, "Sweet potatoes": {"HND": 8.837748371923982e-07, "GTM": 1.0638138864195672e-06, "CRI": 0.0002867945170269}, "Yautia (cocoyam)": {"CRI": 0.0215541891839429}, "Yams": {"CRI": 0.0065103185883964}, "Roots and tubers nes": {"CRI": 1.6773403060571817e-05}, "Beans; dry": {"CHN": 0.0021743658212434, "GTM": 0.0062464088834755, "HND": 0.0075952722773953, "NIC": 0.0788636594896818, "CRI": 0.2211455661061962}, "Peas; dry": {"CAN": 1.6618127700626202e-06, "USA": 1.0817999252959743e-05}, "Chick peas": {"CAN": 4.50207748465068e-07, "IND": 3.854544304221334e-06, "ARG": 1.965557981348433e-05, "MEX": 0.0008904088584868}, "Lentils": {"USA": 2.5536200528073426e-06, "CAN": 9.975033863898026e-06}, "Brazil nuts; with shell": {"PER": 1.7563214721283222e-05}, "Cashew nuts; with shell": {"BEN": 1.979475789683022e-06, "BFA": 2.130909874525997e-06, "IND": 2.9402923376798232e-06, "TZA": 1.999703452528496e-05, "GHA": 2.075415139464916e-05, "VNM": 3.430406376273313e-05, "CIV": 3.613419682256591e-05, "HND": 5.534730971037048e-05, "BRA": 0.0002133429417618}, "Almonds; with shell": {"USA": 4.082154788782789e-05}, "Walnuts; with shell": {"USA": 7.447574342578816e-06, "CHL": 7.820668239633067e-06}, "Pistachios": {"USA": 5.026365199407657e-07}, "Hazelnuts; with shell": {"USA": 2.0068648821225605e-07, "TUR": 1.6392606947205348e-06}, "Nuts nes": {"TUR": 2.616857934956696e-06, "CHN": 1.0245604766739728e-05, "THA": 3.903809571267251e-05, "MEX": 0.0001263294714923, "USA": 0.0001370649012923, "GTM": 0.0002674600046952, "CRI": 0.0029072381991697}, "Soybeans": {"ARG": 0.0005047642033832, "USA": 0.0009244536931177, "PRY": 0.0072620491745175}, "Groundnuts; with shell": {"USA": 2.810554720980053e-05, "MEX": 5.369403041808468e-05, "CRI": 0.0007913130020584, "NIC": 0.0039710145933866}, "Coconuts": {"IND": 6.59145462911952e-06, "CRI": 0.0052435333155963}, "Oil palm fruit": {"IDN": 7.167349365232735e-05, "MYS": 0.0002229391090122, "CRI": 0.0795408631555224}, "Olives": {"TUN": 3.1638074372226386e-05, "GRC": 3.4935559867325233e-05, "ITA": 0.0001104257190972, "ESP": 0.0002139851042353, "USA": 0.0}, "Sunflower seed": {"CAN": 5.159052508696408e-06, "USA": 5.930106397697614e-05, "ARG": 0.0004732186362263, "BOL": 0.0006080612884592}, "Sesame seed": {"SDN": 1.8778109131505128e-06, "CHN": 4.025326600492895e-06, "BOL": 4.823662340415554e-06, "IND": 1.864544844212825e-05, "VEN": 0.0001694164993212, "GTM": 0.0002711196690161, "CRI": 0.0020994886999591}, "Cabbages and other brassicas": {"CRI": 0.004994975869763}, "Artichokes": {"CRI": 5.086973525399831e-05}, "Asparagus": {"PER": 1.5633187222107532e-05, "CRI": 0.0003823734733053}, "Lettuce and chicory": {"MEX": 3.285789251991652e-06, "CRI": 0.0023467015773142}, "Spinach": {"CRI": 0.0001035117926924}, "Tomatoes": {"ITA": 8.481019062977109e-06, "CHN": 1.3959943801582876e-05, "MEX": 0.0001922511694961, "USA": 0.0002773789656235, "CRI": 0.0132447032095649}, "Cauliflowers and broccoli": {"MEX": 5.4014447416811994e-09, "CRI": 3.858039891758934e-06}, "Cucumbers and gherkins": {"CRI": 0.001689880006679}, "Eggplants (aubergines)": {"CRI": 0.0001529955696391}, "Onions; shallots; green": {"CRI": 0.0001383043480463}, "Onions; dry": {"CRI": 0.014201385445038}, "Garlic": {"CHN": 4.344848789709211e-05}, "Leeks; other alliaceous vegetables": {"CRI": 6.2700783711909e-05}, "Beans; green": {"GTM": 1.9141847411082765e-06, "CRI": 0.0027842303811959}, "Peas; green": {"CAN": 5.7746257750547245e-09, "MEX": 8.117408857228829e-08, "GTM": 4.190713233626089e-07, "USA": 4.3833910662205626e-07}, "Carrots and turnips": {"CRI": 0.0048776174474786}, "Maize; green": {"MEX": 9.548477145743417e-06, "USA": 1.413316360777593e-05, "CHN": 2.403370662114807e-05, "THA": 7.77996242820183e-05}, "Mushrooms and truffles": {"USA": 3.145967652062806e-07, "CHN": 6.485317881742753e-06}, "Vegetables; fresh nes": {"USA": 7.538280114784402e-06, "IND": 1.567650191631997e-05, "CHN": 0.0001678170830172, "CHL": 0.0001943013667546, "MEX": 0.0003727977444587, "GTM": 0.0017109496092906, "CRI": 0.0208703062422018}, "Bananas": {"CRI": 0.0001938366655189}, "Plantains and others": {"CRI": 0.0736467091272019}, "Oranges": {"NIC": 0.0032534214706438, "CRI": 0.0114287508534768}, "Tangerines; mandarins; clementines; satsumas": {"ESP": 5.768179447633707e-06, "PER": 8.586397660346939e-05}, "Lemons and limes": {"SLV": 0.0001038240987313, "CRI": 0.0188909135569791}, "Grapefruit (inc. pomelos)": {"CRI": 0.019649726085981}, "Apples": {"CHN": 8.348847854256345e-06, "USA": 2.2314565335644943e-05, "MEX": 2.348609614576533e-05, "SLV": 7.593330971303024e-05, "GTM": 0.0001655948858744, "CHL": 0.0002424507787284}, "Pears": {"USA": 2.451967022204914e-06, "ARG": 3.4104870965565485e-06, "CHL": 1.3392380855348748e-05}, "Apricots": {"USA": 4.469012163823783e-07, "TUR": 1.7774088180106209e-06, "CHL": 2.930357916505813e-06}, "Cherries": {"ESP": 9.296611924775402e-08, "USA": 2.417067309348878e-07, "CHL": 5.796444121866321e-06}, "Peaches and nectarines": {"ESP": 4.321166864748003e-07, "USA": 6.358517730799904e-06, "CHL": 6.057985373379638e-05}, "Plums and sloes": {"ITA": 2.108840652181347e-07, "ARG": 1.9497641359729414e-06, "MEX": 5.7001629267595646e-06, "USA": 1.2355776148269472e-05, "CHL": 8.42980785471709e-05}, "Strawberries": {"CRI": 0.001681470639598}, "Berries nes": {"CRI": 0.0006905714344377}, "Grapes": {"ITA": 1.3340836070620487e-05, "MEX": 2.8244560983045752e-05, "ESP": 3.070090336233602e-05, "PER": 6.550209648530027e-05, "ARG": 7.991322771996026e-05, "USA": 8.362251011579033e-05, "CHL": 0.0018512210358462}, "Watermelons": {"HND": 2.1131176351974136e-05, "CRI": 0.0138079467172607}, "Melons; other (inc.cantaloupes)": {"CRI": 0.0048760624651793}, "Mangoes; mangosteens; guavas": {"CRI": 0.0596929525211315}, "Avocados": {"GTM": 0.000198183957123, "MEX": 0.0017278334951917, "CRI": 0.0021086675633244}, "Pineapples": {"CRI": 0.0120454662925991}, "Persimmons": {"ISR": 2.5859700134265764e-09, "ESP": 2.630371063967243e-08, "CHL": 2.86978416852985e-06}, "Kiwi fruit": {"USA": 1.9290944627954578e-07, "ITA": 8.487286844953671e-07, "NZL": 2.6783682502434587e-06, "CHL": 7.259329668469534e-05}, "Papayas": {"CRI": 0.0164022226912834}, "Fruit; tropical fresh nes": {"CRI": 0.0081211697944568}, "Fruit; fresh nes": {"CRI": 0.1007632265805833}, "Cocoa; beans": {"CMR": 3.343586215827337e-05, "GTM": 3.463069754990106e-05, "IDN": 6.591657471510402e-05, "NGA": 7.248162216491643e-05, "MEX": 0.0002543430400217, "PER": 0.0002578665557728, "GHA": 0.0002668883977749, "BRA": 0.0003783248038289, "NIC": 0.0006091313995787, "CIV": 0.0008356823509198, "ECU": 0.0030280913025512, "COL": 0.0031879229186408, "CRI": 0.0515177072338071}, "Tea": {"MWI": 1.922404083079416e-06, "IDN": 5.041617253698705e-06, "VNM": 9.60521567905264e-06, "IND": 1.2379640037618882e-05, "ARG": 2.137230124580264e-05, "SLV": 2.672757596941206e-05, "KEN": 3.240798104631101e-05, "CHN": 8.459450669107667e-05, "ECU": 8.720405154737139e-05, "GTM": 0.0001030431656017, "LKA": 0.0003541685320829}, "Mat\u00e9": {"BRA": 1.5786015677358349e-07, "ARG": 3.7838125666887968e-06}, "Pepper (piper spp.)": {"IND": 1.468860096203212e-05, "BRA": 2.807670349375011e-05, "VNM": 4.6742622643491495e-05, "IDN": 9.211370213517414e-05, "CRI": 0.002828746527206}, "Cinnamon (cannella)": {"CHN": 8.678581335430815e-07, "VNM": 2.564986824539904e-05,