{"Wheat": {"RUS": 3.05434938240072e-05, "CAN": 0.0002778830314138, "MEX": 0.0008633762892989, "USA": 0.0023076172813226}, "Barley": {"DEU": 2.534012158735428e-06, "SWE": 2.622461653641899e-06, "FRA": 8.44212512323476e-06, "CAN": 2.237933558488989e-05, "USA": 0.0002757038018849}, "Maize": {"USA": 0.0001693334966812, "ARG": 0.0005485560531827, "BRA": 0.0007698685283678, "PRY": 0.000942473724075, "CRI": 0.003493265232638}, "Oats": {"USA": 3.1235141875612323e-06, "CAN": 1.0950081282898208e-05, "CHL": 0.0004548732341038}, "Quinoa": {"PER": 3.130499437447156e-06, "BOL": 7.188110093027767e-06}, "Potatoes": {"CAN": 5.804643086358971e-06, "USA": 2.6249211332277543e-05, "CRI": 0.0148954313599615}, "Sweet potatoes": {"HND": 6.345834192630864e-07, "GTM": 6.819222880063901e-07, "CRI": 0.0001291421095463}, "Yautia (cocoyam)": {"CRI": 0.0088690473010965}, "Yams": {"CRI": 0.002678844609414}, "Roots and tubers nes": {"CRI": 4.239472078273327e-05}, "Beans; dry": {"CHN": 0.0010538518554901, "GTM": 0.0039188724376929, "HND": 0.004876445507006, "NIC": 0.0317539222751354, "CRI": 0.1067576377299539}, "Peas; dry": {"CAN": 1.4282810797146769e-06, "USA": 4.981020960105141e-06}, "Chick peas": {"CAN": 3.869408279064859e-07, "IND": 3.614362769006192e-06, "ARG": 1.0237085753914864e-05, "MEX": 0.0005140595866474}, "Lentils": {"USA": 1.1757844227709805e-06, "CAN": 8.573259511528412e-06}, "Brazil nuts; with shell": {"PER": 7.542046422578838e-06}, "Cashew nuts; with shell": {"BFA": 1.0884482060102974e-06, "BEN": 1.6746616938289815e-06, "IND": 2.727648855096306e-06, "TZA": 9.677964441835658e-06, "GHA": 1.0995617377960845e-05, "CIV": 1.517593496597089e-05, "VNM": 3.2416538518513944e-05, "HND": 3.4994391217674315e-05, "BRA": 8.117121229656222e-05}, "Almonds; with shell": {"USA": 1.7593950948782734e-05}, "Walnuts; with shell": {"CHL": 2.375558122186307e-06, "USA": 3.2098796946848628e-06}, "Pistachios": {"USA": 2.1663466317360266e-07}, "Hazelnuts; with shell": {"USA": 8.649520687927478e-08, "TUR": 1.217459784489266e-06}, "Nuts nes": {"TUR": 1.9435098442804728e-06, "CHN": 4.354162129456348e-06, "THA": 3.707973381898824e-05, "USA": 5.907451517428649e-05, "MEX": 6.02618387088966e-05, "GTM": 0.0001635183906469, "CRI": 0.0012717338683418}, "Soybeans": {"ARG": 0.0003313852155011, "USA": 0.0006189862232458, "PRY": 0.0027733401313465}, "Groundnuts; with shell": {"USA": 2.332055929547414e-05, "MEX": 3.412209583213505e-05, "CRI": 0.0002226366197967, "NIC": 0.0015670045033535}, "Coconuts": {"IND": 6.11475717639846e-06, "CRI": 0.0022937160460835}, "Oil palm fruit": {"IDN": 5.634781671870341e-05, "MYS": 0.000209005022811, "CRI": 0.0286174437058276}, "Olives": {"GRC": 1.435293938127709e-05, "TUN": 2.551932388272732e-05, "ITA": 7.703873106778189e-05, "ESP": 0.0001462867484254, "USA": 0.0}, "Sunflower seed": {"CAN": 4.641776656528279e-06, "USA": 3.299933427199625e-05, "ARG": 0.0002670061364668, "BOL": 0.000298704594274}, "Sesame seed": {"BOL": 6.870917766150602e-07, "CHN": 1.4530329819035722e-06, "SDN": 1.4635504448329365e-06, "IND": 1.7354749332223316e-05, "VEN": 7.817107127357966e-05, "GTM": 0.0001657520232252, "CRI": 0.0008892803950579}, "Cabbages and other brassicas": {"CRI": 0.0026425558962878}, "Artichokes": {"CRI": 2.691226591339467e-05}, "Asparagus": {"PER": 5.867783710483165e-06, "CRI": 0.0002022919234873}, "Lettuce and chicory": {"MEX": 1.699441525475568e-06, "CRI": 0.0012415055150714}, "Spinach": {"CRI": 5.476216607383572e-05}, "Tomatoes": {"ITA": 6.358657022865776e-06, "CHN": 7.68125222183492e-06, "MEX": 9.943413764742282e-05, "USA": 0.0001126525418436, "CRI": 0.0070070145429307}, "Cauliflowers and broccoli": {"MEX": 2.793678713876932e-09, "CRI": 2.0410681312389966e-06}, "Cucumbers and gherkins": {"CRI": 0.0008940188085193}, "Eggplants (aubergines)": {"CRI": 8.09412007579744e-05}, "Onions; shallots; green": {"CRI": 7.316891611518907e-05}, "Onions; dry": {"CRI": 0.0075131403677874}, "Garlic": {"CHN": 2.3906886656453785e-05}, "Leeks; other alliaceous vegetables": {"CRI": 3.3171396623309755e-05}, "Beans; green": {"GTM": 1.303091459409799e-06, "CRI": 0.0014729769677149}, "Peas; green": {"CAN": 4.880294860756513e-09, "MEX": 4.198401246481677e-08, "USA": 1.780236451580105e-07, "GTM": 2.85285035780404e-07}, "Carrots and turnips": {"CRI": 0.0025804682708672}, "Maize; green": {"MEX": 5.5995367650392445e-06, "USA": 8.983075047794424e-06, "CHN": 1.2459803161035026e-05, "THA": 7.295254803539071e-05}, "Mushrooms and truffles": {"USA": 1.277678903179175e-07, "CHN": 3.568450066596532e-06}, "Vegetables; fresh nes": {"USA": 3.0615386215429647e-06, "IND": 1.473137361840674e-05, "CHL": 7.294734663169469e-05, "CHN": 9.233886325831892e-05, "MEX": 0.0001928145474189, "GTM": 0.0011647380607873, "CRI": 0.0110412847340299}, "Bananas": {"CRI": 8.214084526455568e-05}, "Plantains and others": {"CRI": 0.0312087649798567}, "Oranges": {"NIC": 0.001270881671459, "CRI": 0.004999359714439}, "Tangerines; mandarins; clementines; satsumas": {"ESP": 3.782869372288859e-06, "PER": 3.6871956976409066e-05}, "Lemons and limes": {"SLV": 6.15943796024515e-05, "CRI": 0.0082635865823412}, "Grapefruit (inc. pomelos)": {"CRI": 0.0085955193400799}, "Apples": {"CHN": 3.5480811508175693e-06, "USA": 9.617503212704238e-06, "MEX": 1.1203366254277626e-05, "SLV": 4.5047972099791794e-05, "CHL": 7.364535855387396e-05, "GTM": 0.0001012405920967}, "Pears": {"USA": 1.0567896061964244e-06, "ARG": 1.7092339385396597e-06, "CHL": 4.067987305114071e-06}, "Apricots": {"USA": 1.9261293328681957e-07, "CHL": 8.901075120653553e-07, "TUR": 1.320060783189487e-06}, "Cherries": {"ESP": 6.096874904041906e-08, "USA": 1.0417479463896245e-07, "CHL": 1.7606922441380371e-06}, "Peaches and nectarines": {"ESP": 2.833894114010361e-07, "USA": 2.740499928372791e-06, "CHL": 1.8401364073836554e-05}, "Plums and sloes": {"ITA": 1.590799559770071e-07, "ARG": 9.771633608340642e-07, "MEX": 2.719098677838674e-06, "USA": 5.325298297951431e-06, "CHL": 2.5605866281680656e-05}, "Strawberries": {"CRI": 0.0007355376527489}, "Berries nes": {"CRI": 0.0003020815707274}, "Grapes": {"ITA": 1.006363194210785e-05, "MEX": 1.3473254959888088e-05, "ESP": 2.013417024996064e-05, "PER": 2.812809957107204e-05, "USA": 3.604102287434324e-05, "ARG": 4.005011515660476e-05, "CHL": 0.0005623155250826}, "Watermelons": {"HND": 1.3360588907035803e-05, "CRI": 0.0060401082710096}, "Melons; other (inc.cantaloupes)": {"CRI": 0.0021329706602265}, "Mangoes; mangosteens; guavas": {"CRI": 0.0261119124824809}, "Avocados": {"GTM": 0.0001211647392204, "MEX": 0.0008242132431418, "CRI": 0.0009224094393501}, "Pineapples": {"CRI": 0.0052691339322121}, "Persimmons": {"ISR": 2.3448466281921384e-09, "ESP": 1.7250417096018913e-08, "CHL": 8.717080026389947e-07}, "Kiwi fruit": {"USA": 8.31433277524294e-08, "NZL": 5.589404937385239e-07, "ITA": 6.402367178681247e-07, "CHL": 2.2050493675422733e-05}, "Papayas": {"CRI": 0.0071749408488604}, "Fruit; tropical fresh nes": {"CRI": 0.0035525010235195}, "Fruit; fresh nes": {"CRI": 0.0440775743668093}, "Cocoa; beans": {"GTM": 2.1939355446467057e-05, "CMR": 2.6189927041482468e-05, "NGA": 4.0672874005199634e-05, "IDN": 5.254503092290999e-05, "PER": 0.000135854617215, "BRA": 0.0001446938219507, "GHA": 0.0001530035300157, "MEX": 0.0001647151084872, "NIC": 0.0002430789931849, "CIV": 0.0003881955204836, "COL": 0.0004357734313303, "ECU": 0.0012987794648932, "CRI": 0.0222589386562367}, "Tea": {"MWI": 1.406766199633316e-06, "IDN": 4.018897153592137e-06, "VNM": 9.172606565759242e-06, "IND": 1.1523807876069029e-05, "SLV": 1.6694277923413965e-05, "ARG": 1.6702440008059346e-05, "KEN": 1.8644166427515303e-05, "ECU": 3.740271348812831e-05, "CHN": 4.194116631413405e-05, "GTM": 6.52802512339633e-05, "LKA": 0.0003007020761397}, "Mat\u00e9": {"BRA": 6.037507767434876e-08, "ARG": 2.9570471457430195e-06}, "Pepper (piper spp.)": {"BRA": 1.0206700769762328e-05, "IND": 1.3671807815635704e-05, "VNM": 4.43961228299375e-05, "IDN": 7.20423001118843e-05, "CRI": 0.0011981721212796},