{"Wheat": {"CAN": 7.048633608007102e-05, "USA": 0.0026630374509987, "ARG": 0.0063867537012932, "BOL": 0.0568490643321789}, "Barley": {"ARG": 0.0007549443566317, "BOL": 0.0133836417858007}, "Maize": {"BOL": 0.0608128528596677}, "Oats": {"ARG": 2.710610728783514e-05, "PER": 6.522567116207732e-05, "CHL": 0.0002738049261209, "BOL": 0.0011586830029421}, "Quinoa": {"BOL": 0.0098170594544114}, "Potatoes": {"PER": 0.0024992000709467, "BOL": 0.08715190053958}, "Cassava": {"BRA": 8.009245335562367e-06, "PRY": 1.7535234922320445e-05, "BOL": 0.0010045024685479}, "Roots and tubers nes": {"BOL": 0.0005977842513959}, "Beans; dry": {"BOL": 0.0100018811515696}, "Broad beans; horse beans; dry": {"BOL": 0.0032134396714912}, "Peas; dry": {"BOL": 0.0009518139147985}, "Chick peas": {"BOL": 8.26197786179063e-05}, "Lentils": {"CAN": 1.7881910410537482e-05}, "Brazil nuts; with shell": {"BOL": 0.0001335073898493}, "Chestnut": {"BOL": 0.0101962327681788}, "Almonds; with shell": {"PRT": 3.1306419247724955e-06, "ESP": 5.511194993661995e-06, "USA": 6.906952683104278e-06, "CHL": 9.011086057262316e-05}, "Walnuts; with shell": {"CHL": 4.572212122548634e-06}, "Pistachios": {"TUR": 7.157357387971872e-09, "USA": 2.7537016764113824e-08}, "Hazelnuts; with shell": {"USA": 4.2241674261831835e-10, "TUR": 3.713188790323264e-08}, "Nuts nes": {"LBN": 5.270703534337135e-08, "CHN": 1.8210722571225418e-07, "TUR": 2.626427419763421e-07, "ZAF": 2.775264301829898e-07, "ESP": 5.695453844767599e-07, "THA": 1.0516743869209373e-06, "IDN": 1.3070351955910622e-06, "BRA": 1.4525526570209496e-06, "COL": 1.7357514871224355e-06, "MEX": 3.694327507399652e-06, "USA": 3.7017692627994673e-06, "GHA": 3.188130394763482e-05}, "Soybeans": {"BOL": 0.0026979491359006}, "Groundnuts; with shell": {"PRY": 0.0002223981167908, "BOL": 0.0007750335322939}, "Coconuts": {"VNM": 1.6279445918397931e-06, "MYS": 6.682333535139659e-06, "PHL": 8.33436714410487e-06, "IDN": 1.5030332057277132e-05, "LKA": 7.527362992729505e-05}, "Oil palm fruit": {"IDN": 3.824441942016793e-07, "MYS": 1.2608611507659236e-06, "PER": 5.349081597219182e-06, "ECU": 5.942875955587153e-05}, "Olives": {"PRT": 1.5305327887570191e-06, "LBN": 2.5329562770540363e-06, "CHL": 9.187332060924322e-06, "ESP": 4.400068427346883e-05, "ARG": 8.546730831404656e-05, "PER": 0.0}, "Sesame seed": {"BOL": 0.0004177053055982}, "Mustard seed": {"USA": 1.4901783293949511e-06, "CAN": 1.0873255823470762e-05}, "Cabbages and other brassicas": {"BOL": 0.0002920727670094}, "Lettuce and chicory": {"BOL": 0.0012934056766979}, "Tomatoes": {"CHN": 8.103194739742446e-06, "BRA": 1.3394001346758252e-05, "PER": 0.0002183360335043, "BOL": 0.0022269154869261}, "Cauliflowers and broccoli": {"BOL": 5.776912815080405e-05}, "Pumpkins; squash and gourds": {"BOL": 0.0015731399835096}, "Cucumbers and gherkins": {"BOL": 0.0002726013318125}, "Chillies and peppers; green": {"BOL": 0.001791362148369}, "Onions; dry": {"PER": 0.0001714156542444, "BOL": 0.003831455219129}, "Garlic": {"ARG": 3.525749923909082e-06, "PER": 9.998179861417548e-06, "BOL": 0.0002823423138971}, "Beans; green": {"BOL": 0.0002265288361735}, "Peas; green": {"BOL": 0.0078702016029133}, "Vegetables; leguminous nes": {"BOL": 0.0123741427329088}, "Carrots and turnips": {"BOL": 0.0024484827932731}, "Maize; green": {"FRA": 2.0175901327646863e-06, "BOL": 0.0042430960637491}, "Mushrooms and truffles": {"CHN": 5.096878928563974e-07}, "Bananas": {"BOL": 0.0010023927759323}, "Plantains and others": {"BOL": 0.0045904057878625}, "Oranges": {"BOL": 0.0039081508659272}, "Tangerines; mandarins; clementines; satsumas": {"BOL": 0.0041637084051129}, "Lemons and limes": {"BOL": 0.0004175022869096}, "Grapefruit (inc. pomelos)": {"BOL": 8.081586742784566e-05}, "Apples": {"BOL": 0.0001101630360861, "ARG": 0.0001727188310732, "CHL": 0.0003014983609297}, "Pears": {"ARG": 3.0552323467099793e-05, "BOL": 8.163525627082992e-05}, "Quinces": {"BOL": 4.592064575876733e-06}, "Cherries; sour": {"CHL": 9.790713947298328e-08, "BOL": 8.627176369386939e-06}, "Cherries": {"CHL": 1.9150182907660776e-05, "BOL": 8.703018327578814e-05}, "Peaches and nectarines": {"ARG": 1.5990370918954565e-05, "BOL": 0.0013953069547251}, "Plums and sloes": {"CHL": 2.869856511441178e-05, "BOL": 3.3430642445477164e-05, "ARG": 4.2676681889996985e-05}, "Strawberries": {"BOL": 9.117670132942822e-05}, "Grapes": {"ARG": 2.805795443198409e-05, "PER": 2.8884901391227067e-05, "CHL": 5.816216616981999e-05, "BOL": 0.0004619809308372}, "Watermelons": {"BOL": 0.0007683444344447}, "Melons; other (inc.cantaloupes)": {"BRA": 1.0107953391668365e-07, "PER": 5.603272829325852e-06}, "Figs": {"BOL": 2.182865154742317e-05}, "Mangoes; mangosteens; guavas": {"BOL": 0.000367286593679}, "Avocados": {"BOL": 0.0004390419129659}, "Pineapples": {"BOL": 0.0008527197518451}, "Persimmons": {"BRA": 3.721086177937319e-06}, "Kiwi fruit": {"CHL": 8.22766856404964e-05}, "Papayas": {"BOL": 0.0003941180055124}, "Fruit; tropical fresh nes": {"BRA": 1.0420958881198661e-07, "PER": 1.7895782872152678e-05}, "Fruit; fresh nes": {"GRC": 1.8298774101722823e-06, "THA": 4.967987129057548e-06, "VNM": 1.846831168676963e-05, "CHN": 4.320992519039625e-05, "PER": 7.590606277974721e-05, "CRI": 8.232301213839217e-05, "CHL": 8.830943747846712e-05, "BOL": 9.387030849801176e-05, "ECU": 0.0002011617306172}, "Coffee; green": {"BRA": 0.0003517953595677, "BOL": 0.0039614088748447}, "Cocoa; beans": {"IDN": 0.0001157284400737, "CIV": 0.0001521164264964, "GHA": 0.0001648442296131, "PER": 0.0003798064024617, "ECU": 0.0018597042259315, "BRA": 0.0020228004699313, "BOL": 0.002083557644151}, "Tea": {"IND": 5.573975029826773e-06, "CHN": 1.888339606730521e-05, "BOL": 3.2356008009659735e-05, "ARG": 4.013935515643929e-05, "LKA": 0.0001585450845155}, "Mat\u00e9": {"BRA": 1.852810258426052e-05, "ARG": 1.896536583251192e-05, "PRY": 2.0600587887884264e-05}, "Pepper (piper spp.)": {"IND": 5.434782156076678e-07, "BOL": 2.6305841409760605e-06, "VNM": 4.687924993866853e-06, "IDN": 6.932909127082987e-06, "BRA": 6.964853929060527e-06}, "Cinnamon (cannella)": {"IDN": 3.18883038804108e-06, "LKA": 0.0010452995815892}, "Cloves": {"COM": 0.0, "LKA": 7.274578218080319e-06, "IDN": 3.931872563528425e-05, "MDG": 0.0001765376482435}, "Nutmeg; mace and cardamoms": {"IND": 3.8172786386936256e-08, "IDN": 9.644728423593832e-07, "LKA": 1.2183350217727546e-06, "GTM": 3.778695529973661e-06}, "Ginger": {"IND": 4.194623368425781e-10, "THA": 5.55398238862945e-10, "CHN": 1.6320358105392086e-08}, "Spices nes": {"PER": 2.570935937926936e-05, "BOL": 0.0003257480574643}, "Meat; cattle": {"CAN": 4.746415366891539e-12, "URY": 5.652985704114449e-08, "USA": 3.78510485967355e-10, "AUS": 4.888106248990461e-08, "BRA": 4.406870351422322e-05, "ARG": 2.5005290147145774e-06, "PRY": 1.1242941387104786e-07, "BOL": 8.399113985904854}, "Milk; whole fresh cow": {"SEN": 1.9603031160090187e-10, "EGY": 6.053716006964405e-11, "DNK": 2.3122473749416862e-08, "RUS": 4.8341731153906096e-09, "HUN": 2.151366497274154e-08, "BLR": 6.68119627021844e-10, "CAN": 1.326952646210444e-06, "ROU": 1.3222872351584423e-09, "FRA": 1.3422922262206125e-06, "VNM": 2.7356829551271815e-10, "MKD": 7.163245481134588e-11, "USA": 1.5453307902583583e-05, "BGR": 2.67855035287369e-09, "HRV": 5.877477996390187e-10, "DEU": 1.3440655880866441e-06, "TZA": 9.142453370667927e-10, "UKR": 2.1898139146776432e-07, "BIH": 1.2003454128915262e-11, "THA": 6.846480064632979e-08, "GBR": 4.513078016409812e-08, "POL": 2.899751287872381e-07, "FJI": 5.796627346446978e-11, "SRB": 5.749395256835784e-10, "ARG": 7.497831374778411e-05, "ARM": 8.251544288490144e-11, "TUR": 4.266625245177514e-09, "IDN": 3.587367598818778e-06, "NLD": 1.9625994440852615e-08, "SLV": 2.075898620118258e-09, "NZL": 1.940820719581163e-06, "MYS": 5.121862114178844e-06, "UGA": 1.3515566679383943e-09, "IND": 1.1616161163277604e-07, "JAM": 6.2253263061043336e-12, "BRA": 0.000146239465103566, "SWE": 3.90212416792494e-09, "NER": 2.4034406070424775e-09, "ITA": 4.603253012726603e-07, "TUN": 7.010780605493154e-11,