{"Wheat": {"CAN": 8.506739959250204e-05, "USA": 0.0049737735238642, "ARG": 0.0113735393610343, "BOL": 0.5655780558301812}, "Barley": {"ARG": 0.0014129245315651, "BOL": 0.1087608097935458}, "Maize": {"BOL": 0.4979988227481784}, "Oats": {"ARG": 5.3658116443454e-05, "PER": 0.0001491353650271, "CHL": 0.0010841432879779, "BOL": 0.0063559833127159}, "Quinoa": {"BOL": 0.0538517143288897}, "Potatoes": {"PER": 0.0066842913039684, "BOL": 1.0000072665402049}, "Cassava": {"BRA": 3.1688450293817707e-06, "PRY": 6.937787481164128e-06, "BOL": 0.0003974297853414}, "Roots and tubers nes": {"BOL": 0.0002365123771733}, "Beans; dry": {"BOL": 0.1024695150672266}, "Broad beans; horse beans; dry": {"BOL": 0.0329217674001075}, "Peas; dry": {"BOL": 0.0097513566503773}, "Chick peas": {"BOL": 0.0008464416364925}, "Lentils": {"CAN": 2.080569958910556e-05}, "Brazil nuts; with shell": {"BOL": 0.0013178357192846}, "Chestnut": {"BOL": 0.1006458126340961}, "Almonds; with shell": {"PRT": 6.168871179540718e-06, "ESP": 8.403557872554381e-06, "USA": 1.6025536306943608e-05, "CHL": 0.0002966575049225}, "Walnuts; with shell": {"CHL": 1.5052359189920516e-05}, "Pistachios": {"TUR": 9.637094213417416e-09, "USA": 6.389148473793858e-08}, "Hazelnuts; with shell": {"USA": 9.800928363169607e-10, "TUR": 4.99965954818566e-08}, "Nuts nes": {"LBN": 6.30739050811685e-08, "TUR": 3.536379017694284e-07, "CHN": 4.285092296386719e-07, "ESP": 8.684518702388394e-07, "ZAF": 9.513196975164384e-07, "THA": 1.1072184491831923e-06, "IDN": 1.6780368273192272e-06, "BRA": 3.817755681419546e-06, "MEX": 7.744576858728099e-06, "USA": 8.58885827697006e-06, "COL": 9.768261454590791e-06, "GHA": 6.017573966462871e-05}, "Soybeans": {"BOL": 0.0038861682482686}, "Groundnuts; with shell": {"PRY": 0.0006662188791757, "BOL": 0.0018806453670837}, "Coconuts": {"VNM": 1.7227352960210178e-06, "MYS": 7.097956178473808e-06, "PHL": 9.277270297001106e-06, "IDN": 1.929668826365632e-05, "LKA": 9.17592200843768e-05}, "Oil palm fruit": {"IDN": 4.864627082593779e-07, "MYS": 1.3449210825618374e-06, "PER": 5.500587971214768e-06, "ECU": 0.0001376318072299}, "Olives": {"PRT": 3.0636057640499368e-06, "LBN": 3.529924793654977e-06, "CHL": 2.479803358103416e-05, "ESP": 6.43632530767403e-05, "ARG": 0.0005341105138577, "PER": 0.0}, "Sesame seed": {"BOL": 0.0029324602921787}, "Mustard seed": {"USA": 2.898676668933689e-06, "CAN": 1.2973280022414804e-05}, "Cabbages and other brassicas": {"BOL": 0.0024855733340455}, "Lettuce and chicory": {"BOL": 0.0110070332575696}, "Tomatoes": {"CHN": 1.4726784111909302e-05, "BRA": 3.6177396054156894e-05, "PER": 0.0005816997110864, "BOL": 0.0189513106892897}, "Cauliflowers and broccoli": {"BOL": 0.000491622022597}, "Pumpkins; squash and gourds": {"BOL": 0.0133876048553538}, "Cucumbers and gherkins": {"BOL": 0.0023198691480761}, "Chillies and peppers; green": {"BOL": 0.0152447009462562}, "Onions; dry": {"PER": 0.0004566925346643, "BOL": 0.0326061310705785}, "Garlic": {"ARG": 6.971577778192489e-06, "PER": 2.6637556080092004e-05, "BOL": 0.0024027660424521}, "Beans; green": {"BOL": 0.0019277868332283}, "Peas; green": {"BOL": 0.0669763341446025}, "Vegetables; leguminous nes": {"BOL": 0.1053053988001431}, "Carrots and turnips": {"BOL": 0.0208368743246514}, "Maize; green": {"FRA": 1.4786902099287252e-05, "BOL": 0.0347468790755567}, "Mushrooms and truffles": {"CHN": 9.263091661534842e-07}, "Bananas": {"BOL": 0.0051019098965884}, "Plantains and others": {"BOL": 0.0233639320641236}, "Oranges": {"BOL": 0.0385768968540478}, "Tangerines; mandarins; clementines; satsumas": {"BOL": 0.041099475221068}, "Lemons and limes": {"BOL": 0.0041211158962316}, "Grapefruit (inc. pomelos)": {"BOL": 0.0007977239080289}, "Apples": {"ARG": 0.000344631200812, "CHL": 0.0009925746011443, "BOL": 0.0010874063530335}, "Pears": {"ARG": 6.096199157114265e-05, "BOL": 0.0008058119987817}, "Quinces": {"BOL": 4.532772852633791e-05}, "Cherries; sour": {"CHL": 3.2232394103874254e-07, "BOL": 8.515784174175031e-05}, "Cherries": {"CHL": 6.304506964084328e-05, "BOL": 0.0008590646877759}, "Peaches and nectarines": {"ARG": 3.190607936023162e-05, "BOL": 0.0137729105960178}, "Plums and sloes": {"ARG": 8.515409718229513e-05, "CHL": 9.44796738994372e-05, "BOL": 0.0003299899337631}, "Strawberries": {"BOL": 0.0008999944790624}, "Grapes": {"ARG": 5.59849002459022e-05, "PER": 6.726446602323476e-05, "CHL": 0.0001914779526816, "BOL": 0.0045601593512736}, "Watermelons": {"BOL": 0.0075842374086356}, "Melons; other (inc.cantaloupes)": {"BRA": 2.656681415440714e-07, "PER": 1.304837948872402e-05}, "Figs": {"BOL": 0.0002154680482141}, "Mangoes; mangosteens; guavas": {"BOL": 0.0036254427032899}, "Avocados": {"BOL": 0.0043337310078671}, "Pineapples": {"BOL": 0.0084170962280739}, "Persimmons": {"BRA": 9.780160346136804e-06}, "Kiwi fruit": {"CHL": 0.0002708663097911}, "Papayas": {"BOL": 0.0038902924090089}, "Fruit; tropical fresh nes": {"BRA": 2.738948896773927e-07, "PER": 4.167403110223889e-05}, "Fruit; fresh nes": {"GRC": 3.993522679837715e-06, "THA": 5.230370800131207e-06, "VNM": 1.9543670319122585e-05, "CHN": 0.0001016755468305, "PER": 0.000176762963863, "CRI": 0.0001881939386197, "CHL": 0.0002907269691688, "ECU": 0.0006866185189778, "BOL": 0.0009265827581418}, "Coffee; green": {"BRA": 0.0009198244168418, "BOL": 0.0511121208838026}, "Cocoa; beans": {"IDN": 0.0001451787587294, "GHA": 0.0002875424659769, "CIV": 0.0003274664600706, "PER": 0.000720913067741, "ECU": 0.0043358817598214, "BRA": 0.0052889306582326, "BOL": 0.0268831250549445}, "Tea": {"IND": 5.987934300018009e-06, "CHN": 3.808743807936431e-05, "ARG": 5.136198003415897e-05, "LKA": 0.0001867352582752, "BOL": 0.0004174737435483}, "Mat\u00e9": {"ARG": 2.426792202897982e-05, "BRA": 4.844464456748959e-05, "PRY": 6.159316114996458e-05}, "Pepper (piper spp.)": {"IND": 5.838975173048176e-07, "VNM": 4.935699223301275e-06, "IDN": 8.864457759823865e-06, "BOL": 1.846776527676244e-05, "BRA": 1.91589959434136e-05}, "Cinnamon (cannella)": {"IDN": 4.077257001337086e-06, "LKA": 0.0012648353808725}, "Cloves": {"COM": 0.0, "LKA": 8.8023989229614e-06, "IDN": 5.027315030028793e-05, "MDG": 0.0008257427247531}, "Nutmeg; mace and cardamoms": {"IND": 4.101175458342465e-08, "IDN": 1.233180561705879e-06, "LKA": 1.4742120521578038e-06, "GTM": 6.180791410351942e-06}, "Ginger": {"IND": 4.5065838896855855e-10, "THA": 5.814965022911576e-10, "CHN": 4.521216822287129e-08}, "Spices nes": {"PER": 0.0001239632152638, "BOL": 0.0022868831948406}, "Meat; cattle": {"CAN": 5.353007221032482e-12, "USA": 5.918937246147246e-10, "URY": 2.462201960975307e-07, "AUS": 9.125942162947479e-08, "ARG": 4.249634479140922e-06, "BRA": 0.0001268210948290551, "PRY": 3.0264335040721166e-07, "BOL": 8.777926349616685}, "Milk; whole fresh cow": {"EGY": 6.053716006964405e-11, "SEN": 3.425873320077548e-10, "VNM": 2.8734163523664563e-10, "DNK": 2.0016627649910374e-08, "RUS": 6.681297997274672e-09, "HUN": 2.3848465942599435e-08, "CAN": 1.5513453199686222e-06, "BLR": 9.40178912341378e-10, "ROU": 1.7948592639999174e-09, "BGR": 3.8159735992976136e-09, "UKR": 2.6769650286499477e-07, "USA": 2.4045378513601912e-05, "DEU": 1.526851105514041e-06, "HRV": 9.121616006740914e-10, "THA": 7.22119738996029e-08, "TZA": 1.9373110138446974e-09, "POL": 3.526939477793943e-07, "MKD": 2.1664729204629713e-10, "FRA": 5.622155069823019e-06, "FJI": 7.981618461702624e-11, "SRB": 6.847419802936239e-10, "BIH": 3.5580880159720555e-11, "IDN": 4.563220990415123e-06, "GBR": 1.0962330727745983e-07, "TUR": 6.143323970069911e-09, "ARG": 0.00012976233347851198, "MYS": 5.463329832273265e-06, "ARM": 2.0108540439168882e-10, "NLD": 2.963975011560772e-08, "SLV": 3.4255254509385796e-09, "UGA": 1.8650225980989167e-09, "IND": 1.249503892463038e-07, "SWE": 4.305383870509044e-09, "NER": 2.8713503848821044e-09, "ITA": 5.542110593516071e-07, "JAM": 1.1888430811931278e-11, "TUN": 9.053657729845103e-11, "NZL": 9.12791691435071e-06, "EST": 3.475983016894196e-09, "BRA": 0.00041927691877129754, "PRT": 6.76156191705272e-09,