{"Wheat": {"CAN": 0.0023499107607048, "USA": 0.0113292088200217}, "Barley": {"NLD": 2.9775009886610864e-06, "SWE": 4.613595654554214e-06, "BEL": 6.283512635746347e-06, "GBR": 9.447647165842555e-06, "CAN": 1.0304062988969075e-05, "DEU": 4.2527584950816525e-05, "ARG": 0.000136954202684, "FRA": 0.0007477381931927}, "Maize": {"USA": 0.002609205769795, "BRA": 0.0048079754222511, "ARG": 0.0056639219509978, "MEX": 0.0307911899280844, "VEN": 0.4391908402206453}, "Oats": {"CAN": 3.3064103660433625e-06, "CHL": 0.0060076206863804}, "Quinoa": {"PER": 1.2642271172358298e-05}, "Potatoes": {"CAN": 4.866878546155005e-06, "ARG": 0.0002364015110573, "VEN": 0.1339829933127107}, "Cassava": {"VEN": 0.0004033651377901}, "Yautia (cocoyam)": {"VEN": 0.0094824921790182}, "Yams": {"VEN": 0.0053118596257586}, "Roots and tubers nes": {"VEN": 8.388067520990459e-05}, "Beans; dry": {"CAN": 2.832668651683995e-05, "ARG": 0.0043189759626908, "CHN": 0.0195533638002918, "NIC": 0.0396443409194318, "CRI": 0.0884953862316222, "VEN": 0.12136070836496}, "Peas; dry": {"CAN": 3.881697184849745e-05, "ARG": 8.743567876051526e-05, "VEN": 0.0001884983330203}, "Chick peas": {"CAN": 3.7921239571969867e-07, "ARG": 1.4257260992668869e-05, "MEX": 0.0001789530438554}, "Pigeon peas": {"VEN": 0.0046776923918335}, "Lentils": {"CAN": 0.0006028762503292}, "Cashew nuts; with shell": {"BFA": 4.658675737448674e-09, "GHA": 1.697908709179719e-07, "CIV": 2.0388966526182626e-07, "BRA": 2.9771718130786675e-06}, "Chestnut": {"ALB": 3.008002606460373e-09, "TUR": 4.480711031551879e-09, "ESP": 7.052603033182094e-08, "PRT": 1.3539751384927826e-07, "ITA": 3.418157568924146e-07}, "Almonds; with shell": {"USA": 5.635033034016496e-07, "CHL": 3.973351927453149e-05}, "Walnuts; with shell": {"USA": 2.056465685178667e-06, "CHL": 2.8270968898139924e-05}, "Pistachios": {"IRN": 2.1739910545076388e-08, "SYR": 7.632620458518505e-08, "USA": 2.416489519657746e-07}, "Hazelnuts; with shell": {"ITA": 5.061336929371571e-07, "USA": 3.010736265895297e-06, "ESP": 3.090665030462067e-06, "TUR": 3.984702199339205e-06, "CHL": 4.662455983987281e-06}, "Nuts nes": {"LBN": 8.52036020679519e-08, "CHN": 3.039354709811678e-07, "TUR": 4.280266306460272e-07, "BRA": 3.5422674068991133e-06, "ESP": 4.188698208877092e-06, "USA": 5.225733280303679e-06, "MEX": 2.2211007611242574e-05, "GHA": 5.5797573571809664e-05, "COL": 5.927466378069099e-05}, "Soybeans": {"BRA": 0.00203561696126, "ARG": 0.0041763689592104, "USA": 0.0043204346290337, "BOL": 0.0080562816977802}, "Groundnuts; with shell": {"USA": 5.338596536501889e-06, "CHN": 1.0703431831106124e-05, "BRA": 3.635634779544299e-05, "ARG": 6.264502142310925e-05, "NIC": 6.51310844159347e-05, "MEX": 6.906849839146832e-05, "VEN": 0.0}, "Coconuts": {"VEN": 0.0090575238451692}, "Oil palm fruit": {"GTM": 0.0020388574000952, "HND": 0.0037784910926643, "VEN": 0.0213261835280759, "ECU": 0.0262122280278587}, "Olives": {"ITA": 7.713890874072131e-06, "GRC": 1.295262826505727e-05, "PRT": 1.7653883757949947e-05, "SYR": 0.000114353054418, "ARG": 0.0001440555516955, "ESP": 0.0002100677767307, "CHL": 0.0002514587466269, "PER": 0.0}, "Sunflower seed": {"ARG": 0.0002380234821453, "VEN": 0.0574964358525071}, "Rapeseed": {"CAN": 8.260708135055765e-06}, "Mustard seed": {"FRA": 2.372805595523603e-06, "USA": 6.155011786250941e-06, "CAN": 1.014660321168974e-05}, "Cabbages and other brassicas": {"VEN": 0.0191936652204033}, "Lettuce and chicory": {"VEN": 0.015498660044736}, "Spinach": {"VEN": 0.0016486243325002}, "Tomatoes": {"ITA": 2.361677689113084e-05, "USA": 2.757333536380036e-05, "PER": 0.000553127326999, "CHL": 0.0016195292285923, "VEN": 0.0224572062126656}, "Cauliflowers and broccoli": {"VEN": 0.008210431591195}, "Pumpkins; squash and gourds": {"VEN": 0.0351502467524945}, "Cucumbers and gherkins": {"VEN": 0.0063507795247877}, "Eggplants (aubergines)": {"VEN": 0.0082159591926762}, "Chillies and peppers; green": {"VEN": 0.0520812019001232}, "Onions; shallots; green": {"VEN": 0.0160402469813945}, "Onions; dry": {"VEN": 0.0417286299661611}, "Garlic": {"PER": 0.0002862388529747, "VEN": 0.0076866251611152}, "Peas; green": {"CHN": 4.1359366460319035e-10, "CAN": 6.59030663078783e-10, "USA": 1.0605680190377988e-09, "MEX": 2.384851813641819e-09, "GTM": 2.6117505134014914e-09}, "String beans": {"VEN": 0.0016256492324944}, "Carrots and turnips": {"VEN": 0.0459587520740659}, "Maize; green": {"USA": 1.041819035855797e-06, "CHN": 1.651970980677397e-06, "THA": 2.1204157091306325e-05, "CHL": 4.575445131754984e-05}, "Mushrooms and truffles": {"ESP": 1.1476485105919757e-07, "CHN": 1.980591712644082e-07}, "Vegetables; fresh nes": {"MAR": 0.0001470064764118, "CHN": 0.0002426643329381, "VEN": 0.0204294780430062}, "Bananas": {"VEN": 0.0566323754435303}, "Plantains and others": {"VEN": 0.1151624412661928}, "Oranges": {"VEN": 0.1112008629936451}, "Tangerines; mandarins; clementines; satsumas": {"VEN": 0.0348401454360247}, "Lemons and limes": {"VEN": 0.0231718668057191}, "Grapefruit (inc. pomelos)": {"VEN": 0.0035175175673356}, "Apples": {"FRA": 4.16844037959773e-07, "USA": 6.579864320758765e-07, "BRA": 3.6039226709900064e-06, "ARG": 1.155374866684606e-05, "CHL": 0.0001113143851742}, "Pears": {"USA": 1.6580987614561137e-07, "ARG": 1.3599338106009158e-06, "CHL": 2.1588642896059424e-05}, "Apricots": {"TUR": 7.553090654757348e-08}, "Cherries": {"CHL": 3.5178282880270777e-06}, "Peaches and nectarines": {"VEN": 0.0056195018547263}, "Plums and sloes": {"ARG": 1.2761668409567313e-06, "CHL": 9.192860428036956e-05}, "Strawberries": {"VEN": 0.0033975806809712}, "Grapes": {"USA": 8.800301819233364e-06, "ESP": 1.1926018139195525e-05, "ARG": 4.333346398637888e-05, "PER": 4.883623853449246e-05, "VEN": 0.0022571799840584, "CHL": 0.0024922709117854}, "Watermelons": {"VEN": 0.0225904177707747}, "Melons; other (inc.cantaloupes)": {"VEN": 0.0210436375346723}, "Figs": {"TUR": 4.09621959335294e-08}, "Mangoes; mangosteens; guavas": {"VEN": 0.0270614579155078}, "Avocados": {"VEN": 0.0435084312976825}, "Pineapples": {"VEN": 0.0744301050867461}, "Dates": {"TUN": 9.889651241468235e-07}, "Kiwi fruit": {"CHL": 5.734684313557398e-06}, "Papayas": {"VEN": 0.0291633062508472}, "Fruit; tropical fresh nes": {"VEN": 0.014580172376619}, "Fruit; fresh nes": {"CHN": 0.0001124043860351, "ECU": 0.001451749283095, "CHL": 0.0020093143790898, "VEN": 0.0138972395347936}, "Coffee; green": {"HND": 0.0030200292946666, "GTM": 0.0059635398482119, "NIC": 0.0359085948264226, "VEN": 0.2404899154016355}, "Cocoa; beans": {"PER": 0.0006686086293468, "VEN": 0.1139670391532385}, "Tea": {"MWI": 4.808476697891255e-07, "VNM": 1.1565128657855562e-06, "IDN": 1.4951764323773305e-06, "ARG": 2.973242210941493e-06, "IND": 4.592690616966559e-06, "CHN": 1.1863631029727434e-05, "KEN": 2.9120728559447048e-05, "LKA": 0.0001349833472858}, "Mat\u00e9": {"BRA": 1.1633551955719598e-06, "ARG": 1.0040151029884134e-05}, "Pepper (piper spp.)": {"IND": 1.145153494880082e-06, "VNM": 2.009720954483596e-06, "IDN": 4.842487382134356e-06, "BRA": 5.377400134246723e-06, "MEX": 6.596501484680249e-06, "ECU": 0.0002029162397781}, "Chillies and peppers; dry": {"IND": 1.007844001848911e-07, "ESP": 1.631104924582099e-07, "CHN": 6.365678167565268e-07, "PER": 7.741470309923772e-06}, "Vanilla": {"UGA": 8.43095900688749e-10, "IDN": 1.1986412634774213e-08, "MDG": 1.896078486190202e-05}, "Cinnamon (cannella)": {"IDN": 3.0899576300930083e-05}, "Cloves": {"COM": 0.0, "LKA": 1.9097369845314327e-06, "IDN": 1.983733163880604e-05, "MDG": 0.0007954875988543}, "Nutmeg; mace and cardamoms": {"NPL": 3.624777668463814e-07, "LKA": 3.724279610723335e-07, "IND": 8.125581088741443e-07, "IDN": 2.6432017648098177e-06, "GTM": 2.072893100576312e-05}, "Anise; badian; fennel; coriander": {"BGR": 1.6591043756019057e-07, "TUR": 3.146173981377961e-07, "SYR": 1.0241728287615017e-06, "ARG": 1.5274118595789808e-06, "IND": 8.0169613214854e-06, "CHN": 1.9856717391879253e-05}, "Ginger": {"NGA": 1.8999669285576627e-09, "NPL": 4.157655285397269e-09, "IND": 1.6324738737911193e-08,