{"Wheat": {"CAN": 0.0019471219342622, "USA": 0.0060658385897842}, "Barley": {"NLD": 1.8498543407512776e-06, "GBR": 3.1553215464515043e-06, "BEL": 3.937885093464433e-06, "SWE": 4.187322022055936e-06, "CAN": 8.626781546125714e-06, "DEU": 3.09730034259984e-05, "ARG": 7.317645077532235e-05, "FRA": 0.0002559772699436}, "Maize": {"BRA": 0.0015908183713362, "USA": 0.0016584178812103, "ARG": 0.0029767019786572, "MEX": 0.0180569526857458, "VEN": 0.183451520994893}, "Oats": {"CAN": 2.776868241337296e-06, "CHL": 0.0015172497551175}, "Quinoa": {"PER": 5.529209132117735e-06}, "Potatoes": {"CAN": 4.007226940683673e-06, "ARG": 0.0001104554452744, "VEN": 0.0692396096330981}, "Cassava": {"VEN": 0.0010195040522397}, "Yautia (cocoyam)": {"VEN": 0.0037735782466126}, "Yams": {"VEN": 0.0021138660126897}, "Roots and tubers nes": {"VEN": 0.0002120081292835}, "Beans; dry": {"CAN": 2.4345985981012048e-05, "ARG": 0.0022494237116745, "CHN": 0.0094769465748079, "NIC": 0.0159625273332555, "CRI": 0.0427209939156142, "VEN": 0.0495295417190098}, "Peas; dry": {"CAN": 3.336208955774062e-05, "ARG": 4.5538546810462974e-05, "VEN": 7.692964366374578e-05}, "Chick peas": {"CAN": 3.259223299742192e-07, "ARG": 7.425515033536097e-06, "MEX": 0.0001033149287283}, "Pigeon peas": {"VEN": 0.0021583507322061}, "Lentils": {"CAN": 0.0005181550877853}, "Cashew nuts; with shell": {"BFA": 2.379606622235794e-09, "CIV": 8.563124608638604e-08, "GHA": 8.995575947114352e-08, "BRA": 1.1327332570132747e-06}, "Chestnut": {"ALB": 1.6789132953948723e-09, "TUR": 3.327771784195573e-09, "ESP": 4.62521602376304e-08, "PRT": 6.871291700373514e-08, "ITA": 2.5784800526510655e-07}, "Almonds; with shell": {"USA": 2.4286804377846415e-07, "CHL": 1.20692096306195e-05}, "Walnuts; with shell": {"USA": 8.863298494292726e-07, "CHL": 8.587415771929458e-06}, "Pistachios": {"IRN": 1.1082899313416592e-08, "SYR": 5.3838562622517656e-08, "USA": 1.041498920960397e-07}, "Hazelnuts; with shell": {"ITA": 3.81800898553615e-07, "USA": 1.2976172860333372e-06, "CHL": 1.416238976353356e-06, "ESP": 2.0269102564996363e-06, "TUR": 2.9593918139350374e-06}, "Nuts nes": {"LBN": 7.119948035243628e-08, "CHN": 1.2916605194851724e-07, "TUR": 3.178903826464394e-07, "BRA": 1.347736828422934e-06, "USA": 2.25227360946054e-06, "ESP": 2.74701893517245e-06, "COL": 1.0532691644700332e-05, "MEX": 1.0595121964965872e-05, "GHA": 2.956173721332779e-05}, "Soybeans": {"BRA": 0.0007568870878144, "ARG": 0.0027418484081953, "USA": 0.0028928323113588, "BOL": 0.0055930255348007}, "Groundnuts; with shell": {"USA": 4.429696961768879e-06, "CHN": 5.126007904335782e-06, "BRA": 1.586543024931122e-05, "NIC": 2.570141715370204e-05, "ARG": 4.276007990051979e-05, "MEX": 4.3892438372470674e-05, "VEN": 0.0}, "Coconuts": {"VEN": 0.004246425960982}, "Oil palm fruit": {"GTM": 0.0011667960713018, "HND": 0.0020613300082322, "VEN": 0.0079630628868883, "ECU": 0.01131831535343}, "Olives": {"GRC": 5.321462974190397e-06, "ITA": 5.381611905200672e-06, "PRT": 8.819623026406786e-06, "ARG": 2.3051484536758244e-05, "SYR": 7.937629526281468e-05, "CHL": 9.316202421196308e-05, "ESP": 0.0001436087437802, "PER": 0.0}, "Sunflower seed": {"ARG": 0.0001343009879383, "VEN": 0.024609806912845}, "Rapeseed": {"CAN": 7.324621547226698e-06}, "Mustard seed": {"FRA": 4.616804399660113e-07, "USA": 3.164224999408337e-06, "CAN": 8.504141764406065e-06}, "Cabbages and other brassicas": {"VEN": 0.0091529583164714}, "Lettuce and chicory": {"VEN": 0.0073909067247786}, "Spinach": {"VEN": 0.0007861859432066}, "Tomatoes": {"USA": 1.1198420575466448e-05, "ITA": 1.770671462015656e-05, "PER": 0.000207611632425, "CHL": 0.0006080263973001, "VEN": 0.0107092558929509}, "Cauliflowers and broccoli": {"VEN": 0.0039153406736803}, "Pumpkins; squash and gourds": {"VEN": 0.0167622358546329}, "Cucumbers and gherkins": {"VEN": 0.0030285211083962}, "Eggplants (aubergines)": {"VEN": 0.0039179766426506}, "Chillies and peppers; green": {"VEN": 0.0248361667555199}, "Onions; shallots; green": {"VEN": 0.0076491754086938}, "Onions; dry": {"VEN": 0.0198992952256831}, "Garlic": {"PER": 0.0001074373161998, "VEN": 0.0036655510495847}, "Peas; green": {"CHN": 2.2757378541952877e-10, "USA": 4.3073086985576924e-10, "CAN": 5.56964915717653e-10, "MEX": 1.2334680934731247e-09, "GTM": 1.7779630748452034e-09}, "String beans": {"VEN": 0.0007752297172719}, "Carrots and turnips": {"VEN": 0.0219165301249392}, "Maize; green": {"USA": 6.621828519811634e-07, "CHN": 8.564319092116436e-07, "CHL": 1.3453869449104475e-05, "THA": 1.98830945911268e-05}, "Mushrooms and truffles": {"ESP": 6.96764344993599e-08, "CHN": 1.0897912419654709e-07}, "Vegetables; fresh nes": {"MAR": 6.544599019223678e-05, "CHN": 0.0001335224534592, "VEN": 0.0097422852179441}, "Bananas": {"VEN": 0.0279103230435512}, "Plantains and others": {"VEN": 0.0567558911850417}, "Oranges": {"VEN": 0.0521341416894717}, "Tangerines; mandarins; clementines; satsumas": {"VEN": 0.0163340555976379}, "Lemons and limes": {"VEN": 0.0108636332015513}, "Grapefruit (inc. pomelos)": {"VEN": 0.0016491127345042}, "Apples": {"FRA": 7.96956703880095e-08, "USA": 2.835899570177597e-07, "BRA": 1.3711949868667596e-06, "ARG": 5.790392627102905e-06, "CHL": 3.381217355274878e-05}, "Pears": {"USA": 7.146350343563253e-08, "ARG": 6.815580758518522e-07, "CHL": 6.557633492086337e-06}, "Apricots": {"TUR": 5.609592269481249e-08}, "Cherries": {"CHL": 1.0685539017918456e-06}, "Peaches and nectarines": {"VEN": 0.0026345830241919}, "Plums and sloes": {"ARG": 6.395765807190826e-07, "CHL": 2.7923667884642164e-05}, "Strawberries": {"VEN": 0.0015928828954617}, "Grapes": {"USA": 3.792900724086527e-06, "ESP": 7.821283849036903e-06, "PER": 2.097139868619477e-05, "ARG": 2.171743367532098e-05, "CHL": 0.0007570368957957, "VEN": 0.0010582304663792}, "Watermelons": {"VEN": 0.0105910332813985}, "Melons; other (inc.cantaloupes)": {"VEN": 0.0098658585136806}, "Figs": {"TUR": 3.042214480836053e-08}, "Mangoes; mangosteens; guavas": {"VEN": 0.0126871846432647}, "Avocados": {"VEN": 0.0203979956710377}, "Pineapples": {"VEN": 0.0348949598059904}, "Dates": {"TUN": 7.97841825475563e-07}, "Kiwi fruit": {"CHL": 1.7419324643139263e-06}, "Papayas": {"VEN": 0.0136725911947465}, "Fruit; tropical fresh nes": {"VEN": 0.0068356013800272}, "Fruit; fresh nes": {"CHN": 4.776945158452571e-05, "ECU": 0.0004253255485222, "CHL": 0.0006103369874562, "VEN": 0.0065154229517163}, "Coffee; green": {"HND": 0.0019243155289921, "GTM": 0.0037780417290343, "NIC": 0.0143296258953821, "VEN": 0.1015610462310158}, "Cocoa; beans": {"PER": 0.000352250291374, "VEN": 0.0481293018583486}, "Tea": {"MWI": 3.518720413599118e-07, "VNM": 1.1044247063836797e-06, "IDN": 1.1918715772782868e-06, "ARG": 2.323586921526897e-06, "IND": 4.275187658390696e-06, "CHN": 5.881877459542011e-06, "KEN": 1.6753024786609794e-05, "LKA": 0.0001146058136063}, "Mat\u00e9": {"BRA": 4.449359593393482e-07, "ARG": 7.846371727584977e-06}, "Pepper (piper spp.)": {"IND": 1.0658822131442832e-06, "VNM": 1.9088320959152813e-06, "BRA": 1.9548418175856584e-06, "IDN": 3.7873185116345527e-06, "MEX": 4.246137097922854e-06, "ECU": 5.514744658718562e-05}, "Chillies and peppers; dry": {"IND": 9.470816014668538e-08, "ESP": 9.902820801867785e-08, "CHN": 3.502620086661992e-07, "PER": 2.9056949638217097e-06}, "Vanilla": {"UGA": 6.129921551238008e-10, "IDN": 9.374595920942168e-09, "MDG": 4.0536746713363805e-06}, "Cinnamon (cannella)": {"IDN": 2.416661688328378e-05}, "Cloves": {"COM": 0.0, "LKA": 1.5782664693479804e-06, "IDN": 1.551481447618553e-05, "MDG": 0.0001700693275264}, "Nutmeg; mace and cardamoms": {"NPL": 2.3135117726289573e-07, "LKA": 3.077861338860322e-07, "IND": 7.563101708787097e-07, "IDN": 2.067253083773052e-06, "GTM": 1.267286237833893e-05}, "Anise; badian; fennel; coriander": {"BGR": 1.162845550040699e-07, "TUR": 2.101671280549535e-07, "ARG": 6.95951414352574e-07, "SYR": 6.979375331901896e-07, "CHN": 7.167732744768061e-06, "IND": 7.462000958161338e-06}, "Ginger": {"NGA": 1.1289127599112411e-09, "NPL": 2.6536205331942583e-09,