{"Wheat": {"USA": 0.0001934081321908, "CAN": 0.0005879532732556, "ARG": 0.0006573457280897, "FRA": 0.0013582312827479}, "Rice; paddy": {"BRA": 1.5668279458387168e-10, "ECU": 2.7583768688905023e-10, "CUB": 7.600787190917684e-09}, "Barley": {"CAN": 6.11064549446417e-06, "DEU": 8.602952312204912e-06, "FRA": 2.363936214612724e-05, "CZE": 3.525350698797791e-05, "USA": 0.0002403014459604}, "Maize": {"CAN": 2.7762460670552844e-05, "UKR": 8.06752540341998e-05, "USA": 0.0003278637015632, "ARG": 0.0023073268087331, "BRA": 0.0029639467525715, "CUB": 0.0534411315203461}, "Oats": {"CHL": 1.0483290167242885e-07, "ARG": 1.1174233913829554e-06}, "Potatoes": {"BEL": 9.540459738561825e-07, "NLD": 1.2844554280249236e-06, "CUB": 0.0068738441991156}, "Sweet potatoes": {"CUB": 0.0297648668055952}, "Cassava": {"CUB": 0.0037734142709584}, "Yautia (cocoyam)": {"CUB": 0.0084942362995678}, "Yams": {"CUB": 0.0078328710618451}, "Beans; dry": {"CHN": 0.0020918329354473, "CUB": 0.0984268381573912}, "Chick peas": {"MEX": 2.3201689569439862e-05, "ARG": 0.0001266822433055}, "Lentils": {"USA": 4.584932707615844e-07, "CAN": 7.591641967318726e-07, "ARG": 2.575088048134752e-05}, "Almonds; with shell": {"USA": 9.029807371669973e-08, "ESP": 2.224449500652963e-06}, "Walnuts; with shell": {"ROU": 8.378326620198487e-11, "UKR": 5.434010435081711e-10, "MDA": 3.393181149821524e-09, "FRA": 1.1648862401822322e-08, "USA": 3.3486724908395566e-08, "CHL": 5.826699086386405e-08, "ESP": 1.184949267441508e-07}, "Pistachios": {"USA": 1.345481479071304e-09}, "Nuts nes": {"LBN": 3.603470248172946e-08, "CHN": 1.682399344252914e-07, "ZAF": 2.4208274742835014e-07, "TUR": 3.13291868443302e-07, "BRA": 6.67396142354001e-07, "IDN": 1.0883071410429043e-06, "COL": 1.096428567443944e-06, "THA": 2.012580087210085e-06, "USA": 2.280854656874502e-06, "MEX": 2.294248364954008e-06, "ESP": 2.3917996702168125e-06, "GHA": 1.4629203398333647e-05}, "Soybeans": {"ARG": 0.0011162140518684, "USA": 0.0015845360622663, "BRA": 0.0061796089686193}, "Groundnuts; with shell": {"CUB": 0.0027811139184367}, "Coconuts": {"CUB": 0.0078825879215281}, "Oil palm fruit": {"HND": 8.52030969616099e-06, "IDN": 1.11116855849895e-05, "MYS": 9.646791161931268e-05, "GTM": 0.0002231848692386}, "Olives": {"ESP": 9.873013664295818e-05}, "Sunflower seed": {"RUS": 3.514421888672584e-07, "UKR": 1.2186477182274755e-06, "ROU": 3.152266757931354e-06, "ARG": 3.2471124854676262e-06, "CAN": 4.681524773553905e-06, "BGR": 5.287028170510752e-06, "USA": 1.019440657445695e-05, "ESP": 1.2044791265021512e-05}, "Sesame seed": {"MOZ": 1.1684133698490353e-08, "BFA": 2.18533302651009e-08, "NGA": 2.2985083798787956e-08, "SDN": 4.570482987131345e-08, "CHN": 8.719655036220254e-08, "TZA": 1.2431594413217366e-07, "IND": 2.541448728021024e-07, "ETH": 2.556707337647331e-07, "GTM": 2.775258188289965e-07}, "Mustard seed": {"RUS": 9.298331908798234e-08, "HUN": 1.4326153952748664e-07, "DEU": 4.159266025792676e-07, "USA": 4.990817833355926e-07, "CZE": 5.025029612049875e-07, "ROU": 9.03070294757906e-07, "FRA": 1.00030416379076e-06, "UKR": 1.032069333688495e-06, "CAN": 2.3437870323175474e-06}, "Cabbages and other brassicas": {"CUB": 0.0042120571149935}, "Tomatoes": {"CUB": 0.0414681526800057}, "Pumpkins; squash and gourds": {"CUB": 0.0176487141463034}, "Cucumbers and gherkins": {"CUB": 0.0088173245350098}, "Chillies and peppers; green": {"CUB": 0.0074432179777792}, "Onions; dry": {"CUB": 0.0076773220997809}, "Garlic": {"CUB": 0.0023675768041503}, "Maize; green": {"HUN": 3.4927482144700935e-08, "USA": 9.475344107525162e-08, "FRA": 2.588627959675279e-07, "THA": 5.045704374867066e-07, "CHN": 2.811260856251372e-06}, "Mushrooms and truffles": {"ESP": 2.2718953366072143e-08, "CHN": 2.1685921997485779e-07}, "Vegetables; fresh nes": {"CUB": 0.0347629253649587}, "Bananas": {"CUB": 0.0368293858126595}, "Plantains and others": {"CUB": 0.0705671219769382}, "Oranges": {"CUB": 0.0042068201166781}, "Tangerines; mandarins; clementines; satsumas": {"CUB": 0.0023401246184815}, "Lemons and limes": {"COL": 3.10482760530829e-05, "CUB": 0.0007648842380253}, "Grapefruit (inc. pomelos)": {"CUB": 0.001919197124273}, "Fruit; citrus nes": {"CUB": 1.88687060699888e-05}, "Apples": {"FRA": 1.1877431216192993e-07, "CAN": 3.407253680125827e-07, "ITA": 3.4816192557533057e-07, "CHN": 1.1110619382707198e-06, "USA": 1.1863603772277834e-06, "BRA": 1.257853214554866e-06, "ESP": 3.513587897236273e-06, "ECU": 3.075554148246405e-05, "SLV": 3.301067184997585e-05, "CHL": 4.155329318016956e-05, "GTM": 5.568999157636365e-05}, "Pears": {"CAN": 2.476732905004052e-08, "AUS": 1.0538782782008929e-07, "CHL": 1.3996437887754404e-07, "ZAF": 1.5280571008877398e-07, "USA": 2.2272623480813773e-07, "CHN": 2.3655281327761245e-07, "ARG": 4.0026724072408e-07}, "Apricots": {"TUR": 9.662754831721249e-08, "ESP": 7.669049860790001e-07}, "Plums and sloes": {"FRA": 1.3041852783383172e-08, "USA": 3.6505026866594885e-08, "ARG": 1.938953605170768e-07, "CHL": 2.5403694057270855e-07, "ESP": 9.168511568510532e-07}, "Grapes": {"ESP": 3.561553748222441e-05, "CHL": 4.799356221257094e-05, "CUB": 0.0011257595517836}, "Watermelons": {"CUB": 0.0042039863100132}, "Melons; other (inc.cantaloupes)": {"CUB": 0.006133428784629}, "Figs": {"TUR": 1.1816085938762953e-07, "ESP": 7.966455684078441e-07}, "Mangoes; mangosteens; guavas": {"CUB": 0.025052656705063}, "Avocados": {"CUB": 0.0002444139132909}, "Pineapples": {"CUB": 0.0049857393075141}, "Dates": {"ISR": 4.110075602036236e-09, "DZA": 1.5910051452184556e-08, "ESP": 4.4809871671523734e-08, "TUN": 1.5758436985646705e-07}, "Papayas": {"CUB": 0.0081922843896335}, "Fruit; tropical fresh nes": {"CUB": 0.0004823467433065}, "Fruit; fresh nes": {"CUB": 0.0087875775305633}, "Coffee; green": {"BRA": 0.0033538813294984, "CUB": 0.019180588081777}, "Cocoa; beans": {"PNG": 2.406251547554162e-05, "CMR": 2.7663319434464807e-05, "BRA": 0.0001077728781326, "IDN": 0.0001734826844996, "CIV": 0.0001925969383477, "GHA": 0.0002804850685252, "ECU": 0.0007874195812313, "CUB": 0.0019270216321765}, "Tea": {"MOZ": 7.37552997048487e-08, "MWI": 1.435092830904309e-07, "TZA": 1.7753084502598077e-07, "ARG": 3.691772393457912e-07, "IDN": 4.1743638412028484e-07, "VNM": 6.771803562259279e-07, "IND": 9.388477468816448e-07, "KEN": 2.2797886626733848e-06, "CHN": 2.656650273673228e-06, "LKA": 2.3767633137685486e-05}, "Pepper (piper spp.)": {"MYS": 8.610096121358531e-07, "MWI": 1.8206572742141816e-06, "MEX": 1.823207636462059e-06, "BRA": 3.193480291419355e-06, "IND": 9.117270297579706e-06, "IDN": 1.3101732513398788e-05, "LKA": 1.637119665330478e-05, "VNM": 2.294656452920695e-05}, "Chillies and peppers; dry": {"IND": 2.4806964976955026e-07, "ESP": 5.568213855752785e-07, "CHN": 1.5657120825401812e-06, "PER": 6.7280168160677455e-06}, "Cinnamon (cannella)": {"IDN": 8.286371270662216e-07, "VNM": 8.971152922056224e-07, "MDG": 2.551022297113533e-06, "LKA": 4.660968958566176e-06}, "Cloves": {"COM": 0.0, "LKA": 2.1342791989792e-07, "IDN": 1.1328101202262495e-06, "MDG": 1.693079806520975e-05}, "Nutmeg; mace and cardamoms": {"GRD": 0.0, "IND": 7.985286191932382e-07, "LKA": 9.089726250889022e-07, "GTM": 1.601866868819489e-05, "IDN": 2.9160514560854404e-05}, "Anise; badian; fennel; coriander": {"EGY": 2.5903923283016893e-07, "TUR": 4.551139081199433e-07, "SYR": 1.3803535227485431e-05, "ESP": 1.4819921867642829e-05, "IND": 2.980255947891703e-05}, "Ginger": {"IND": 1.604668882029111e-09, "PER": 6.810689391047808e-09, "CHN": 8.960366440152785e-08}, "Spices nes": {"TUR": 6.080591181800564e-07, "PER": 3.201928071761414e-06, "IND": 1.3712821591048484e-05, "ESP": 1.939339294497205e-05, "MAR": 3.4485480068713094e-05}, "Meat; cattle": {"SEN": 2.4172215824488356e-09, "RUS": 2.506555188113659e-10, "DNK": 3.434017504312948e-08, "UKR": 1.8261758336376181e-06, "SWE": 5.160452885677962e-09, "DEU": 8.715131346001177e-07, "CHE": 1.735333256459954e-11, "EST": 4.659001044883286e-10, "FRA": 3.302712516650792e-05, "NOR": 1.5159904545577744e-11, "MDA": 5.4986570553965076e-12,