{"Wheat": {"USA": 0.0003612297103933, "CAN": 0.0007095794563778, "ARG": 0.0011706021340267, "FRA": 0.0049689958542749}, "Rice; paddy": {"BRA": 4.3714128524027905e-10, "ECU": 5.353971057569954e-10, "CUB": 1.3335740953923237e-08}, "Barley": {"CAN": 7.29872151526733e-06, "DEU": 1.181231216918462e-05, "CZE": 4.620348578772419e-05, "FRA": 6.905321688625927e-05, "USA": 0.0007472458107605}, "Maize": {"CAN": 3.131840484642548e-05, "UKR": 9.854370930043232e-05, "USA": 0.0005158313061607, "ARG": 0.0043902678379662, "BRA": 0.0089580202215388, "CUB": 0.0909451088523115}, "Oats": {"CHL": 4.150907301690467e-07, "ARG": 2.212004616331413e-06}, "Potatoes": {"BEL": 1.456083374676042e-06, "NLD": 2.063727917330133e-06, "CUB": 0.0117117787352858}, "Sweet potatoes": {"CUB": 0.0507139126250827}, "Cassava": {"CUB": 0.0014929452845241}, "Yautia (cocoyam)": {"CUB": 0.0149123975292495}, "Yams": {"CUB": 0.0137513112362475}, "Beans; dry": {"CHN": 0.0043159861748047, "CUB": 0.1681812728214768}, "Chick peas": {"MEX": 4.0187928522497686e-05, "ARG": 0.0002432345497635}, "Lentils": {"CAN": 8.832916535976103e-07, "USA": 9.957757456377365e-07, "ARG": 4.944263423553532e-05}, "Almonds; with shell": {"USA": 2.0950991344328493e-07, "ESP": 3.391876015058368e-06}, "Walnuts; with shell": {"ROU": 1.1689807410523802e-10, "UKR": 6.643634453230707e-10, "MDA": 3.960081824178538e-09, "FRA": 6.092876586108702e-08, "USA": 7.769601884386096e-08, "ESP": 1.806829509105979e-07, "CHL": 1.918230501759425e-07}, "Pistachios": {"USA": 3.121790937691275e-09}, "Nuts nes": {"LBN": 4.312231543955723e-08, "CHN": 3.958786611188879e-07, "TUR": 4.21834915992816e-07, "ZAF": 8.298239771456618e-07, "IDN": 1.3972228661207925e-06, "BRA": 1.7541225799380624e-06, "THA": 2.1188742739488708e-06, "ESP": 3.647054218066776e-06, "MEX": 4.8095310336749325e-06, "USA": 5.292047128687692e-06, "COL": 6.170353874119659e-06, "GHA": 2.76125197590714e-05}, "Soybeans": {"ARG": 0.0017002113260982, "USA": 0.0023664988971146, "BRA": 0.0166198063528862}, "Groundnuts; with shell": {"CUB": 0.0047959585558856}, "Coconuts": {"CUB": 0.0139078016930003}, "Oil palm fruit": {"IDN": 1.41338808248457e-05, "HND": 1.5618030186876756e-05, "MYS": 0.0001028992986648, "GTM": 0.0003899928474465}, "Olives": {"ESP": 0.0001444203170013}, "Sunflower seed": {"RUS": 4.856490532414372e-07, "UKR": 1.4987707108011657e-06, "ROU": 4.150147825377346e-06, "CAN": 5.2032301238706776e-06, "ARG": 5.75490197483545e-06, "BGR": 7.588620114143768e-06, "ESP": 1.7628851873157526e-05, "USA": 1.831973795278043e-05}, "Sesame seed": {"NGA": 3.8684033539719387e-08, "BFA": 4.0007130656916194e-08, "MOZ": 4.408424549827952e-08, "SDN": 5.864166050377365e-08, "CHN": 2.415599632049408e-07, "TZA": 2.693903258130321e-07, "IND": 2.730460136271976e-07, "ETH": 3.727928357561138e-07, "GTM": 4.539474492090415e-07}, "Mustard seed": {"RUS": 1.5473006469457398e-07, "HUN": 1.585527130458308e-07, "DEU": 5.665558963593737e-07, "CZE": 6.571939445632652e-07, "USA": 9.708077836778678e-07, "UKR": 1.2675018522251533e-06, "ROU": 1.399718168357399e-06, "CAN": 2.7964582068900754e-06, "FRA": 5.141061027499915e-06}, "Cabbages and other brassicas": {"CUB": 0.0072096525298487}, "Tomatoes": {"CUB": 0.0709798000633276}, "Pumpkins; squash and gourds": {"CUB": 0.0302087775924352}, "Cucumbers and gherkins": {"CUB": 0.0150923514104411}, "Chillies and peppers; green": {"CUB": 0.0127403342021857}, "Onions; dry": {"CUB": 0.0131410432451446}, "Garlic": {"CUB": 0.0040525105974684}, "Maize; green": {"HUN": 3.8643628480283946e-08, "USA": 1.4907655541017513e-07, "THA": 5.380948509329079e-07, "FRA": 1.8972033808841205e-06, "CHN": 5.422639329163401e-06}, "Mushrooms and truffles": {"ESP": 3.7420647569187504e-08, "CHN": 3.941209631287089e-07}, "Vegetables; fresh nes": {"CUB": 0.0595026624663428}, "Bananas": {"CUB": 0.0632961255996305}, "Plantains and others": {"CUB": 0.1212788461522864}, "Oranges": {"CUB": 0.0074223872316213}, "Tangerines; mandarins; clementines; satsumas": {"CUB": 0.0041288456855473}, "Lemons and limes": {"COL": 0.0001747298967916, "CUB": 0.0013495388071099}, "Grapefruit (inc. pomelos)": {"CUB": 0.0033861738403536}, "Fruit; citrus nes": {"CUB": 7.46537319505788e-06}, "Apples": {"CAN": 4.098667859849585e-07, "ITA": 4.61540247283646e-07, "FRA": 6.2124283096466e-07, "CHN": 2.61439541120415e-06, "USA": 2.752597588353296e-06, "BRA": 3.306025590912137e-06, "ESP": 5.3575747671218345e-06, "SLV": 5.564311671714542e-05, "GTM": 9.108972605200744e-05, "ECU": 0.0001049768476252, "CHL": 0.0001367992292805}, "Pears": {"CAN": 2.9793219138285948e-08, "AUS": 1.957399024581216e-07, "CHL": 4.607822314867912e-07, "USA": 5.167702062239205e-07, "ZAF": 5.237954518587213e-07, "CHN": 5.566229642453408e-07, "ARG": 7.986655476956491e-07}, "Apricots": {"TUR": 1.3010511230156556e-07, "ESP": 1.169388933013073e-06}, "Plums and sloes": {"FRA": 6.821472923478005e-08, "USA": 8.469909383737644e-08, "ARG": 3.868853819335315e-07, "CHL": 8.363249942300175e-07, "ESP": 1.3980292415668428e-06}, "Grapes": {"ESP": 5.430713860391468e-05, "CHL": 0.0001580014920271, "CUB": 0.0019862563863636}, "Watermelons": {"CUB": 0.007417387348141}, "Melons; other (inc.cantaloupes)": {"CUB": 0.0108216377773333}, "Figs": {"TUR": 1.5909885066946842e-07, "ESP": 1.2147378464613052e-06}, "Mangoes; mangosteens; guavas": {"CUB": 0.0442021560438596}, "Avocados": {"CUB": 0.000431236577492}, "Pineapples": {"CUB": 0.0087966888884964}, "Dates": {"ISR": 4.5327195953862545e-09, "DZA": 2.451961920920747e-08, "ESP": 6.832680576289545e-08, "TUN": 1.9533376281170329e-07}, "Papayas": {"CUB": 0.0144542208520774}, "Fruit; tropical fresh nes": {"CUB": 0.0008510381260512}, "Fruit; fresh nes": {"CUB": 0.0155045382143035}, "Coffee; green": {"BRA": 0.0087692513677636, "CUB": 0.0329635856729809}, "Cocoa; beans": {"PNG": 3.202950858897123e-05, "CMR": 3.531689622449188e-05, "IDN": 0.0002176301761316, "BRA": 0.0002817891768144, "CIV": 0.0004146103026069, "GHA": 0.0004892580617634, "ECU": 0.0018358608600122, "CUB": 0.00331176199578}, "Tea": {"MWI": 1.9611135940339985e-07, "MOZ": 2.7353954867461256e-07, "TZA": 3.892597419329389e-07, "ARG": 4.723960791707575e-07, "IDN": 5.236646761715095e-07, "VNM": 7.091183218790266e-07, "IND": 1.0085726247363433e-06, "KEN": 3.962813143551206e-06, "CHN": 5.358411296167614e-06, "LKA": 2.799364689304104e-05}, "Pepper (piper spp.)": {"MYS": 9.138328997887068e-07, "MEX": 2.8324078105451804e-06, "MWI": 3.5789726532704853e-06, "BRA": 8.784660320496865e-06, "IND": 9.795335559864965e-06, "IDN": 1.6751951066521503e-05, "LKA": 1.980950640278732e-05, "VNM": 2.415937560272665e-05}, "Chillies and peppers; dry": {"IND": 2.639851816081884e-07, "ESP": 9.171468638038578e-07, "CHN": 2.8455324796637e-06, "PER": 1.7925055133024684e-05}, "Cinnamon (cannella)": {"VNM": 9.445311639465084e-07, "IDN": 1.059500229478833e-06, "LKA": 5.639874493186242e-06, "MDG": 1.1932231586196533e-05}, "Cloves": {"COM": 0.0, "LKA": 2.582524561451626e-07, "IDN": 1.4484175800630517e-06, "MDG": 7.919264511399914e-05}, "Nutmeg; mace and cardamoms": {"GRD": 0.0, "IND": 8.579164074174486e-07, "LKA": 1.0998767785873584e-06, "GTM": 2.620164790941988e-05, "IDN": 3.728480279218413e-05}, "Anise; badian; fennel; coriander": {"EGY": 2.5903923283016893e-07, "TUR": 6.812994732058228e-07, "SYR": 2.025568915347381e-05, "ESP": 2.3759469891860577e-05, "IND": 3.2019021166491255e-05}, "Ginger": {"IND": 1.7240105479949542e-09, "PER": 3.283920624481608e-08, "CHN": 2.482283735532196e-07}, "Spices nes": {"TUR": 9.102564204319824e-07, "IND": 1.4732664994317284e-05, "PER": 1.5438786045337835e-05, "ESP": 3.1091711541551697e-05, "MAR": 8.296486429216205e-05}, "Meat; cattle": {"RUS": 3.2777597028631256e-10, "SEN": 4.224356324844341e-09, "DNK": 2.9666156820725532e-08, "UKR": 2.230651099180412e-06, "SWE": 5.693988731324972e-09, "DEU": 9.947133576658886e-07, "EST": 6.884909582780541e-10, "CHE": 4.290028590810783e-11, "MDA": 6.4743097783177095e-12, "IND": 0.0017485688479232668, "CAN": 6.845533809450474e-06, "BGR": 8.608326505559607e-09,