{"Wheat": {"IND": 3.509855973717228}, "Rice; paddy": {"IND": 0.0221670764956136}, "Barley": {"IND": 0.0383075900543836}, "Maize": {"IND": 0.5870962681420028}, "Oats": {"CAN": 2.7709534460281894e-06, "GBR": 1.873203508656912e-05, "AUS": 0.0286769920828484}, "Potatoes": {"IND": 0.2762276690309266}, "Sweet potatoes": {"IND": 0.0191019307804396}, "Cassava": {"IND": 0.0025699184351818}, "Beans; dry": {"MMR": 0.2345734310855061, "IND": 1.62942819498515}, "Peas; dry": {"RUS": 0.0011312857392616, "CAN": 0.0042640012538816, "USA": 0.0062694085928433, "IND": 0.0724779115586016, "AUS": 0.1439921525006413}, "Chick peas": {"AUS": 0.9095674951914932, "IND": 1.1499809830238872}, "Pigeon peas": {"IND": 0.6649026026002728}, "Lentils": {"CAN": 0.0057007056374631, "USA": 0.0096412635410956, "AUS": 0.1034134581499324, "IND": 0.1911013716683997}, "Pulses nes": {"IND": 0.2582696645325582}, "Cashew nuts; with shell": {"GMB": 0.0010067298690812, "IDN": 0.0087258303204793, "BEN": 0.0095766642837734, "GNB": 0.0164027717043696, "GHA": 0.017312215762056, "IND": 0.0491324138633035, "CIV": 0.0968615971802754, "TZA": 0.1336195264757134}, "Almonds; with shell": {"AFG": 0.0004722594281329, "AUS": 0.0049903232358388, "USA": 0.0054176970419642}, "Walnuts; with shell": {"IND": 0.0008774775998351}, "Pistachios": {"AFG": 0.0002091826546207, "TUR": 0.0002675569922984, "USA": 0.0003725719241227, "IRN": 0.0015358764146142}, "Areca nuts": {"IDN": 0.0067762533288831, "IND": 0.100637493946107}, "Nuts nes": {"USA": 0.0001075523065889, "MEX": 0.0001217852044471, "AUS": 0.0001312444909495, "CHN": 0.0001327773246193, "THA": 0.0003171575083078, "IDN": 0.0063919097904668}, "Soybeans": {"ARG": 0.012660983782511, "IND": 0.3347923335663652}, "Groundnuts; with shell": {"IND": 0.5272735074046245}, "Coconuts": {"IND": 0.2573584611893252}, "Oil palm fruit": {"THA": 0.0048336674148591, "MYS": 0.058218245686071, "IDN": 0.1149386490173351}, "Olives": {"PRT": 3.754263508967231e-05, "TUR": 5.519119435609996e-05, "TUN": 0.0001226827233877, "GRC": 0.0003368932277886, "ITA": 0.0004179690391969, "ESP": 0.001610208068094}, "Sunflower seed": {"UKR": 0.0392464020416299, "TZA": 0.0941678615071766, "IND": 0.1646572103414084}, "Rapeseed": {"IND": 0.6049653276749817}, "Safflower seed": {"KAZ": 8.358058928785085e-06, "ARG": 0.0007000063493815, "IND": 0.0041167218055248}, "Sesame seed": {"NGA": 0.0010933409242001, "SDN": 0.0023005530272956, "SOM": 0.0352760861296877, "IND": 0.0557649945698022}, "Linseed": {"IND": 0.0068887223206942}, "Cabbages and other brassicas": {"IND": 0.0678700341949846}, "Asparagus": {"ESP": 6.615800656207738e-07, "THA": 7.414525046223001e-06}, "Lettuce and chicory": {"IND": 0.0309224073513176}, "Tomatoes": {"IND": 0.1403954760665155}, "Cauliflowers and broccoli": {"IND": 0.0769691114533667}, "Pumpkins; squash and gourds": {"IND": 0.019374885439979}, "Cucumbers and gherkins": {"IND": 0.0048749490609757}, "Eggplants (aubergines)": {"IND": 0.1231624601178109}, "Chillies and peppers; green": {"IND": 0.0003951384556785}, "Onions; dry": {"IND": 0.2042183482170175}, "Garlic": {"IND": 0.0510427090731076}, "Beans; green": {"IND": 0.0401562462209364}, "Peas; green": {"IND": 0.0938889347211485}, "Carrots and turnips": {"IND": 0.0012654602155933}, "Okra": {"IND": 0.0868251502049334}, "Mushrooms and truffles": {"IND": 9.922549088862196e-05}, "Vegetables; fresh nes": {"IND": 0.4775761071924674}, "Bananas": {"IND": 0.3310322292867884}, "Oranges": {"IND": 0.1062482935770035}, "Lemons and limes": {"IND": 0.042979118232941}, "Grapefruit (inc. pomelos)": {"IND": 1.0110148847847535e-06}, "Fruit; citrus nes": {"IND": 0.0025964021671018}, "Apples": {"USA": 0.0003153915739263, "CHN": 0.00280041092137, "IND": 0.0633397200994625}, "Pears": {"CHN": 0.0002004314141309, "IND": 0.0070501614181983}, "Apricots": {"AFG": 0.000248225826568, "TUR": 0.0003029525515919, "IND": 0.0008545382982443}, "Cherries; sour": {"UZB": 4.975146192833607e-08, "USA": 6.231687070928496e-07, "CHL": 1.5942236011380116e-06}, "Cherries": {"IND": 0.0006196932631749}, "Peaches and nectarines": {"IND": 4.100411629183279e-06}, "Plums and sloes": {"IND": 0.0002103775346137}, "Fruit; stone nes": {"IND": 0.0001038646852346}, "Strawberries": {"NLD": 8.958767396739033e-11, "ESP": 1.9423013304990464e-10, "MEX": 3.239075979878322e-09, "USA": 5.416401583179618e-09}, "Cranberries": {"CAN": 2.713083046975504e-08, "USA": 4.0168589903720697e-07, "CHL": 3.68434870449624e-06}, "Berries nes": {"IND": 5.5900668203537664e-05}, "Grapes": {"AFG": 0.0005250748144846, "IND": 0.0219472062027453}, "Watermelons": {"IND": 0.0184551854980337}, "Melons; other (inc.cantaloupes)": {"IND": 0.0098652271520272}, "Figs": {"AFG": 0.0007453223232093, "IND": 0.0011760971568324}, "Mangoes; mangosteens; guavas": {"IND": 0.3742732089803789}, "Avocados": {"USA": 1.571300402359604e-06, "CHL": 3.443537502769877e-06, "MEX": 1.3326414373521924e-05, "KEN": 2.695167425050877e-05}, "Pineapples": {"IND": 0.0178849766451013}, "Dates": {"ARE": 3.294805698269329e-07, "IRN": 0.0006037277873957, "IRQ": 0.002395224392699, "PAK": 0.005902414659656}, "Kiwi fruit": {"IRN": 6.96618604539378e-05, "ITA": 8.449746341661524e-05, "NZL": 0.0001848428385216, "CHL": 0.0007813450212782}, "Papayas": {"IND": 0.0246039005012667}, "Fruit; tropical fresh nes": {"IND": 0.0733649993703523}, "Fruit; fresh nes": {"IND": 0.186602179622628}, "Coffee; green": {"VNM": 8.68377190007684e-05, "IDN": 8.832347036261984e-05, "IND": 0.002424335744632}, "Cocoa; beans": {"TZA": 0.0013992839277164, "UGA": 0.001826340648051, "CIV": 0.0083610624019406, "IDN": 0.009041572201762, "GHA": 0.0218922572523149, "IND": 0.0413739577392275}, "Tea": {"IND": 0.1717840026456898}, "Pepper (piper spp.)": {"VNM": 0.0013848470094042, "IDN": 0.0027717768987692, "IND": 0.0134446485951487, "LKA": 0.0163532409137043}, "Chillies and peppers; dry": {"IND": 0.1062782136498164}, "Cinnamon (cannella)": {"CHN": 0.0010960443467469, "IDN": 0.0011127046298578, "LKA": 0.0012386532335397, "VNM": 0.0397736224037586}, "Cloves": {"COM": 0.0, "IDN": 0.0006198652541804, "TZA": 0.0031119007072032, "LKA": 0.0177097244955317, "MDG": 0.322464736394796}, "Nutmeg; mace and cardamoms": {"IDN": 0.0023807164966609, "LKA": 0.002582750611396, "NPL": 0.0041792302157264, "IND": 0.0095420780184335, "GTM": 0.0127434491322413}, "Anise; badian; fennel; coriander": {"IND": 0.1322670724316406}, "Ginger": {"NPL": 0.0038856231268736, "IND": 0.0151820822069367}, "Spices nes": {"IND": 0.1032862628318047}, "Meat; cattle": {"RUS": 1.5691463617642516e-07, "SVN": 6.961875578249156e-11, "AUT": 1.4181442601217155e-09, "DEU": 1.391312992561425e-07, "PAK": 6.182735257524245e-06, "THA": 4.2218948594537224e-07, "VNM": 5.456016208582255e-09, "ROU": 9.297000870140384e-08, "BGR": 4.526859675008686e-09, "POL": 1.5706512046878803e-08, "UKR": 5.27943482532883e-07, "SWE": 1.6161345258582983e-10, "FIN": 5.979487726004622e-11, "SRB": 5.636334013734783e-10, "LVA": 1.460476391765777e-10, "LTU": 2.7072714720592496e-09, "ARE": 7.472615983902694e-12, "HUN": 4.3510051832166813e-10, "CZE": 1.2500831495181674e-10, "IRL": 9.679230619223951e-09, "HRV": 1.0773881518392064e-11, "ITA": 9.699508675974746e-09, "BLR": 3.281505287177205e-10, "FRA": 8.712181604969767e-07, "UGA": 7.4946457012207e-09, "ESP": 2.3431614103886484e-08, "USA": 2.3323592454642827e-06, "EGY": 2.138572667263164e-09, "ARG": 6.328917174327479e-06, "IND": 3.440180643696415, "NLD": 1.644321785604475e-10, "BRA": 6.226545758426891e-05, "GRC": 3.338942004786956e-11, "CAN": 8.764939458997549e-08, "PRT": 4.6871803919083296e-11, "BEL": 3.4457807182223717e-10, "SVK": 5.067542042213226e-11, "SDN": 2.438508466953252e-08, "DNK": 1.5016749054353254e-09, "HND": 2.3278005511574406e-08, "PRY": 1.1774243313425007e-05, "IDN": 3.296434552576173e-07, "KEN": 1.2220999087434587e-07, "CYP": 1.7095095740412704e-10, "ZMB": 2.4184692355506767e-10, "ZAF": 3.4642818322292446e-06, "GBR": 1.770083958349032e-08, "IRN": 7.386675109035425e-09, "ETH": 1.880774635000589e-07, "AUS": 0.000185938804868693,