{"Wheat": {"RUS": 0.0002587868339157, "ROU": 0.0002777757950156, "CHN": 0.0007082162421313, "USA": 0.0010258224585976, "IND": 0.0022134435177825, "CAN": 0.00252740147029, "PAK": 0.0091967781518887}, "Rice; paddy": {"LKA": 0.0073252809981844}, "Barley": {"BEL": 1.5860473542780665e-06, "DNK": 2.455548212054719e-06, "GBR": 3.4395853078080824e-06, "SWE": 7.384607428574314e-06, "POL": 1.6138338966076172e-05, "DEU": 1.922168620079027e-05, "IND": 2.362640101949236e-05, "FRA": 3.411693416627863e-05, "AUS": 0.0002578030447919}, "Maize": {"THA": 0.0021910151248631, "LKA": 0.0920114198360613}, "Oats": {"CAN": 1.377981378294375e-07, "UKR": 3.289787644892857e-07, "GBR": 5.257640487636937e-07, "AUS": 0.0002589251758054}, "Potatoes": {"BGD": 6.206549055374903e-05, "CHN": 0.0001396954728748, "IND": 0.0002912715546853, "PAK": 0.0005536959221362, "LKA": 0.0112809855927528}, "Cassava": {"THA": 5.700839785024305e-06, "LKA": 0.0002752928331943}, "Roots and tubers nes": {"IDN": 2.196914606285319e-06}, "Beans; dry": {"USA": 5.671182639691822e-05, "IND": 0.0002509799634826, "THA": 0.0003717943303458, "MMR": 0.003159816322176, "AUS": 0.0063267654503856, "LKA": 0.0179310304906761}, "Broad beans; horse beans; dry": {"AUS": 0.0005716056717676}, "Peas; dry": {"CAN": 8.227760108554514e-06, "RUS": 1.0699347987471054e-05, "USA": 9.072324623885392e-05, "AUS": 0.0861051234762933}, "Chick peas": {"TUR": 6.274792585701635e-05, "MMR": 0.0001054248064783, "IND": 0.0022289009935992, "AUS": 0.01587729943184}, "Cow peas; dry": {"LKA": 0.0273486305873135}, "Lentils": {"CAN": 0.0007076921269902, "AUS": 0.1778339055226021}, "Cashew nuts; with shell": {"LKA": 0.0089862734065784}, "Almonds; with shell": {"CHN": 2.022486599249111e-07, "AUS": 1.407905369861058e-06, "PAK": 2.5323466098678126e-06, "USA": 3.2185555002334308e-06}, "Pistachios": {"IRN": 1.5138006020680373e-07, "USA": 1.520831453828654e-06}, "Hazelnuts; with shell": {"USA": 1.4335505507860768e-08, "CHN": 1.5145210848753958e-07, "TUR": 5.49457283007256e-07}, "Areca nuts": {"IDN": 0.0002849687802464, "LKA": 0.0156838176935349}, "Soybeans": {"ARG": 5.809645770280942e-06, "USA": 1.9251430107167475e-05, "IND": 0.000126684597888, "LKA": 0.0}, "Groundnuts; with shell": {"IND": 8.408039594774323e-06, "LKA": 0.0013636454746355}, "Coconuts": {"LKA": 0.5659139033975477}, "Oil palm fruit": {"IDN": 0.0010535173205618, "MYS": 0.0018739921957917}, "Olives": {"TUR": 2.3872972848045948e-06, "TUN": 3.7031703572836607e-06, "JOR": 5.174738406068926e-06, "GRC": 7.519876250514153e-06, "ITA": 1.216914267571869e-05, "ESP": 4.979433159314684e-05}, "Sunflower seed": {"RUS": 1.120269442151373e-06, "TUR": 2.041235070621536e-06, "FRA": 2.8080493479015704e-06, "CHN": 5.065272245507456e-06, "IND": 1.6402758562580286e-05, "UKR": 3.2912694252618914e-05, "ARG": 9.255360677524014e-05, "ZAF": 0.0004554124313083}, "Rapeseed": {"ZAF": 1.5661905969061488e-05, "IND": 6.189709097420207e-05}, "Sesame seed": {"IND": 3.802263076071053e-05, "LKA": 0.0131303976250828}, "Mustard seed": {"CAN": 1.716499574591469e-05, "LKA": 0.0001493763170166, "NPL": 0.0008476170508507}, "Cabbages and other brassicas": {"LKA": 0.0120437415799688}, "Tomatoes": {"CHN": 2.311548395588105e-05, "LKA": 0.0200659792032359}, "Cauliflowers and broccoli": {"NLD": 1.1045962575056122e-09, "ESP": 1.0487400747548453e-08, "BEL": 2.1604047911597105e-08, "FRA": 3.121986167080499e-08, "AUS": 7.504660018346457e-08, "CHN": 1.094197763981005e-07}, "Pumpkins; squash and gourds": {"LKA": 0.0321773974400434}, "Cucumbers and gherkins": {"LKA": 0.0087009576617811}, "Eggplants (aubergines)": {"LKA": 0.0274019013206127}, "Chillies and peppers; green": {"LKA": 0.0552026945134519}, "Onions; dry": {"PAK": 0.0002773338415976, "IND": 0.0018642123191885, "LKA": 0.036802382838102}, "Garlic": {"IND": 1.1578844260278736e-05, "CHN": 0.000335294891144}, "Leeks; other alliaceous vegetables": {"LKA": 0.0083580467718802}, "Beans; green": {"LKA": 0.0331328627722256}, "Peas; green": {"CHN": 3.020065786323456e-06}, "Carrots and turnips": {"LKA": 0.0161947147899576}, "Maize; green": {"USA": 9.348963396981752e-08, "CHN": 2.848221934854968e-06, "THA": 9.538701914034238e-06}, "Vegetables; fresh nes": {"CHN": 3.3701662097110354e-05, "PAK": 0.0003294385859683, "LKA": 0.0104064217334332}, "Plantains and others": {"LKA": 0.0}, "Oranges": {"EGY": 1.2762462073631382e-06, "PAK": 4.382734692153283e-06, "CHN": 7.924466522433663e-06, "USA": 1.147882965412092e-05, "BRA": 1.6666839070067475e-05, "AUS": 4.5055025058755474e-05, "ZAF": 0.0001067177419321, "LKA": 0.0101428819078853}, "Tangerines; mandarins; clementines; satsumas": {"AUS": 2.134756839891771e-05, "CHN": 6.242212964585788e-05, "PAK": 0.0001116732462198}, "Lemons and limes": {"LKA": 0.0268015180795406}, "Apples": {"IND": 4.502711021123173e-05, "USA": 5.173334675522557e-05, "NZL": 7.06546846916923e-05, "ZAF": 7.79001981499695e-05, "CHN": 0.000852959176836}, "Pears": {"AUS": 6.690390282838712e-07, "CHN": 7.467050040478959e-06}, "Apricots": {"ITA": 3.896155684849195e-09, "FRA": 1.6591949439215522e-08, "PAK": 2.6515305245406813e-08, "ESP": 3.4059610755067665e-08, "TUR": 5.483906492310413e-07}, "Peaches and nectarines": {"CHN": 7.140981003963455e-08}, "Plums and sloes": {"ARG": 8.082617947594453e-08, "USA": 6.954002838925543e-07, "CHL": 9.446658493124816e-07, "CHN": 1.2163894842449203e-06, "ZAF": 1.532470398366072e-06, "AUS": 2.0055084086370125e-06}, "Grapes": {"ISR": 1.3429245426265653e-06, "ITA": 7.050520342513622e-06, "USA": 1.4253129974453604e-05, "FRA": 1.5455297579696172e-05, "IRN": 2.215155105438681e-05, "CHN": 2.5267240009635624e-05, "CHL": 7.370572273897926e-05, "IND": 7.952383235345647e-05, "ZAF": 0.0001146061030401, "AUS": 0.0001157123504311}, "Mangoes; mangosteens; guavas": {"LKA": 0.0652317141629996}, "Avocados": {"LKA": 0.0054561794659848}, "Pineapples": {"LKA": 0.0085005995443545}, "Dates": {"ARE": 9.39022456425343e-08, "SAU": 1.738046563798012e-06, "IRQ": 1.1585679955160966e-05, "IRN": 2.57136567136783e-05}, "Kiwi fruit": {"NZL": 3.402590889549565e-07, "CHN": 4.961973593509888e-07}, "Fruit; fresh nes": {"IND": 8.988395526668227e-06, "LKA": 0.0073346375308322}, "Coffee; green": {"IDN": 4.78796525453692e-05, "LKA": 0.0470796753655622}, "Cocoa; beans": {"CMR": 5.226752616676253e-05, "PNG": 8.222015279769813e-05, "NGA": 0.0004053216058467, "IDN": 0.0004447494623986, "CIV": 0.0005298887004679, "GHA": 0.0018578771021357, "LKA": 0.010275049446297}, "Tea": {"LKA": 0.0138230559922642}, "Pepper (piper spp.)": {"LKA": 0.073251467373974}, "Chillies and peppers; dry": {"IND": 0.0038749858033039}, "Vanilla": {"IDN": 1.9324728331005167e-06, "MDG": 7.500908732758265e-06}, "Cinnamon (cannella)": {"LKA": 0.0132782159965889}, "Anise; badian; fennel; coriander": {"RUS": 1.4409933216961653e-05, "CAN": 1.7294497289139217e-05, "ROU": 1.9976102019509448e-05, "IRN": 2.7413188877433526e-05, "UKR": 8.894633164997727e-05, "CHN": 8.957634220868986e-05, "ARG": 0.0001415494975075, "SYR": 0.0001709356117345, "BGR": 0.0002245038772993, "IND": 0.0011736210960706, "MAR": 0.0015972671112664}, "Ginger": {"CHN": 7.34978372852368e-05, "LKA": 0.006837776446109}, "Spices nes": {"IND": 0.000393774407321, "LKA": 0.0011711187657987}, "Meat; cattle": {"NLD": 2.484441016995993e-12, "ALB": 2.5234308101893793e-10, "POL": 3.018597688304e-10, "GBR": 1.714033956398473e-11, "IRL": 4.265234977839211e-11, "DEU": 7.508739549115282e-10, "VNM": 9.892334147732982e-09, "CAN": 4.4247470701570013e-10, "UKR": 8.54056492300577e-11, "IDN": 2.455284733415241e-07, "FRA": 5.790140672242761e-10, "SRB": 1.7420684456069414e-11, "USA": 0.0002872663842571742, "THA": 0.00022659003404411595, "MYS": 2.88111905030017e-07, "ARG": 8.910952992124643e-05, "ESP": 8.231846365078472e-10, "URY": 2.781262563358881e-07, "BRA": 3.5465304460624453e-06, "CHN": 0.0004070102011155528, "PAK": 4.4483922429824045e-09, "ZAF": 4.0733420128153244e-10, "IND": 0.0020756252416294883, "AUS": 0.0001505435795389406, "LAO": 1.3189652324104274e-09, "PRY": 1.6739992148400228e-07,