{"Wheat": {"RUS": 0.0001812226545468, "ROU": 0.0001813927958259, "CHN": 0.0004073332989782, "USA": 0.0005492416597204, "CAN": 0.0020941896695738, "IND": 0.0021153331796106, "PAK": 0.0086997555145117}, "Rice; paddy": {"LKA": 0.0059375413173685}, "Barley": {"BEL": 9.939778267348783e-07, "GBR": 1.1487513707987829e-06, "DNK": 2.328691943711749e-06, "SWE": 6.702305885732171e-06, "FRA": 1.1679435056598007e-05, "POL": 1.2607015953176973e-05, "DEU": 1.3999227871487971e-05, "IND": 2.254871053922382e-05, "AUS": 0.0001466316842081}, "Maize": {"THA": 0.0020545103863668, "LKA": 0.0761717091487352}, "Oats": {"CAN": 1.157289115058884e-07, "GBR": 2.3650770537496614e-07, "UKR": 2.679020549924769e-07, "AUS": 0.0001397875525271}, "Potatoes": {"BGD": 5.8085299830288754e-05, "CHN": 6.826065064274384e-05, "IND": 0.0002744422886676, "PAK": 0.0005250025712985, "LKA": 0.0094187703085247}, "Cassava": {"THA": 1.4408853709675498e-05, "LKA": 0.0006958017257807}, "Roots and tubers nes": {"IDN": 5.552694404387572e-06}, "Beans; dry": {"USA": 2.611229575483729e-05, "IND": 0.0002353410842326, "THA": 0.0003517748872968, "AUS": 0.0030439179382217, "MMR": 0.0030641017536675, "LKA": 0.0146086468546292}, "Broad beans; horse beans; dry": {"AUS": 0.0002750095244603}, "Peas; dry": {"CAN": 7.071527131806051e-06, "RUS": 7.489921583159008e-06, "USA": 4.177245537901803e-05, "AUS": 0.0414266866659825}, "Chick peas": {"TUR": 4.439748040048768e-05, "MMR": 0.0001022313645712, "IND": 0.0020900153510346, "AUS": 0.0076388475169646}, "Cow peas; dry": {"LKA": 0.0226017650535956}, "Lentils": {"CAN": 0.0006082413695768, "AUS": 0.0855590142054797}, "Cashew nuts; with shell": {"LKA": 0.0073717869246302}, "Almonds; with shell": {"CHN": 8.595133970393902e-08, "AUS": 7.580267837194884e-07, "USA": 1.3871866826962444e-06, "PAK": 2.382835029308578e-06}, "Pistachios": {"IRN": 7.717280905329741e-08, "USA": 6.554732827268845e-07}, "Hazelnuts; with shell": {"USA": 6.1785550470640795e-09, "CHN": 6.436389556461519e-08, "TUR": 4.08075510814413e-07}, "Areca nuts": {"IDN": 0.0002219642735861, "LKA": 0.0128660410128237}, "Soybeans": {"ARG": 3.81411895428769e-06, "USA": 1.2890175141091033e-05, "IND": 0.0001193499606611, "LKA": 0.0}, "Groundnuts; with shell": {"IND": 7.900520087211322e-06, "LKA": 0.0011301566886097}, "Coconuts": {"LKA": 0.4642410179150045}, "Oil palm fruit": {"IDN": 0.0008282476249442, "MYS": 0.0017568643894045}, "Olives": {"TUR": 1.661918138591923e-06, "JOR": 2.9277352767939003e-06, "TUN": 2.986983424737004e-06, "GRC": 3.089468964809193e-06, "ITA": 8.489827529172909e-06, "ESP": 3.4040924880321966e-05}, "Sunflower seed": {"RUS": 8.10688175428298e-07, "FRA": 9.038435607727422e-07, "TUR": 1.386039011397932e-06, "CHN": 2.154917257334066e-06, "IND": 1.535366468642809e-05, "UKR": 2.676125137929364e-05, "ARG": 5.222190985165068e-05, "ZAF": 0.0001693014298188}, "Rapeseed": {"ZAF": 5.628236473426599e-06, "IND": 5.712501175480821e-05}, "Sesame seed": {"IND": 3.53905795214274e-05, "LKA": 0.0108513719264641}, "Mustard seed": {"CAN": 1.438644580488885e-05, "LKA": 0.0001234492678162, "NPL": 0.0005409909807393}, "Cabbages and other brassicas": {"LKA": 0.0099022393979039}, "Tomatoes": {"CHN": 1.2718952527213486e-05, "LKA": 0.016498039957473}, "Cauliflowers and broccoli": {"NLD": 6.773776886944623e-10, "FRA": 5.151374711627671e-09, "ESP": 6.367147123104601e-09, "BEL": 1.4210753052544406e-08, "AUS": 2.8204553642782195e-08, "CHN": 6.02066106079374e-08}, "Pumpkins; squash and gourds": {"LKA": 0.026455922400623}, "Cucumbers and gherkins": {"LKA": 0.0071538371349052}, "Eggplants (aubergines)": {"LKA": 0.0225295590272164}, "Chillies and peppers; green": {"LKA": 0.0453870828140914}, "Onions; dry": {"PAK": 0.000260091400886, "IND": 0.0017518199101174, "LKA": 0.030258537420158}, "Garlic": {"IND": 1.0880761650654778e-05, "CHN": 0.0001844910455354}, "Leeks; other alliaceous vegetables": {"LKA": 0.0068718993582267}, "Beans; green": {"LKA": 0.0272414960857478}, "Peas; green": {"CHN": 1.661746448338447e-06}, "Carrots and turnips": {"LKA": 0.0133151265133133}, "Maize; green": {"USA": 5.9422251199274194e-08, "CHN": 1.4766047213045317e-06, "THA": 8.94442121026659e-06}, "Vegetables; fresh nes": {"CHN": 1.8543840186061923e-05, "PAK": 0.0003089566813657, "LKA": 0.0085560520039216}, "Plantains and others": {"LKA": 0.0}, "Oranges": {"EGY": 1.2762462073631382e-06, "CHN": 3.367728193082057e-06, "PAK": 4.123974857128238e-06, "USA": 4.94733728468576e-06, "BRA": 6.341280950269018e-06, "AUS": 2.425796254975561e-05, "ZAF": 3.113253518552478e-05, "LKA": 0.0083205975206453}, "Tangerines; mandarins; clementines; satsumas": {"AUS": 1.149369052783735e-05, "CHN": 2.652806536382698e-05, "PAK": 0.0001050799767663}, "Lemons and limes": {"LKA": 0.021986319756793}, "Apples": {"NZL": 1.4744710456795658e-05, "USA": 2.2296899856146985e-05, "ZAF": 2.272565569655411e-05, "IND": 4.177072600640686e-05, "CHN": 0.0003624893435093}, "Pears": {"AUS": 3.602156179309721e-07, "CHN": 3.173336005557719e-06}, "Apricots": {"ITA": 2.93905693720512e-09, "FRA": 3.172185309580574e-09, "ESP": 2.2336867208644362e-08, "PAK": 2.494982239214989e-08, "TUR": 4.0728333435858653e-07}, "Peaches and nectarines": {"CHN": 3.034763663299008e-08}, "Plums and sloes": {"ARG": 4.050765922037008e-08, "CHL": 2.8694589289873545e-07, "USA": 2.997152023288013e-07, "ZAF": 4.470642625501731e-07, "CHN": 5.169394240310456e-07, "AUS": 1.0797807304844154e-06}, "Grapes": {"ISR": 1.2177063420475657e-06, "FRA": 2.9548708617464566e-06, "ITA": 5.318545355913452e-06, "USA": 6.143051466990929e-06, "CHN": 1.0738034705671023e-05, "IRN": 1.1292751617479736e-05, "CHL": 2.238839737720536e-05, "ZAF": 3.3433789647101155e-05, "AUS": 6.230039512002993e-05, "IND": 7.377262712691406e-05}, "Mangoes; mangosteens; guavas": {"LKA": 0.0535120929200743}, "Avocados": {"LKA": 0.0044759146117609}, "Pineapples": {"LKA": 0.0069733699095686}, "Dates": {"ARE": 6.693694169764706e-08, "SAU": 6.70901287242007e-07, "IRQ": 7.790138983177514e-06, "IRN": 1.310869553701992e-05}, "Kiwi fruit": {"NZL": 7.100763054602976e-08, "CHN": 2.1087322808274037e-07}, "Fruit; fresh nes": {"IND": 8.33835005223181e-06, "LKA": 0.0060168862664594}, "Coffee; green": {"IDN": 3.816699873208271e-05, "LKA": 0.0399723714671909}, "Cocoa; beans": {"CMR": 4.094055330370986e-05, "PNG": 6.176878092276574e-05, "NGA": 0.0002274451662889, "CIV": 0.0002461466604507, "IDN": 0.0003545295603675, "GHA": 0.0010650959627026, "LKA": 0.0087238939122246}, "Tea": {"LKA": 0.0117362816256532}, "Pepper (piper spp.)": {"LKA": 0.0605373073482402}, "Chillies and peppers; dry": {"IND": 0.0036413648873455}, "Vanilla": {"IDN": 1.51139064626878e-06, "MDG": 1.603638455024266e-06}, "Cinnamon (cannella)": {"LKA": 0.0109735336593054}, "Anise; badian; fennel; coriander": {"RUS": 8.659489808875184e-06, "IRN": 1.1985594542518597e-05, "ROU": 1.2888183311960967e-05, "CAN": 1.4494984540396113e-05, "CHN": 3.2334613447656604e-05, "ARG": 6.449574970460192e-05, "UKR": 7.242496812045779e-05, "SYR": 0.0001164865692957, "BGR": 0.0001573519656288, "MAR": 0.0006639259112871, "IND": 0.0010923791935888}, "Ginger": {"CHN": 2.653071223114027e-05, "LKA": 0.0056509526585092}, "Spices nes": {"IND": 0.0003665160510198, "LKA": 0.0009678492350808}, "Meat; cattle": {"NLD": 1.6448588605085508e-12, "ALB": 1.3262572742605505e-10, "IRL": 9.574709122820394e-12, "GBR": 7.284711180056076e-12, "POL": 2.470591000997173e-10, "FRA": 1.1400519317705091e-10, "DEU": 6.766594168276795e-10, "CAN": 3.8844421533444004e-10, "IDN": 1.922639452753547e-07, "UKR": 6.963319794368462e-11, "USA": 0.00019234393180536145, "SRB": 1.4621914180049758e-11, "URY": 6.385519043217973e-08, "VNM": 9.424317579580521e-09, "MYS": 2.701044045153535e-07, "ARG": 5.848648126171243e-05, "ESP": 5.56113477366305e-10, "THA": 0.00021247317252738712, "BRA": 1.2249387167933962e-06, "CHN": 0.00014692193149772468, "ZAF": 1.5750800873702423e-10, "PAK": 4.120187493906362e-09, "IND": 0.0019533520679157934, "PRY": 6.210018190776845e-08, "AUS": 8.062009942172341e-05,