{"Wheat": {"CHN": 9.224559791524728e-05, "ZAF": 0.0045145597793565, "ZMB": 0.0050836560645451}, "Barley": {"BEL": 3.7398986506458494e-06, "DEU": 6.254651207362403e-06, "FRA": 0.0001484738352957, "ZWE": 0.0003785987524183, "ZMB": 0.0005694982583772, "AUS": 0.0010994487852395, "ZAF": 0.003493933030322}, "Maize": {"ZMB": 0.107442205682866}, "Oats": {"GBR": 3.844602231575926e-07, "AUS": 9.898261668331396e-05, "ZAF": 0.0007368287408524}, "Potatoes": {"ZMB": 0.0003448840821175, "ZAF": 0.0008228845745311}, "Sweet potatoes": {"ZMB": 0.0048271928035915}, "Cassava": {"ZMB": 0.0018619241410025}, "Broad beans; horse beans; dry": {"EGY": 3.3488390664894206e-11, "GBR": 3.4652005572125466e-11, "CHN": 1.8591953513378686e-09, "MEX": 6.1426214485686385e-09, "PER": 3.242731746243938e-08, "AUS": 1.4577634596716742e-07}, "Peas; dry": {"USA": 6.726063354055767e-07, "MWI": 0.0001782175035461}, "Lentils": {"TUR": 1.3952670003392377e-08, "USA": 1.840375664415978e-08, "CAN": 3.485719344035996e-08, "AUS": 2.2083722867301127e-06}, "Pulses nes": {"ZMB": 0.0080381824115546}, "Brazil nuts; with shell": {"BRA": 9.009449542396624e-08, "BOL": 1.7067206235165898e-07}, "Almonds; with shell": {"AUS": 1.256765675364502e-07, "USA": 4.1419653957797413e-07}, "Walnuts; with shell": {"ROU": 2.1956159935850048e-10, "MDA": 1.3523543411057594e-09, "UKR": 1.361267007973006e-09, "CHN": 8.749261208799157e-09, "USA": 2.57748400390005e-08, "LBN": 7.12080258774754e-08}, "Pistachios": {"IRN": 7.74676257964847e-08, "USA": 8.070453339186753e-08, "MDG": 6.860542102933566e-06}, "Hazelnuts; with shell": {"ESP": 3.297946477673771e-09, "ITA": 4.00754768451261e-09, "CHL": 3.1674985070944935e-08, "TUR": 1.249982176412021e-07}, "Areca nuts": {"MYS": 3.310788374327133e-09, "IND": 4.396123832503055e-08, "THA": 7.461698486311947e-08, "IDN": 1.51465520395316e-07}, "Nuts nes": {"CHN": 2.4611185563393672e-08, "TUR": 2.712383803652223e-08, "LBN": 4.07872178012466e-08, "ZAF": 1.473969092936783e-06, "MWI": 4.55173241214737e-06}, "Soybeans": {"ARG": 0.0001225892088522, "ZAF": 0.0044091015437488, "ZMB": 0.0130936562894223}, "Groundnuts; with shell": {"MWI": 0.0013975799357152, "ZMB": 0.0172055063481052}, "Coconuts": {"IND": 8.438390787856142e-08, "IDN": 5.215995120252845e-07, "PHL": 1.0036203536797522e-06, "LKA": 3.460892136942001e-06, "MOZ": 1.7109180760126222e-05}, "Oil palm fruit": {"IDN": 0.0016493009321332, "MYS": 0.0027854298528289}, "Sunflower seed": {"ZAF": 0.0011978271690531, "ZMB": 0.0086344069112005}, "Rapeseed": {"ZAF": 1.5937163202911638e-05}, "Sesame seed": {"BFA": 3.844361534486725e-08, "NGA": 5.970519709335455e-08, "SDN": 6.94474328581904e-08, "CHN": 1.544849897963898e-07, "TZA": 2.0149282128450762e-07, "ETH": 2.779224008389654e-07, "MOZ": 3.517140505211114e-07, "IND": 6.683796803922143e-07, "MEX": 6.823737455444325e-07, "VEN": 1.0607747638638691e-06, "GTM": 1.1129167246693537e-06}, "Mustard seed": {"DEU": 9.840577603518649e-08, "CZE": 9.943997775509997e-08, "UKR": 2.043807125297467e-07, "USA": 8.781795941849387e-07, "CAN": 1.0144029823088634e-06, "FRA": 1.1465680903608115e-06, "NPL": 7.309204658885093e-06}, "Oilseeds nes": {"ITA": 3.668300939762915e-06, "MOZ": 6.889057638967072e-06, "IND": 8.01385621887702e-06, "CHN": 1.2512833533176264e-05, "ETH": 1.435657257924247e-05, "MYS": 2.250622910798748e-05, "ZAF": 2.8570259981475342e-05, "ZWE": 3.327869335540963e-05, "TZA": 3.909838088622124e-05}, "Asparagus": {"NLD": 1.3577983115847678e-10, "DEU": 9.902827028540294e-10, "THA": 1.6648456695380912e-09, "KEN": 4.379619821073968e-08, "PER": 1.040846665380867e-07, "ZAF": 8.233567651703754e-07}, "Spinach": {"KEN": 3.186874741235876e-07}, "Tomatoes": {"ZAF": 2.04073504107326e-05, "ZMB": 0.0003999294063717}, "Cauliflowers and broccoli": {"ZAF": 6.522922468941817e-06}, "Pumpkins; squash and gourds": {"ZAF": 6.727758108987414e-05}, "Cucumbers and gherkins": {"ZAF": 3.6536074395910393e-06}, "Onions; dry": {"ZMB": 0.0003962930944408, "ZAF": 0.0005986303318531}, "Garlic": {"ITA": 1.1227023104476289e-07, "IND": 1.1546479371594209e-07, "CHN": 1.027353899493829e-06, "ESP": 1.3412863835612405e-06, "ARG": 1.359205988939903e-06}, "Leeks; other alliaceous vegetables": {"NLD": 1.8025418127266674e-09, "CHN": 1.56602518969942e-07}, "Carrots and turnips": {"ZAF": 2.3107833169199903e-05}, "Vegetables; fresh nes": {"ZMB": 0.0086970482132538}, "Bananas": {"ZAF": 1.0730314587072927e-06, "MOZ": 1.4405664517906366e-05, "ZWE": 3.2357210308029985e-05, "ZMB": 3.336834644224859e-05, "TZA": 0.0001442937884373}, "Plantains and others": {"COL": 1.8938182623586363e-08, "CRI": 9.517122148828972e-08, "TZA": 1.1804346069660397e-07, "ECU": 3.1726819832515335e-07}, "Oranges": {"MWI": 8.178722535484358e-06, "ZWE": 4.4504924632655136e-05, "ZMB": 0.0001018904617742, "ZAF": 0.0001877405304676}, "Tangerines; mandarins; clementines; satsumas": {"ZWE": 3.185098852557903e-06, "ZAF": 7.916751388914173e-06}, "Lemons and limes": {"ZWE": 1.356495509623327e-07, "ZAF": 1.4043860159900998e-05}, "Grapefruit (inc. pomelos)": {"USA": 8.321774915272182e-09, "EGY": 4.28742617705658e-08, "ZAF": 1.1115673111461208e-06}, "Apples": {"CHN": 8.285735019431068e-06, "ZAF": 0.0003563248146294}, "Pears": {"ZAF": 2.857665509530408e-05}, "Apricots": {"TUR": 1.428903153509293e-07, "ZAF": 2.8268721026248137e-06}, "Cherries": {"TUR": 2.848822778025353e-09, "ZAF": 6.813789063253269e-06}, "Peaches and nectarines": {"ESP": 4.17304418990166e-08, "ZWE": 4.430858598017113e-07, "ZAF": 1.1862550973657892e-05}, "Plums and sloes": {"ZAF": 4.85406663612693e-05}, "Strawberries": {"EGY": 9.621705194333948e-10, "ZWE": 2.5220885591494156e-08, "ZAF": 6.469751408195905e-07}, "Currants": {"NZL": 7.952044638183475e-08}, "Watermelons": {"ZAF": 1.1353952285084614e-06}, "Melons; other (inc.cantaloupes)": {"NAM": 6.850982239670314e-08, "ZAF": 2.584621163938667e-05}, "Figs": {"TUR": 4.1522194090124215e-08, "ZAF": 2.205400430333548e-06}, "Avocados": {"ZAF": 3.752202636327584e-06}, "Pineapples": {"KEN": 3.870734806465667e-06, "MWI": 1.910160519829312e-05, "SWZ": 0.0001166614766709, "ZAF": 0.0001349699226647}, "Dates": {"ARE": 1.6993217067582124e-10, "EGY": 2.817045385541417e-09, "SAU": 9.167886992997188e-09, "NAM": 1.5840305765425033e-07, "IRN": 2.22507604495996e-07, "PAK": 3.330497622740896e-07}, "Kiwi fruit": {"ITA": 2.8668889971991312e-08, "FRA": 5.211352146239749e-08, "GRC": 5.502134331775519e-08, "CHL": 1.139793659021725e-07, "NZL": 4.266240382548761e-07}, "Papayas": {"ZAF": 1.1346209244234704e-05}, "Fruit; tropical fresh nes": {"ZMB": 0.0041183591171977}, "Fruit; fresh nes": {"ZAF": 0.0008021946119046, "ZMB": 0.001178800773446}, "Coffee; green": {"VNM": 1.3445880900103756e-05, "ZMB": 0.0006464097130657}, "Tea": {"TZA": 1.6428151762437845e-05, "ZWE": 7.355404591204566e-05, "MWI": 0.0001089599236223, "ZMB": 0.0001754385663171}, "Chillies and peppers; dry": {"ZMB": 0.0004842650083836}, "Cinnamon (cannella)": {"CHN": 5.438757616726855e-07, "IDN": 8.314991486801235e-07, "VNM": 1.0743058848066832e-06}, "Anise; badian; fennel; coriander": {"EGY": 1.3570564336874008e-07, "IND": 7.931053175826021e-07, "SYR": 8.041001843193344e-07}, "Ginger": {"THA": 1.7128180649211675e-08, "IND": 2.2453335130860423e-08, "NGA": 1.974947264130408e-07, "CHN": 3.947599744420909e-07}, "Spices nes": {"CHN": 1.2078190774219656e-05, "ZWE": 2.6061612645915525e-05, "IND": 6.349341160258213e-05, "ZMB": 0.0003790408781883}, "Meat; cattle": {"MUS": 0.0, "ROU": 2.3403910406642353e-10, "LTU": 1.4299504908294073e-10, "NLD": 2.528160290844342e-11, "SWE": 1.673985423158718e-10, "THA": 8.22420876931307e-09, "DEU": 1.2502018713377608e-08, "IRL": 2.8105615282045474e-08, "CAN": 1.0363070171313835e-11, "DNK": 2.400352815070068e-10, "SVK": 1.0935289541934163e-11, "BEL": 7.758968136643763e-11, "AUT": 3.0558255995093694e-10, "HUN": 4.919070024768419e-11, "UKR": 1.5907977459249143e-08, "POL": 6.831649268283562e-09, "GBR": 1.9131602221079113e-07, "ARG": 6.1405682156271505e-06, "UGA": 1.7983018661099175e-08, "USA": 7.64783559008653e-08,