{"Wheat": {"CHN": 5.3055410875582194e-05, "ZMB": 0.0009293865990579, "ZAF": 0.0022455809170646}, "Barley": {"BEL": 2.343799082007696e-06, "DEU": 4.555286492240402e-06, "FRA": 5.082785306818917e-05, "ZWE": 0.0001320651358612, "ZMB": 0.0002565768931353, "AUS": 0.0006253379482401, "ZAF": 0.0009061208951316}, "Maize": {"ZMB": 0.0220910260991913}, "Oats": {"GBR": 1.72944128456028e-07, "AUS": 5.343836375066236e-05, "ZAF": 0.0002506144025969}, "Potatoes": {"ZMB": 6.863487509876032e-05, "ZAF": 0.000262566397923}, "Sweet potatoes": {"ZMB": 0.0009606525564123}, "Cassava": {"ZMB": 0.0047060071108637}, "Broad beans; horse beans; dry": {"GBR": 2.0908904373818502e-11, "EGY": 3.3488390664894206e-11, "CHN": 9.010978978715323e-10, "MEX": 3.5463185397199203e-09, "PER": 1.3474538023158948e-08, "AUS": 7.013555946361757e-08}, "Peas; dry": {"USA": 3.09693703633606e-07, "MWI": 0.0001199586072509}, "Lentils": {"USA": 8.473794039517415e-09, "TUR": 9.872252899986784e-09, "CAN": 2.9958771998691914e-08, "AUS": 1.0624866798942066e-06}, "Pulses nes": {"ZMB": 0.0014616288900634}, "Brazil nuts; with shell": {"BOL": 1.7290456793163234e-08, "BRA": 3.4278515869403147e-08}, "Almonds; with shell": {"AUS": 6.766520415215261e-08, "USA": 1.7851732669508485e-07}, "Walnuts; with shell": {"ROU": 1.5736433698835862e-10, "UKR": 1.1134175395006334e-09, "MDA": 1.1587597079692282e-09, "CHN": 3.7182482326221198e-09, "USA": 1.1108870065510533e-08, "LBN": 5.950422653910405e-08}, "Pistachios": {"USA": 3.478338464143106e-08, "IRN": 3.949261405522757e-08, "MDG": 1.2070730240632124e-06}, "Hazelnuts; with shell": {"ESP": 2.162848925748655e-09, "ITA": 3.023085260465663e-09, "CHL": 9.621398805039156e-09, "TUR": 9.28347172607249e-08}, "Areca nuts": {"MYS": 3.116924312467894e-09, "IND": 4.0781938533536e-08, "THA": 7.087379357497183e-08, "IDN": 1.1797760505141302e-07}, "Nuts nes": {"CHN": 1.0459225646594156e-08, "TUR": 2.01445579198102e-08, "LBN": 3.4083403072024655e-08, "ZAF": 4.29997803714914e-07, "MWI": 2.9022932773917644e-06}, "Soybeans": {"ARG": 8.048164097482652e-05, "ZAF": 0.0016672570067747, "ZMB": 0.0027400464189448}, "Groundnuts; with shell": {"MWI": 0.0008798560276949, "ZMB": 0.0031628002775102}, "Coconuts": {"IND": 7.828121944334845e-08, "IDN": 4.062776865924382e-07, "PHL": 9.01616556711438e-07, "LKA": 2.839103402305546e-06, "MOZ": 4.075755391784866e-06}, "Oil palm fruit": {"IDN": 0.0012966370397491, "MYS": 0.0026113355907291}, "Sunflower seed": {"ZAF": 0.0004452971382751, "ZMB": 0.001384003369905}, "Rapeseed": {"ZAF": 5.727152455056819e-06}, "Sesame seed": {"BFA": 2.0999282100993405e-08, "NGA": 3.5475332659011537e-08, "SDN": 5.412676033583327e-08, "CHN": 5.5764862745722294e-08, "TZA": 9.298318430047768e-08, "MOZ": 9.321865313735801e-08, "ETH": 1.906061955510346e-07, "MEX": 4.392407827594437e-07, "VEN": 4.894558676599883e-07, "IND": 6.221122462117836e-07, "GTM": 6.80394010012636e-07}, "Mustard seed": {"DEU": 7.224279257086621e-08, "CZE": 7.6033694006877e-08, "UKR": 1.664179546791589e-07, "FRA": 2.230895195996697e-07, "USA": 4.514626327925867e-07, "CAN": 8.501984938025638e-07, "NPL": 4.665094682635124e-06}, "Oilseeds nes": {"MOZ": 1.825882911241816e-06, "ITA": 2.495528187016114e-06, "CHN": 4.51679121354968e-06, "IND": 7.459110800942189e-06, "ETH": 9.846099746624148e-06, "ZAF": 1.0194180932870702e-05, "ZWE": 1.4894656449705448e-05, "TZA": 1.8042786500371017e-05, "MYS": 2.1205276806503115e-05}, "Asparagus": {"NLD": 8.326501884874077e-11, "DEU": 7.420973279817542e-10, "THA": 1.575901065056358e-09, "KEN": 2.31592427199782e-08, "PER": 3.906729332580216e-08, "ZAF": 2.580777242908396e-07}, "Spinach": {"KEN": 1.685205763644361e-07}, "Tomatoes": {"ZAF": 6.396598383105258e-06, "ZMB": 7.68939391968639e-05}, "Cauliflowers and broccoli": {"ZAF": 2.044582686050733e-06}, "Pumpkins; squash and gourds": {"ZAF": 2.1087875581946885e-05}, "Cucumbers and gherkins": {"ZAF": 1.1452079260763969e-06}, "Onions; dry": {"ZMB": 7.619478993686127e-05, "ZAF": 0.0001876381664322}, "Garlic": {"ITA": 8.41747775580341e-08, "IND": 1.0850348024587249e-07, "CHN": 5.652862601211162e-07, "ARG": 6.873939536430307e-07, "ESP": 8.143264421689699e-07}, "Leeks; other alliaceous vegetables": {"NLD": 1.1053827120844762e-09, "CHN": 8.616821556591214e-08}, "Carrots and turnips": {"ZAF": 7.243053375975422e-06}, "Vegetables; fresh nes": {"ZMB": 0.0016721708527741}, "Bananas": {"ZAF": 3.567101489547156e-07, "MOZ": 3.7638214677528415e-06, "ZWE": 1.019612007494143e-05, "ZMB": 1.801814078213307e-05, "TZA": 6.351806085319767e-05}, "Plantains and others": {"COL": 2.576618893046761e-09, "CRI": 4.033006117277917e-08, "TZA": 5.1962678373388935e-08, "ECU": 1.7076566906667864e-07}, "Oranges": {"MWI": 5.2149487893973886e-06, "ZMB": 1.7629914518156536e-05, "ZWE": 1.852832299542461e-05, "ZAF": 5.476913739656797e-05}, "Tangerines; mandarins; clementines; satsumas": {"ZWE": 1.3260226997272042e-06, "ZAF": 2.309536696598896e-06}, "Lemons and limes": {"ZWE": 5.6473720945709774e-08, "ZAF": 4.096984837317624e-06}, "Grapefruit (inc. pomelos)": {"USA": 3.5866572249644284e-09, "EGY": 4.28742617705658e-08, "ZAF": 3.242751186334571e-07}, "Apples": {"CHN": 3.521259550576757e-06, "ZAF": 0.0001039498646437}, "Pears": {"ZAF": 8.336605555287839e-06}, "Apricots": {"TUR": 1.0612296939286e-07, "ZAF": 8.246772617801183e-07}, "Cherries": {"TUR": 2.115787425729834e-09, "ZAF": 1.987771891700899e-06}, "Peaches and nectarines": {"ESP": 2.7367527654956933e-08, "ZWE": 1.84465831430434e-07, "ZAF": 3.4606362437125265e-06}, "Plums and sloes": {"ZAF": 1.4160663223010607e-05}, "Strawberries": {"EGY": 9.621705194333948e-10, "ZWE": 1.049997766150526e-08, "ZAF": 1.8874065334455608e-07}, "Currants": {"NZL": 1.6594879198904166e-08}, "Watermelons": {"ZAF": 3.312263852387104e-07}, "Melons; other (inc.cantaloupes)": {"NAM": 9.61155452327703e-09, "ZAF": 7.5400592132794304e-06}, "Figs": {"TUR": 3.0838048902955164e-08, "ZAF": 6.433766799450959e-07}, "Avocados": {"ZAF": 1.0946219296223535e-06}, "Pineapples": {"KEN": 1.8547535025517688e-06, "MWI": 1.2179639604131189e-05, "SWZ": 2.418611388731296e-05, "ZAF": 3.93744825393815e-05}, "Dates": {"ARE": 1.2113384214881562e-10, "EGY": 2.817045385541417e-09, "SAU": 3.538885155901885e-09, "NAM": 2.2223085275008523e-08, "IRN": 1.1343328078491775e-07, "PAK": 3.133862627482187e-07}, "Kiwi fruit": {"FRA": 9.96349150045056e-09, "ITA": 2.1626317521604053e-08, "GRC": 2.5211403887303156e-08, "CHL": 3.4621671720887985e-08, "NZL": 8.90308681643116e-08}, "Papayas": {"ZAF": 3.3100049918889484e-06}, "Fruit; tropical fresh nes": {"ZMB": 0.000712591914169}, "Fruit; fresh nes": {"ZMB": 0.0002039656755687, "ZAF": 0.0002340224926858}, "Coffee; green": {"VNM": 1.2840292144160669e-05, "ZMB": 9.509734789572974e-05}, "Tea": {"TZA": 7.492435899274414e-06, "ZMB": 2.5809857182165868e-05, "ZWE": 2.9886105029624857e-05, "MWI": 7.973408869431396e-05}, "Chillies and peppers; dry": {"ZMB": 9.3109042537382e-05}, "Cinnamon (cannella)": {"CHN": 1.963242981753509e-07, "IDN": 6.503170518983561e-07, "VNM": 1.0203752661157814e-06}, "Anise; badian; fennel; coriander": {"EGY": 1.3570564336874008e-07, "SYR": 5.47965815262125e-07, "IND": 7.382039656176987e-07}, "Ginger": {"THA": 1.6359447270992122e-08, "IND": 2.08990416121098e-08, "NGA": 1.1734641972537625e-07, "CHN": 1.424975709373577e-07}, "Spices nes": {"CHN": 4.359897046494469e-06, "ZWE": 1.1664483420083264e-05, "IND": 5.909818935332168e-05, "ZMB": 7.693645176720402e-05}, "Meat; cattle": {"MUS": 0.0, "ROU": 1.7128911748992805e-10, "IRL": 6.308601687264648e-09, "LTU": 1.341626796344767e-10, "NLD": 1.6738038161233176e-11, "SWE": 1.5171275037525168e-10, "DEU": 9.649064921756281e-09, "BEL": 5.157190016788073e-11, "THA": 7.77856967676509e-09, "SVK": 8.438411838109146e-12, "CAN": 9.188748207930139e-12, "DNK": 2.7786752604346883e-10, "HUN": 4.446029972218852e-11, "UKR": 1.302346067350256e-08, "POL": 5.622906021289633e-09, "GBR": 7.899421119874588e-08, "ARG": 4.0206764596744345e-06, "AUT": 2.457501086515611e-10, "FRA": 2.2374260904093678e-08,