{"Wheat": {"CAN": 1.934649099420082e-06, "USA": 0.0001718988656531}, "Barley": {"DNK": 2.209877128280965e-08, "GBR": 4.098702239428827e-07, "SWE": 1.5174785255797284e-06}, "Oats": {"FIN": 2.603452901936476e-09, "IRL": 6.0507192197773745e-09, "CAN": 1.91478037819982e-07, "GBR": 3.5632570320521146e-07}, "Potatoes": {"CAN": 5.1980211269814064e-08, "DEU": 9.520400772997777e-08, "BEL": 1.2575238327219365e-07, "NLD": 2.692042089055346e-07, "FRA": 4.2648768296268514e-07, "USA": 3.139283259063134e-06}, "Sweet potatoes": {"GRD": 0.0}, "Cassava": {"GRD": 1.2370706815305611e-09}, "Yams": {"GRD": 0.0}, "Roots and tubers nes": {"GRD": 3.705911583840039e-06}, "Beans; dry": {"GRD": 0.0, "CAN": 6.632395861659247e-08, "USA": 2.1882181109870449e-07}, "Peas; dry": {"CAN": 5.847835861658775e-07}, "Pigeon peas": {"GRD": 0.0}, "Lentils": {"CAN": 7.571238631071462e-07}, "Nuts nes": {"ISR": 2.4584215254320336e-10, "TUR": 3.197708918161621e-08, "CHN": 6.780759675305415e-08, "PHL": 8.449336230010535e-08, "ZAF": 1.8484603010846364e-07, "IDN": 2.819826984276313e-07, "THA": 3.470767493392344e-07, "MEX": 2.574063962111989e-06, "USA": 2.8998233336895407e-06}, "Soybeans": {"ARG": 8.879064122486856e-07, "BRA": 1.9088279978685265e-06, "USA": 6.9903517981918494e-06}, "Groundnuts; with shell": {"CHN": 3.666184831822334e-06, "USA": 4.710329954380749e-06}, "Coconuts": {"GRD": 0.0}, "Oil palm fruit": {"IDN": 2.300234840891079e-05}, "Olives": {"GRC": 9.536252217558392e-07, "MAR": 1.2626195209918335e-06, "TUN": 1.8799254181506216e-06, "TUR": 1.913951175581384e-06, "ITA": 2.040331486043796e-06, "ESP": 2.250860805124032e-06, "ARG": 2.4190310634525106e-06, "USA": 0.0}, "Rapeseed": {"CAN": 1.8293903451996084e-08, "USA": 3.528948723835552e-08}, "Mustard seed": {"USA": 4.618094040270068e-08, "CAN": 2.792679226640011e-07}, "Cabbages and other brassicas": {"GRD": 0.0}, "Lettuce and chicory": {"GRD": 0.0, "USA": 1.024763113149776e-07}, "Tomatoes": {"GRD": 0.0}, "Cauliflowers and broccoli": {"GRD": 0.0}, "Pumpkins; squash and gourds": {"GRD": 0.0}, "Cucumbers and gherkins": {"GRD": 0.0}, "Onions; dry": {"EGY": 5.985803361989644e-09, "NLD": 1.4151737149809262e-07, "USA": 2.205650974537299e-07}, "Carrots and turnips": {"GRD": 0.0, "CAN": 1.9699147056490237e-09, "MEX": 2.580080824766487e-07, "USA": 8.175980010242445e-07}, "Vegetables; fresh nes": {"GRD": 0.0, "GBR": 6.582983371287037e-08, "CHN": 3.168710504470308e-06, "MEX": 1.098421740950653e-05}, "Bananas": {"GRD": 0.0}, "Oranges": {"GRD": 0.0, "USA": 7.287409075326994e-07, "BLZ": 3.5682167314129385e-06}, "Lemons and limes": {"GRD": 0.0}, "Grapefruit (inc. pomelos)": {"GRD": 0.0}, "Fruit; citrus nes": {"GRD": 3.0751099575812023e-06}, "Apples": {"GRD": 0.0, "POL": 2.2953051512183492e-08, "ITA": 4.9825387209395225e-08, "GBR": 1.096036967048244e-07, "FRA": 1.2800896788344348e-07, "USA": 2.442032799146658e-07, "CHL": 6.575066210010954e-07, "ZAF": 8.145043518002045e-07}, "Plums and sloes": {"GRD": 0.0}, "Grapes": {"ESP": 4.89455081305848e-07, "TUR": 4.977737836889185e-07, "ITA": 5.1088067393646e-07, "FRA": 1.3443519236536771e-06, "USA": 2.1412328558188265e-06, "ARG": 2.5512491373079224e-06, "ZAF": 3.959918218251227e-06, "CHL": 4.547193926891058e-05}, "Watermelons": {"GRD": 0.0}, "Melons; other (inc.cantaloupes)": {"GRD": 0.0}, "Mangoes; mangosteens; guavas": {"GRD": 0.0}, "Avocados": {"GRD": 0.0}, "Pineapples": {"GRD": 0.0, "THA": 4.7539043377647744e-08, "CRI": 7.514219801473474e-07, "ZAF": 1.8393640234284305e-06}, "Fruit; tropical fresh nes": {"GRD": 0.0}, "Fruit; fresh nes": {"GRD": 0.0}, "Coffee; green": {"GUY": 3.558426074255275e-07, "BRA": 2.366367367909911e-06, "MEX": 5.03005416203871e-06, "JAM": 0.0001365978238556, "COL": 0.0001439008733569}, "Cocoa; beans": {"GRD": 0.0}, "Tea": {"TZA": 2.3679780698982e-08, "MWI": 2.7557345274922576e-08, "VNM": 5.5630236561565895e-08, "ARG": 7.965667200409532e-08, "IDN": 8.386583888198085e-08, "IND": 1.1809367567720793e-07, "CHN": 3.43063642017246e-07, "KEN": 5.823582518286844e-07, "LKA": 1.4030283000332927e-06}, "Chillies and peppers; dry": {"GRD": 0.0}, "Cinnamon (cannella)": {"GRD": 0.0}, "Cloves": {"GRD": 0.0}, "Ginger": {"GRD": 0.0, "JAM": 2.115049634693773e-05}, "Spices nes": {"GRD": 0.0, "TUR": 6.054102338438362e-08, "IND": 4.4688609851117124e-07}, "Meat; cattle": {"GRD": 1.994986059783589e-07, "GTM": 7.54776621394981e-08, "USA": 0.0038666302892449884, "ARG": 1.6346260343087552e-07, "URY": 6.01422660533126e-07, "HND": 5.070306169121099e-08, "BRA": 0.0010881660631961972, "CAN": 2.2046375797908726e-07, "MEX": 4.6411668479863633e-07, "PAN": 2.0488539289277356e-07, "SLV": 1.9536645140943824e-09, "PRY": 6.040788175013158e-07, "NIC": 7.923268706184246e-07, "AUS": 5.093951051004993e-06, "CHL": 1.3617294989471558e-08, "NZL": 1.204081162935403e-07, "IDN": 5.4539289368697354e-08, "MYS": 7.180731083249839e-08, "CRI": 1.2524808557252285e-06, "JAM": 0.0003436587341177529}, "Milk; whole fresh cow": {"GRD": 2.895076745061345e-08, "SEN": 7.006683598278049e-10, "EGY": 6.065142670609448e-11, "DNK": 1.7650209659134716e-07, "RUS": 4.038251905425829e-08, "HUN": 3.554417419153975e-08, "BLR": 2.0470463517460963e-09, "CAN": 2.111741251077455e-07, "DEU": 8.41531334111464e-06, "BGR": 7.107739057926384e-09, "UKR": 6.340772444498058e-07, "USA": 9.67099820682015e-05, "HRV": 1.5489473463081985e-09, "THA": 4.271299819681372e-09, "ROU": 3.396224892248676e-09, "FRA": 2.27538038322788e-05, "MKD": 4.4309257405866894e-10, "SRB": 1.0230705039053248e-09, "POL": 6.552193116281268e-07, "FJI": 2.1765613198275359e-10, "SLV": 3.753558283720012e-09, "TZA": 7.924475914457395e-09, "BIH": 7.277092470593722e-11, "NER": 1.4681397826909758e-09, "IDN": 1.2013325072834973e-05, "TUR": 8.706029810074555e-09, "MYS": 1.4470458879462508e-05, "ARG": 1.345631338026423e-05, "GBR": 9.471817303941014e-07, "UGA": 3.814391843368536e-09, "IND": 3.453367193365094e-08, "NLD": 1.6943840867022036e-06, "BEN": 2.9760745617209922e-08, "ITA": 5.086801000963505e-07, "SWE": 1.2679478607845505e-08, "IRL": 5.63173350026091e-08, "NZL": 0.0028420236730477624, "TUN": 2.77751579787102e-10, "PAK": 6.173314365602333e-10, "BRA": 0.00023248298392576427, "EST": 8.007468384713164e-09, "MAR": 1.4030765278868878e-09, "ZAF": 1.21431912386405e-07, "PRT": 1.592249395352828e-08, "PRY": 1.6885887724099896e-05, "GTM": 9.901405020720048e-09, "VNM": 8.587857074368337e-11, "AUS": 9.314400533271292e-05, "LBN": 5.355137569880202e-10, "SVN": 4.812487922484712e-09, "CHN": 7.083813357370294e-09, "JAM": 1.215726114142513e-10, "COL": 3.520156189009889e-08, "AUT": 8.98090192914018e-08, "NIC": 4.760269358394212e-08, "GRC": 1.7104609532431296e-08, "GHA": 2.5102090511355515e-08, "CZE": 8.015010254575467e-08, "CUB": 5.764647564517354e-09, "SVK": 1.2232594732417889e-08, "MEX": 1.3495026068567771e-07, "LAO": 3.682660270449998e-10, "URY": 1.3150535660883265e-06, "ISR": 4.2857934552001486e-10, "LVA": 8.451124856831225e-09, "LTU": 4.632360850832697e-08, "BOL": 2.8129625403854348e-06, "FIN": 5.623036471522483e-09, "CHE": 1.1062462948463986e-08, "MDA": 2.276756549656925e-09, "DZA": 5.7393970080136126e-09, "LUX": 4.833752410679214e-09, "BEL": 4.217481930299309e-07, "CHL": 0.0003095290908530486, "CRI": 5.6608186630093224e-08, "CYP": 1.3347435445611688e-09, "PER": 0.0002700391251214478, "PHL": 1.5493940047979652e-09, "ESP": 3.732933743464998e-07, "NOR": 4.937243490026124e-08, "DOM": 4.6413879738453785e-08, "ISL": 0.0}, "Meat; sheep": {"GRD": 6.861090659268279e-08, "CAN": 4.832181798208103e-08, "GUY": 3.051338290306569e-08, "GTM": 1.093846837705532e-07, "USA": 3.997698280648752e-06}, "Meat; goat": {"GRD": 1.6595992089265678e-08, "CAN": 1.1688353190410623e-08, "GUY": 7.380748723848191e-09, "GTM": 2.6458582704932865e-08, "USA": 9.669857510379129e-07}, "Meat; pig": {"BRB": 0.0, "GRD": 1.6026272677466597e-07, "USA": 3.765469869164996e-05, "CAN": 7.243040197843243e-06, "BRA": 3.971656943466235e-05, "DNK": 5.503792644739281e-07, "LTU": 8.407167249575383e-11, "DEU": 2.0403060658680313e-07, "ROU": 4.931482205762846e-10,