{"Wheat": {"CAN": 1.6030386172842426e-06, "USA": 9.203738666871742e-05}, "Barley": {"DNK": 2.09571249302193e-08, "GBR": 1.3688829886997001e-07, "SWE": 1.3772709452516892e-06}, "Oats": {"IRL": 1.343432085996518e-09, "FIN": 2.586747312165479e-09, "GBR": 1.6028820272011957e-07, "CAN": 1.608116426189901e-07}, "Potatoes": {"CAN": 4.27987879720954e-08, "DEU": 7.01681056886192e-08, "FRA": 7.0496884672868e-08, "BEL": 8.239470146436382e-08, "NLD": 1.675515480854714e-07, "USA": 1.2750444546689478e-06}, "Sweet potatoes": {"GRD": 0.0}, "Cassava": {"GRD": 3.1266920578134487e-09}, "Yams": {"GRD": 0.0}, "Roots and tubers nes": {"GRD": 9.366679276413883e-06}, "Beans; dry": {"GRD": 0.0, "CAN": 5.70035667858592e-08, "USA": 1.0075393814735277e-07}, "Peas; dry": {"CAN": 5.026049545984336e-07}, "Pigeon peas": {"GRD": 0.0}, "Lentils": {"CAN": 6.507265488371914e-07}, "Nuts nes": {"ISR": 2.2291911331739622e-10, "TUR": 2.3749010898038733e-08, "CHN": 2.8816773298736768e-08, "ZAF": 5.39247310903209e-08, "PHL": 7.590580850884347e-08, "IDN": 2.196383925503323e-07, "THA": 3.296655035373773e-07, "MEX": 1.2278831335141791e-06, "USA": 1.2498141822858775e-06}, "Soybeans": {"ARG": 5.829237806399895e-07, "BRA": 7.097441669728874e-07, "USA": 4.680528068560788e-06}, "Groundnuts; with shell": {"CHN": 1.7557819513608397e-06, "USA": 3.90839317884122e-06}, "Coconuts": {"GRD": 0.0}, "Oil palm fruit": {"IDN": 1.808384168535612e-05}, "Olives": {"ARG": 3.870885675476897e-07, "GRC": 3.917877673149889e-07, "MAR": 4.585305341124145e-07, "TUR": 1.332398019854655e-06, "ITA": 1.4234414765648125e-06, "TUN": 1.5163509971160526e-06, "ESP": 1.538757146281958e-06, "USA": 0.0}, "Rapeseed": {"USA": 1.4786188129361215e-08, "CAN": 1.6220875646089005e-08}, "Mustard seed": {"USA": 2.3741122063296472e-08, "CAN": 2.340619767066216e-07}, "Cabbages and other brassicas": {"GRD": 0.0}, "Lettuce and chicory": {"GRD": 0.0, "USA": 4.1618934306878994e-08}, "Tomatoes": {"GRD": 0.0}, "Cauliflowers and broccoli": {"GRD": 0.0}, "Pumpkins; squash and gourds": {"GRD": 0.0}, "Cucumbers and gherkins": {"GRD": 0.0}, "Onions; dry": {"EGY": 5.985803361989644e-09, "NLD": 8.67834825295943e-08, "USA": 8.95785980537677e-08}, "Carrots and turnips": {"GRD": 0.0, "CAN": 1.6648290276466442e-09, "MEX": 1.3344423991994237e-07, "USA": 3.320529111305966e-07}, "Vegetables; fresh nes": {"GRD": 0.0, "GBR": 3.74727333022832e-08, "CHN": 1.7435360019181735e-06, "MEX": 5.681141959805308e-06}, "Bananas": {"GRD": 0.0}, "Oranges": {"GRD": 0.0, "USA": 3.14084899885063e-07, "BLZ": 2.619610988808e-06}, "Lemons and limes": {"GRD": 0.0}, "Grapefruit (inc. pomelos)": {"GRD": 0.0}, "Fruit; citrus nes": {"GRD": 7.772330251474531e-06}, "Apples": {"GRD": 0.0, "POL": 1.805508531339767e-08, "FRA": 2.447380694487158e-08, "GBR": 2.8771027386261247e-08, "ITA": 3.7585677208987714e-08, "USA": 1.0525079892013633e-07, "CHL": 1.9972017045741733e-07, "ZAF": 2.376135863829465e-07}, "Plums and sloes": {"GRD": 0.0}, "Grapes": {"FRA": 2.570242537649759e-07, "ESP": 3.2099289784450253e-07, "TUR": 3.696907791213972e-07, "ITA": 3.853817737971365e-07, "USA": 9.228642171707458e-07, "ZAF": 1.155218345417323e-06, "ARG": 1.2786096201799323e-06, "CHL": 1.3812276822382024e-05}, "Watermelons": {"GRD": 0.0}, "Melons; other (inc.cantaloupes)": {"GRD": 0.0}, "Mangoes; mangosteens; guavas": {"GRD": 0.0}, "Avocados": {"GRD": 0.0}, "Pineapples": {"GRD": 0.0, "THA": 4.515422799889024e-08, "CRI": 3.2869985742578545e-07, "ZAF": 5.36593673569229e-07}, "Fruit; tropical fresh nes": {"GRD": 0.0}, "Fruit; fresh nes": {"GRD": 0.0}, "Coffee; green": {"GUY": 1.7175139837773225e-07, "BRA": 9.050390963979652e-07, "MEX": 3.2575136198975404e-06, "COL": 1.967054378496205e-05, "JAM": 7.202491498263771e-05}, "Cocoa; beans": {"GRD": 0.0}, "Tea": {"TZA": 1.0799707816289984e-08, "MWI": 2.016576131189192e-08, "VNM": 5.3124707470357134e-08, "ARG": 6.22516391701785e-08, "IDN": 6.685318702429055e-08, "IND": 1.0992959615526153e-07, "CHN": 1.700877495358172e-07, "KEN": 3.350280954563437e-07, "LKA": 1.191222495746758e-06}, "Chillies and peppers; dry": {"GRD": 0.0}, "Cinnamon (cannella)": {"GRD": 0.0}, "Cloves": {"GRD": 0.0}, "Ginger": {"GRD": 0.0, "JAM": 1.1096849756803189e-05}, "Spices nes": {"GRD": 0.0, "TUR": 4.0441924348477846e-08, "IND": 4.1595117670612483e-07}, "Meat; cattle": {"GRD": 5.042320670680119e-07, "GTM": 4.904098607226943e-08, "URY": 1.3808102487163662e-07, "USA": 0.0038589903909685263, "ARG": 9.543791888964576e-08, "BRA": 0.0009829403929255678, "HND": 3.269819611340599e-08, "PAN": 8.612407662003726e-08, "CAN": 1.9021206244720224e-07, "MEX": 2.7348853546815016e-07, "PRY": 2.2294843035141707e-07, "NIC": 2.999820108289265e-07, "SLV": 1.1831016378974763e-09, "AUS": 2.7177473535608107e-06, "CHL": 3.439104858097795e-09, "NZL": 2.5601788368315533e-08, "IDN": 4.2877355696137414e-08, "CRI": 5.456171257455197e-07, "MYS": 6.731922768078658e-08, "JAM": 0.0003435234303131604}, "Milk; whole fresh cow": {"GRD": 7.3172969020203e-08, "SEN": 4.009261991708104e-10, "EGY": 6.065142670609448e-11, "RUS": 2.921858184320282e-08, "DNK": 1.9634011633836777e-07, "BLR": 1.4497711324098566e-09, "FRA": 1.7641132323641474e-05, "HUN": 3.2046448914568147e-08, "MKD": 1.46504525806479e-10, "USA": 9.161362461893975e-05, "DEU": 7.953487491993689e-06, "BGR": 4.991687544478457e-09, "CAN": 1.8272746514131788e-07, "HRV": 9.982590774875258e-10, "UKR": 5.190171274779663e-07, "BIH": 2.4549770908009033e-11, "ROU": 2.5039799831018836e-09, "THA": 4.0583474494591246e-09, "TZA": 3.7396758195850346e-09, "SLV": 2.2745821492931867e-09, "SRB": 8.590262535925926e-10, "GBR": 7.412427353637779e-07, "POL": 5.381778152697862e-07, "FJI": 1.5807213697658566e-10, "ARG": 8.515931310050006e-06, "TUR": 6.046468267097454e-09, "NER": 1.2288945261129776e-09, "IDN": 9.444539236977178e-06, "IRL": 1.264182666362699e-08, "MYS": 1.3566029762962833e-05, "NLD": 1.6705049614723175e-06, "UGA": 2.7642382109951976e-09, "NZL": 0.0028234878819301235, "BEN": 2.265771096863935e-08, "IND": 3.208185759205855e-08, "BRA": 0.00013285003691291058, "ITA": 4.2236159574157067e-07, "SWE": 1.1491735207415793e-08, "COL": 4.7088267196083226e-09, "PRY": 6.226981467454734e-06, "ZAF": 4.6831425695651984e-08, "MAR": 8.332653188456707e-10, "EST": 5.418345259560004e-09, "TUN": 2.1507941285403745e-10, "PAK": 5.717844383499925e-10, "PRT": 9.202531390302478e-09, "AUS": 4.782989369022448e-05, "GTM": 6.516663364991767e-09, "CHN": 3.7753759415532714e-09, "JAM": 6.366098166457609e-11, "NIC": 1.7996522992751382e-08, "LBN": 3.5160480880968294e-10, "URY": 3.019162568332867e-07, "VNM": 8.117880082647843e-11, "GRC": 8.237490977207742e-09, "GHA": 1.334799933055216e-08, "AUT": 7.218763429676536e-08, "CUB": 3.3548932096464715e-09, "CZE": 6.148295369400335e-08, "CHL": 0.0002874171231528328, "MEX": 7.952195880710508e-08, "SVN": 2.2420804325142343e-09, "LAO": 2.8725046480063703e-10, "LVA": 7.3016478270327885e-09, "CHE": 4.503766080412208e-09, "LUX": 2.1883230612857846e-09, "ISR": 3.579366605558363e-10, "BOL": 1.339674159365884e-06, "CRI": 2.5325649935131668e-08, "SVK": 9.838009158458458e-09, "LTU": 4.322476152011996e-08, "DZA": 3.629633787124943e-09, "PER": 0.0002634806629240432, "BEL": 4.1166426728781527e-07, "FIN": 5.589155651835799e-09, "MDA": 1.933658396624363e-09, "NOR": 2.0825615297032e-09, "CYP": 1.3123275122942227e-09, "PHL": 1.3919200447393932e-09, "ESP": 2.5241269458966855e-07, "DOM": 2.935782535868972e-08, "ISL": 0.0}, "Meat; sheep": {"GRD": 1.7341383958538348e-07, "GUY": 1.5632026243861946e-08, "CAN": 4.129132639266997e-08, "GTM": 6.76151031800328e-08, "USA": 2.3341686969954907e-06}, "Meat; goat": {"GRD": 4.194631513927758e-08, "GUY": 3.7811624531134364e-09, "CAN": 9.987778331457252e-09, "GTM": 1.6355121557457693e-08, "USA": 5.646018563829896e-07}, "Meat; pig": {"BRB": 0.0, "GRD": 4.050635120944749e-07, "USA": 2.3617056283686283e-05, "CAN": 6.242020624460618e-06, "BRA": 1.4025030532217066e-05, "DNK": 6.207622509444198e-07, "LTU": 7.28162928803223e-11, "CHE": 8.467903949747317e-12, "ROU": 3.609228277140646e-10,