{"Wheat": {"RUS": 2.779098578623616e-06, "BGR": 5.837816724665974e-06, "CAN": 1.2028811877860489e-05, "CHN": 2.8268638648229056e-05, "UKR": 4.279860867866107e-05, "IND": 6.66576060552053e-05, "USA": 0.0002517610844755, "AUS": 0.0029406099936985}, "Rice; paddy": {"LAO": 0.0018069911556733}, "Barley": {"DEU": 3.1878574296060123e-06, "DNK": 2.136560864556313e-05, "FRA": 3.445484919633352e-05, "USA": 8.54721989091959e-05, "AUS": 0.0020103552777334}, "Maize": {"LAO": 0.0121675123056169}, "Potatoes": {"LAO": 0.0003411873558569}, "Cassava": {"LAO": 0.0001244002652483}, "Beans; dry": {"LAO": 0.0034038856249595}, "Peas; dry": {"CAN": 8.889274236593429e-08, "USA": 6.0606530651204885e-06}, "Lentils": {"CAN": 2.6945912334801373e-07, "USA": 3.363919736113739e-05}, "Pulses nes": {"LAO": 0.0038658157189499}, "Brazil nuts; with shell": {"PER": 4.3806224177156265e-07, "BOL": 1.5316048047375166e-06}, "Walnuts; with shell": {"UKR": 2.8265854266581345e-07, "USA": 3.785061092249545e-06, "TUR": 3.5757506477148256e-05}, "Nuts nes": {"USA": 1.6474807424157531e-06, "AUS": 2.888543596355266e-06, "MEX": 3.023749816774164e-06, "CHN": 4.015635156156427e-06, "IDN": 1.566787592325812e-05, "THA": 9.192829448515512e-05}, "Soybeans": {"ARG": 1.842792108345524e-05, "BRA": 0.0001254431583681, "LAO": 0.0057377001802234}, "Groundnuts; with shell": {"LAO": 0.0069200815386761}, "Coconuts": {"MYS": 2.10053242025792e-06, "IDN": 4.406779541046931e-06, "THA": 6.110888739677351e-05}, "Oil palm fruit": {"IDN": 1.0845395854832212e-05, "MYS": 1.47663963958331e-05, "THA": 0.000363090617797}, "Olives": {"TUR": 1.649256714760203e-07, "TUN": 3.25229620567488e-07, "GRC": 3.514257282741231e-07, "ITA": 8.820810210938781e-07, "SYR": 1.2168799649751563e-06, "ESP": 3.178406023506485e-06}, "Sunflower seed": {"ROU": 5.54062012109996e-07, "MDA": 6.479804541982563e-07, "BGR": 1.0002976095076195e-06, "RUS": 1.9902910535627465e-06, "UKR": 2.100483973017352e-06, "TUR": 1.2894909549330078e-05}, "Sesame seed": {"LAO": 0.0147147888180556}, "Mustard seed": {"RUS": 2.652468486854434e-08, "FRA": 3.1566891800741986e-07, "USA": 3.54606534180743e-07, "CAN": 6.782465051866313e-07}, "Lettuce and chicory": {"CHN": 1.6528336333657471e-06, "THA": 2.8410805523194667e-05}, "Spinach": {"CHN": 3.608475473238672e-07}, "Tomatoes": {"USA": 1.464049061586622e-08, "ITA": 3.55763852212302e-08, "CHN": 3.78662229774675e-07, "THA": 2.2322163917594208e-06}, "Eggplants (aubergines)": {"THA": 5.447538087773068e-07}, "Chillies and peppers; green": {"LAO": 0.0096386275225802}, "Carrots and turnips": {"CHN": 9.69485879355013e-06}, "Mushrooms and truffles": {"THA": 1.2688718746214534e-07, "CHN": 7.737457815244832e-07}, "Vegetables; fresh nes": {"LAO": 0.1902977054756892}, "Bananas": {"LAO": 0.0340770509134039}, "Oranges": {"THA": 0.0002413461763992, "LAO": 0.0070355680027986}, "Tangerines; mandarins; clementines; satsumas": {"LAO": 0.0063240896918568}, "Lemons and limes": {"THA": 1.6166362390218796e-05, "LAO": 0.0011086607221824}, "Grapefruit (inc. pomelos)": {"THA": 5.301276517661893e-05, "LAO": 0.0020952553441258}, "Apples": {"USA": 1.885568687837646e-06, "NZL": 5.371446027674845e-06, "CHN": 5.658811018082842e-05}, "Pears": {"CHN": 4.954749160553306e-06}, "Plums and sloes": {"FRA": 7.292325105222864e-08, "ESP": 1.3602139855963285e-07, "ZAF": 7.03088147065904e-07, "ARG": 7.537448349656211e-07, "CHN": 9.963070428139434e-07, "CHL": 1.8267663794673853e-06, "USA": 2.119748289849143e-06}, "Fruit; stone nes": {"LAO": 0.0006510270327415}, "Grapes": {"ESP": 5.384207518375642e-07, "ITA": 6.454889699653244e-07, "USA": 1.403146366182105e-06, "FRA": 2.352607077409141e-06, "AUS": 3.5050284891350863e-06, "PER": 4.718177801255114e-06, "CHN": 5.432645914079924e-06, "ZAF": 5.742637018555676e-06, "THA": 1.1536530088522267e-05, "CHL": 2.506881865958336e-05}, "Watermelons": {"LAO": 0.0072734850089917}, "Melons; other (inc.cantaloupes)": {"LAO": 0.0021145731880311}, "Mangoes; mangosteens; guavas": {"THA": 3.0066495330401736e-05, "LAO": 0.0004292625035491}, "Pineapples": {"LAO": 0.0050931706233928}, "Papayas": {"THA": 0.0003304422904723}, "Fruit; tropical fresh nes": {"THA": 0.0002428684872252}, "Fruit; fresh nes": {"THA": 0.0001363940443413, "LAO": 0.0094336997807785}, "Coffee; green": {"IDN": 0.0013231845849634, "THA": 0.0021393605527021, "LAO": 0.0823196014801947}, "Cocoa; beans": {"NGA": 9.914381564419071e-07, "CMR": 2.123802489403565e-06, "PNG": 6.383938299353884e-06, "CIV": 7.374071734332564e-06, "GHA": 1.7556305170912238e-05, "IDN": 1.8222439846865537e-05}, "Tea": {"THA": 0.0002180514283846, "LAO": 0.0036374815085171}, "Chillies and peppers; dry": {"LAO": 0.0037289167590954}, "Vanilla": {"COM": 0.0, "MDG": 0.019902850287866}, "Nutmeg; mace and cardamoms": {"LAO": 0.01125650065842}, "Spices nes": {"ESP": 1.060813400237358e-06, "CHN": 1.797641611067209e-06, "MMR": 5.613150206275812e-06, "IND": 7.668898145758553e-06, "THA": 0.0001786555677221}, "Meat; cattle": {"ARE": 8.257058435155589e-14, "SVN": 8.808144639376389e-11, "AUT": 3.4863483757827544e-09, "ALB": 5.282599797925209e-10, "DEU": 2.4980333860943322e-08, "RUS": 7.166734056927493e-09, "FIN": 3.782615199600392e-11, "ROU": 5.691495594641917e-09, "SRB": 2.872299901784767e-10, "POL": 4.215009983691597e-08, "LVA": 1.231860308952601e-10, "LTU": 2.531265732706882e-09, "BGR": 3.157824230585188e-09, "VNM": 1.411522682631966e-08, "UKR": 6.787064411297894e-08, "SWE": 4.671101361082236e-09, "CZE": 1.581601548094926e-10, "FRA": 3.390937389759994e-07, "DNK": 6.217613298596521e-10, "ITA": 3.4790339030121905e-07, "HRV": 4.2256853705492624e-10, "USA": 4.118280208932245e-05, "HUN": 6.308561503141684e-09, "OMN": 1.4692932375675106e-11, "FJI": 7.845077415484431e-10, "CAN": 6.06906471256925e-08, "NLD": 1.0531980037544515e-10, "IDN": 2.8534845942033532e-06, "GBR": 3.043380839675311e-08, "ARG": 0.0001518918546662024, "THA": 0.00853839525526496, "VUT": 7.328262585003351e-10, "BEL": 3.6961755686104345e-10, "ESP": 3.272598511934466e-07, "HND": 1.472563227808431e-08, "IND": 0.00025737251641962117, "BRA": 0.0014966033060726852, "PHL": 6.741254692219684e-08, "PRT": 1.1860413872309093e-10, "SVK": 1.2466687692518854e-10, "MYS": 3.739018374011847e-06, "COL": 4.082748538572681e-08, "PRY": 1.1834319501705385e-06, "LBN": 1.700442019445557e-09, "URY": 7.714613580646576e-07, "IRL": 8.088206391191333e-09, "AUS": 0.0010409060865632538, "CHL": 9.031416349859594e-09, "ZMB": 5.507712378327997e-10, "SLV": 5.674005527418234e-10, "ZAF": 1.3526866354468243e-05, "BOL": 6.02499511421522e-10, "CHN": 5.916136160311295e-08, "NIC": 3.0681945038688453e-07, "MEX": 7.021768554775015e-07, "NAM": 1.994248649443059e-09, "CRI": 3.3860640471438385e-07, "MWI": 3.0893687490425435e-09, "TUR": 2.0361555953647994e-06, "PAN": 1.9041481783576397e-06, "GTM": 1.889455485359017e-08, "PAK": 3.184824385591462e-06, "NZL": 6.251029326597388e-06, "LAO": 0.8875887181584285, "NPL": 0.0005520299945031943, "ISL": 0.0}, "Milk; whole fresh cow": {"THA": 0.0007057594994472494, "SEN": 4.243202913908116e-10, "EGY": 1.7454018364024098e-10, "DNK": 6.572106890850801e-08, "KAZ": 1.0973276519466359e-10, "RUS": 2.48694596033473e-08, "DEU": 8.258646881407694e-06, "ROU": 5.45885419607e-09, "CAN": 1.2998082389861768e-06, "USA": 0.00051373351386655, "HUN": 4.3427508660051713e-08, "FRA": 4.249422516777254e-05, "BGR": 1.3346503827868303e-08, "UKR": 4.4902580865811424e-07, "POL": 2.618051561243381e-06, "HRV": 1.9931920282746154e-09, "IDN": 1.9160825355324056e-05, "MYS": 2.454687040530867e-05, "ARM": 1.660396428668579e-10, "MKD": 5.366680755611347e-10, "GBR": 2.5355521504106094e-07, "BLR": 6.099924116906008e-09, "MDG": 9.27599219412624e-09, "ARG": 7.601882038371287e-05, "SRB": 1.5181890017594886e-09, "UGA": 1.5399809203644507e-09, "IND": 5.0946678786110795e-06, "TZA": 7.998353481544474e-09, "HND": 1.1227408983088955e-09, "BIH": 8.813921605820204e-11, "IRN": 1.2851874031894493e-10, "NZL": 0.0049547261230547405, "NLD": 6.916090085828603e-07, "BOL": 9.893710146614059e-09, "FJI": 4.6133908028922553e-10,