{"Wheat": {"RUS": 1.946140821946099e-06, "BGR": 4.088750054224833e-06, "CAN": 9.967001233473187e-06, "CHN": 1.625881638008498e-05, "UKR": 3.458906389163825e-05, "IND": 6.370302410212241e-05, "USA": 0.0001347968888099, "AUS": 0.0016398485519267}, "Rice; paddy": {"LAO": 0.0013962282521556}, "Barley": {"DEU": 2.3217288073840114e-06, "FRA": 1.1795115341026242e-05, "DNK": 2.026183826534954e-05, "USA": 2.7486394291581973e-05, "AUS": 0.0011434379313427}, "Maize": {"LAO": 0.0092203105032765}, "Potatoes": {"LAO": 0.000266128883352}, "Cassava": {"LAO": 0.0003144212591479}, "Beans; dry": {"LAO": 0.0026393180404599}, "Peas; dry": {"CAN": 7.640079817200525e-08, "USA": 2.790556667956072e-06}, "Lentils": {"CAN": 2.3159249619917718e-07, "USA": 1.5488774145653233e-05}, "Pulses nes": {"LAO": 0.002997491188688}, "Brazil nuts; with shell": {"BOL": 1.551639227628858e-07, "PER": 1.881139538433365e-07}, "Walnuts; with shell": {"UKR": 2.3119415753889026e-07, "USA": 1.6313487028511586e-06, "TUR": 2.6556682698333183e-05}, "Nuts nes": {"USA": 7.100587035742913e-07, "MEX": 1.4423928288624451e-06, "AUS": 1.5552134815671534e-06, "CHN": 1.7065587557515834e-06, "IDN": 1.2203823502829704e-05, "THA": 8.731667433349202e-05}, "Soybeans": {"ARG": 1.209820458453278e-05, "BRA": 4.664252098036026e-05, "LAO": 0.0047268082707813}, "Groundnuts; with shell": {"LAO": 0.0051129981188019}, "Coconuts": {"MYS": 1.9775352059944195e-06, "IDN": 3.432472914531111e-06, "THA": 5.80433352928978e-05}, "Oil palm fruit": {"IDN": 8.526365141822932e-06, "MYS": 1.384347066435392e-05, "THA": 0.0003474945914784}, "Olives": {"TUR": 1.1481308452452989e-07, "GRC": 1.443798866855207e-07, "TUN": 2.623307577405568e-07, "ITA": 6.153856467461858e-07, "SYR": 8.446772488133498e-07, "ESP": 2.172855367743063e-06}, "Sunflower seed": {"ROU": 4.208407353413001e-07, "MDA": 5.513336940133288e-07, "BGR": 6.969121606844417e-07, "RUS": 1.4402833479823044e-06, "UKR": 1.7078996690045189e-06, "TUR": 8.7558987894408e-06}, "Sesame seed": {"LAO": 0.0114721135363959}, "Mustard seed": {"RUS": 1.5939715670050546e-08, "FRA": 6.142018765641883e-08, "USA": 1.822993845299693e-07, "CAN": 5.684566855511779e-07}, "Lettuce and chicory": {"CHN": 9.094472154805226e-07, "THA": 2.6892954405517727e-05}, "Spinach": {"CHN": 1.985510159654693e-07}, "Tomatoes": {"USA": 5.945975312180835e-09, "ITA": 2.6673449270109745e-08, "CHN": 2.0835328101047864e-07, "THA": 2.1129599299050498e-06}, "Eggplants (aubergines)": {"THA": 5.15650263056424e-07}, "Chillies and peppers; green": {"LAO": 0.0072772241661939}, "Carrots and turnips": {"CHN": 5.334452395137075e-06}, "Mushrooms and truffles": {"THA": 1.2010822235497636e-07, "CHN": 4.257421511106968e-07}, "Vegetables; fresh nes": {"LAO": 0.1436759598619925}, "Bananas": {"LAO": 0.0269190512428235}, "Oranges": {"THA": 0.0002292389476418, "LAO": 0.0054766973009386}, "Tangerines; mandarins; clementines; satsumas": {"LAO": 0.004922861229187}, "Lemons and limes": {"THA": 1.5355370268637987e-05, "LAO": 0.0008630147818084}, "Grapefruit (inc. pomelos)": {"THA": 5.035335832530007e-05, "LAO": 0.0016310096474636}, "Apples": {"USA": 8.126738137303244e-07, "NZL": 1.1209506738012987e-06, "CHN": 2.404873230389813e-05}, "Pears": {"CHN": 2.10566205187533e-06}, "Plums and sloes": {"FRA": 1.394206669699646e-08, "ESP": 8.920512741645315e-08, "ZAF": 2.051103788438077e-07, "ARG": 3.777543255398894e-07, "CHN": 4.234091099447657e-07, "CHL": 5.548873289482777e-07, "USA": 9.13604440915686e-07}, "Fruit; stone nes": {"LAO": 0.0005067789823984}, "Grapes": {"ESP": 3.531054104716893e-07, "FRA": 4.497907637383337e-07, "ITA": 4.869232619331034e-07, "USA": 6.047514025780435e-07, "ZAF": 1.6752870310129422e-06, "AUS": 1.8871335597835315e-06, "PER": 2.026093546754013e-06, "CHN": 2.308757915259672e-06, "CHL": 7.614750294430468e-06, "THA": 1.0957795380841072e-05}, "Watermelons": {"LAO": 0.0056618990394688}, "Melons; other (inc.cantaloupes)": {"LAO": 0.0016460472369708}, "Mangoes; mangosteens; guavas": {"THA": 2.8558197406110803e-05, "LAO": 0.0003341508167708}, "Pineapples": {"LAO": 0.0039646768811359}, "Papayas": {"THA": 0.0003138655190415}, "Fruit; tropical fresh nes": {"THA": 0.0002306848911282}, "Fruit; fresh nes": {"THA": 0.000129551781826, "LAO": 0.0073434750551347}, "Coffee; green": {"IDN": 0.0010547692326872, "THA": 0.0020480618516439, "LAO": 0.0642971383074757}, "Cocoa; beans": {"NGA": 5.563429462044739e-07, "CMR": 1.6635501122926794e-06, "CIV": 3.425442229146207e-06, "PNG": 4.796002838957063e-06, "GHA": 1.0064793702456248e-05, "IDN": 1.4525916575349858e-05}, "Tea": {"THA": 0.0002087459318659, "LAO": 0.0028411173941394}, "Chillies and peppers; dry": {"LAO": 0.0028153555150298}, "Vanilla": {"COM": 0.0, "MDG": 0.0042550812472659}, "Nutmeg; mace and cardamoms": {"LAO": 0.0087759229964248}, "Spices nes": {"CHN": 6.488995328237685e-07, "ESP": 6.616802386256883e-07, "MMR": 5.470838495368174e-06, "IND": 7.138031857323368e-06, "THA": 0.0001706372906543}, "Meat; cattle": {"ARE": 5.885932069953827e-14, "ALB": 2.7764131200727574e-10, "AUT": 2.8033291418719233e-09, "RUS": 4.80975934312473e-09, "DEU": 2.1320852878459642e-08, "ROU": 3.916869224973785e-09, "SVN": 4.05728831812621e-11, "FRA": 8.299382219175632e-08, "FIN": 3.759823672770678e-11, "LVA": 1.0499689674793437e-10, "SRB": 2.413534990688528e-10, "POL": 3.4674596693450675e-08, "BGR": 2.2099041777180606e-09, "OMN": 5.100593922850733e-12, "LTU": 2.2613221686724613e-09, "UKR": 5.5292049117176614e-08, "CZE": 1.2126247211278854e-10, "SWE": 4.2334157879820045e-09, "HRV": 2.726582882788864e-10, "USA": 2.4604902057433554e-05, "GBR": 1.2567479968761839e-08, "ITA": 2.8880022055966193e-07, "FJI": 5.69746544383041e-10, "DNK": 7.172535857219362e-10, "NLD": 6.972844420513045e-11, "ARG": 9.887894493656725e-05, "HUN": 5.6995858168263195e-09, "CAN": 5.337274511443015e-08, "IDN": 2.243174381568111e-06, "VNM": 1.344512705046459e-08, "COL": 5.4613927016955725e-09, "BEL": 2.4567544816570375e-10, "BRA": 0.0005561937829030089, "ESP": 2.2108983249334968e-07, "HND": 9.496499739110765e-09, "URY": 1.7712032146578094e-07, "IRL": 1.815548822928665e-09, "PRY": 4.5034682708946493e-07, "PRT": 6.854811732700089e-11, "IND": 0.00023954352983202536, "THA": 0.008377709252055558, "VUT": 6.876072004979543e-10, "SVK": 9.620142622026424e-11, "PHL": 6.063764231489223e-08, "CHL": 2.3659776958265783e-09, "ZMB": 1.1324322422755872e-10, "MYS": 3.5053231530964196e-06, "LBN": 1.109617208593925e-09, "NAM": 2.0557913912939398e-10, "AUS": 0.0005638120098312531, "ZAF": 5.150767950052487e-06, "CHN": 3.127542794047833e-08, "SLV": 3.4360685698586354e-10, "NIC": 1.1616457689570042e-07, "BOL": 4.1828169352792325e-10, "CRI": 1.5209616600567476e-07, "MEX": 4.1376948111117996e-07, "MWI": 2.1416041817461366e-09, "PAN": 8.004133495968803e-07, "TUR": 1.4141822627957728e-06, "GTM": 1.2111722023095285e-08, "PAK": 2.949846346059699e-06, "NZL": 1.329125766850536e-06, "LAO": 0.8832792565072868, "NPL": 0.00038330447331270565, "ISL": 0.0}, "Milk; whole fresh cow": {"THA": 0.000667464385130715, "SEN": 2.4279834999282294e-10, "EGY": 1.7454018364024098e-10, "KAZ": 5.592136814993048e-11, "DNK": 7.589217306135663e-08, "FRA": 4.499395924933641e-05, "RUS": 1.7915823918681684e-08, "DEU": 7.940899307008784e-06, "ROU": 4.018857961055291e-09, "USA": 0.0004870684014172791, "CAN": 1.1267578937676456e-06, "BGR": 9.364912078588197e-09, "HUN": 3.9153325111571015e-08, "UKR": 3.6735876531987865e-07, "GBR": 1.0423941420260163e-07, "MKD": 1.774444134898754e-10, "POL": 2.156858659225712e-06, "ARM": 6.813440641829112e-11, "HRV": 1.2848050270894461e-09, "NZL": 0.004922411162585706, "BIH": 2.973436947495361e-11, "BOL": 5.1729641457979394e-09, "IDN": 1.5060038293682707e-05, "ARG": 4.976134467174643e-05, "BLR": 4.168303205523534e-09, "TZA": 3.774539721529803e-09, "MYS": 2.3012647855876302e-05, "UGA": 1.1160033575668697e-09, "HND": 7.240434784830439e-10, "SRB": 1.2750409859631142e-09, "IRN": 6.077794472818884e-11, "IND": 4.746928911739481e-06, "NLD": 6.818596251020128e-07, "BRA": 0.00017837941140743833,