{"Wheat": {"KAZ": 0.0007192765966573, "TKM": 0.156039766057145}, "Rice; paddy": {"RUS": 1.562224691942107e-07, "KAZ": 2.387471035491285e-07, "TKM": 5.734033930183228e-05}, "Maize": {"TKM": 0.0001403974722406}, "Oats": {"RUS": 2.9587705593164528e-06}, "Grain; mixed": {"GBR": 5.430894183560981e-09, "LVA": 1.1602856891581833e-07, "UKR": 3.046231058454473e-07}, "Potatoes": {"TKM": 0.013238245056603}, "Beans; dry": {"CHN": 1.100934364794314e-05, "CAN": 1.7635636518208306e-05, "USA": 5.829670492713007e-05}, "Peas; dry": {"KAZ": 7.645312153980904e-06, "UKR": 9.775244703236432e-06, "RUS": 1.1870103351186216e-05, "TKM": 0.0018224974345951}, "Chick peas": {"AUS": 1.5586770500040655e-05, "IND": 1.969737324654932e-05}, "Lentils": {"RUS": 4.214504072831649e-07, "CAN": 2.935776463462364e-06, "TUR": 6.267759482337813e-05}, "Almonds; with shell": {"TUR": 9.39345091055414e-07, "TKM": 0.0004858402857875}, "Walnuts; with shell": {"UZB": 2.5060623945964985e-07, "USA": 1.628686930125687e-06, "CHL": 9.38245354811856e-06, "TUR": 4.515410460366205e-05}, "Pistachios": {"TUR": 2.2971355260932503e-05}, "Hazelnuts; with shell": {"TUR": 2.702409346503821e-06}, "Nuts nes": {"RUS": 2.0223199781788757e-07, "LBN": 9.471711426811036e-07, "CHN": 3.9176011276781565e-06, "IRN": 5.764799320009563e-06, "ESP": 6.64634292575523e-06, "MEX": 9.266823797381582e-06, "USA": 9.67837702663996e-06, "TUR": 2.794037575191428e-05, "TKM": 3.204163599882806e-05}, "Soybeans": {"UKR": 4.760722835374835e-05}, "Groundnuts; with shell": {"TUR": 2.063164509940689e-05, "CHN": 0.0001062384868795}, "Coconuts": {"PNG": 1.357675697780628e-07, "IND": 2.4603045509740884e-07, "CIV": 5.991303919504429e-07, "IDN": 1.415745902263575e-06, "PHL": 2.6358872937755152e-05}, "Olives": {"GRC": 9.955677718978398e-07, "ITA": 2.139678210955218e-06, "ESP": 1.5478532937665383e-05, "TUR": 2.8510010075892204e-05}, "Castor oil seed": {"IND": 1.9038599480252709e-06}, "Sunflower seed": {"TUR": 1.7014045159476683e-05, "UKR": 6.728365752498718e-05, "RUS": 0.0002631656187059}, "Rapeseed": {"BLR": 4.4232423081990375e-08, "RUS": 6.404966896503338e-08}, "Mustard seed": {"CAN": 1.5573814269470338e-08, "RUS": 5.447931741498677e-07, "UKR": 9.699847788743888e-07}, "Linseed": {"KAZ": 8.143054392014987e-09, "UKR": 1.1670667211818504e-08, "RUS": 8.90372493582588e-08}, "Oilseeds nes": {"RUS": 1.840264890530015e-07, "AZE": 1.1634839893009265e-05}, "Cabbages and other brassicas": {"TKM": 0.0009542901048261}, "Tomatoes": {"TKM": 0.0023310981194993}, "Cauliflowers and broccoli": {"TUR": 2.4599097965489395e-08}, "Pumpkins; squash and gourds": {"TUR": 4.5199563035592704e-10}, "Cucumbers and gherkins": {"TKM": 0.0002748309081202}, "Onions; dry": {"TJK": 1.412549457351762e-05, "KAZ": 1.6623619922329612e-05, "TKM": 0.0008657225797937}, "Garlic": {"TKM": 6.563363776805642e-05}, "Carrots and turnips": {"TKM": 0.0005029728263703}, "Maize; green": {"UKR": 2.3452546212706374e-08, "HUN": 4.3743855153790215e-08, "USA": 1.2058688329497337e-07, "CHN": 4.43858698952772e-06, "THA": 9.463408694670118e-06}, "Mushrooms and truffles": {"CHN": 3.7964073866553926e-07}, "Vegetables; fresh nes": {"TUR": 6.50876747472806e-06, "CHN": 3.338451797699102e-05, "TKM": 0.0003646488277524}, "Oranges": {"EGY": 1.2654197539913898e-07, "ZAF": 2.456464092543352e-06, "TUR": 1.8560176998210625e-05}, "Tangerines; mandarins; clementines; satsumas": {"TUR": 3.023532210774108e-05}, "Lemons and limes": {"TUR": 1.3431321280247092e-06}, "Grapefruit (inc. pomelos)": {"ISR": 1.2776358371468407e-09, "CYP": 1.0907455671923473e-08, "CHN": 4.808918041202838e-08, "ZAF": 2.751180842625456e-07, "TUR": 5.582737018782579e-07}, "Apples": {"TUR": 8.576663835520437e-06, "TKM": 0.0016517657497569}, "Pears": {"TUR": 1.4642274449764054e-05}, "Quinces": {"TUR": 9.613865281265793e-08}, "Apricots": {"TUR": 3.102977330238696e-05, "TKM": 0.0008789621109956}, "Cherries": {"TUR": 1.3610785149770044e-06}, "Peaches and nectarines": {"TUR": 7.040557981878392e-06, "TKM": 0.0006590374247245}, "Plums and sloes": {"TKM": 0.0005740492244017}, "Strawberries": {"TUR": 3.3635601846137534e-08}, "Grapes": {"TKM": 0.006745586333809}, "Watermelons": {"TKM": 0.0060167813171509}, "Figs": {"TUR": 5.550564095419056e-07}, "Mangoes; mangosteens; guavas": {"ISR": 2.80989924468006e-09, "MLI": 3.1203073588947426e-08, "SEN": 6.240536338115682e-08, "MEX": 5.300846313348079e-07, "DOM": 1.364897874879447e-06, "ECU": 2.7813238684848723e-06, "BRA": 3.179478377501592e-06, "CRI": 4.36049447144049e-06, "PER": 7.811386416641557e-06, "CIV": 9.74941604273051e-06}, "Avocados": {"ISR": 1.1731700938281875e-09, "ESP": 5.0376177944285845e-09, "BRA": 6.389940138128065e-09, "MEX": 9.394309706308654e-09, "KEN": 2.631658034552684e-08, "PER": 2.536142542237979e-07, "ZAF": 3.083203389715412e-07, "CHL": 5.473976439834187e-07}, "Pineapples": {"IDN": 9.915296518670997e-09, "CHN": 6.241255948396566e-08, "PHL": 6.579067308384947e-08, "KEN": 1.167567836703994e-07, "THA": 5.083747309079345e-07, "PAN": 1.5949135574532193e-06, "CRI": 9.372476470430211e-06}, "Dates": {"ISR": 1.3099535801366406e-07, "SAU": 1.4889233110647428e-07, "TUN": 2.1057251379553003e-06, "IRN": 2.9957732211284906e-06, "TUR": 6.607467372836228e-06}, "Persimmons": {"AZE": 2.7835948215571515e-05, "ESP": 6.864295425806349e-05}, "Fruit; fresh nes": {"POL": 2.0249364978181666e-07, "ESP": 2.282954307553365e-06, "GEO": 5.666834464092551e-06, "TUR": 1.3087663403503135e-05, "CHN": 1.3127907787894134e-05, "AZE": 1.5045040190976358e-05, "ECU": 2.442977691875937e-05}, "Coffee; green": {"MYS": 1.7653003407763684e-05, "PER": 0.000118181276124, "IND": 0.0001505261316289, "VNM": 0.0002067516429391, "UGA": 0.0003190541999811, "IDN": 0.000505072383113, "BRA": 0.0008208752600872, "COL": 0.0015219286397439}, "Cocoa; beans": {"CMR": 5.990077058570977e-05, "IDN": 0.0001177472368242, "NGA": 0.0001365188719359, "GHA": 0.0006950740131063, "CIV": 0.0016355754418555}, "Tea": {"TUR": 2.177817121022497e-05, "IND": 3.03907398042882e-05, "GEO": 3.923855441532738e-05, "LKA": 0.0009017489269811, "CHN": 0.0027010092438967}, "Pepper (piper spp.)": {"IND": 1.821991387920603e-06, "MEX": 3.27231476144914e-06, "BRA": 4.556704461902705e-06, "IDN": 1.1207059840070083e-05, "LKA": 2.7154611264348743e-05, "VNM": 2.803832847071689e-05}, "Chillies and peppers; dry": {"IRN": 5.9431664477870966e-08, "UZB": 6.64678111930632e-08, "CHN": 2.7998197127927724e-07, "IND": 3.450451287148006e-07, "MEX": 7.403909741156348e-07, "PER": 7.89624619981477e-07, "TUR": 1.1418428248296026e-06}, "Vanilla": {"TUR": 7.741032560865978e-06, "MDG": 8.387007708801714e-05}, "Cinnamon (cannella)": {"CHN": 2.989328785557373e-08, "VNM": 1.87265109466342e-07, "MDG": 5.810525760130399e-07, "IDN": 1.0660502561309227e-06}, "Nutmeg; mace and cardamoms": {"GRD": 0.0, "IND": 4.362539841342796e-07, "LKA": 4.771284942349556e-07, "IDN": 1.4109517027709866e-06, "GTM": 2.7736734173707377e-05}, "Anise; badian; fennel; coriander": {"RUS": 3.2582726802519235e-08, "IND": 6.395226747231717e-08, "SYR": 2.087311939332876e-07, "TUR": 3.92001846277284e-07}, "Ginger": {"IND": 1.7430880243502332e-08, "NGA": 2.1611354567882143e-08, "ETH": 1.551219608103238e-07, "CHN": 4.749544232432852e-07}, "Spices nes": {"TUR": 3.32802171638568e-07, "GEO": 8.412557819857413e-07, "AZE": 1.7519020439741993e-06, "IND": 2.2507645579272654e-06}, "Meat; cattle": {"DNK": 4.816424956408033e-09, "SWE": 3.3225743415556326e-09, "DEU": 7.903713322050891e-07, "GBR": 4.214036770279367e-08, "SRB": 1.925511735075391e-09, "UKR": 4.766316810130295e-05, "POL": 9.47928956335342e-06, "BGR": 1.0339752931766108e-09, "CAN": 4.20044333642753e-09, "ITA": 2.8701367087185906e-07, "ROU": 5.993698552930615e-07, "FRA": 1.124080913003251e-06, "USA": 2.065144325079644e-06, "LUX": 1.0509871322364441e-10, "THA": 3.1019494023787686e-09, "RUS": 1.9827718667560143e-06, "HUN": 1.188085091583219e-06, "MNG": 3.289425271390912e-09, "CHE": 2.0026443742834575e-10, "MDA": 8.816221769576724e-09, "FIN": 6.138598164947545e-10, "ARG": 9.64150350654981e-06,