{"Wheat": {"KAZ": 0.0003121856594404, "TKM": 0.0830691604353186}, "Rice; paddy": {"RUS": 1.102048724691996e-07, "KAZ": 1.3240092280235517e-07, "TKM": 3.051983985053273e-05}, "Maize": {"TKM": 7.472131677550384e-05}, "Oats": {"RUS": 2.0475819763084097e-06}, "Grain; mixed": {"GBR": 2.443012839140617e-09, "LVA": 7.900013187328225e-08, "UKR": 2.480681577757096e-07}, "Potatoes": {"TKM": 0.0018539697309143}, "Beans; dry": {"CHN": 5.335908575162974e-06, "CAN": 1.5157330850654726e-05, "USA": 2.6842034497982973e-05}, "Peas; dry": {"KAZ": 3.656117094092489e-06, "UKR": 7.971579089056564e-06, "RUS": 8.30949169879201e-06, "TKM": 0.0009947550665572}, "Chick peas": {"AUS": 7.499068947012674e-06, "IND": 1.847000498387797e-05}, "Lentils": {"RUS": 2.950301743094764e-07, "CAN": 2.523216846430273e-06, "TUR": 4.434771746976366e-05}, "Almonds; with shell": {"TUR": 6.976406350744236e-07, "TKM": 0.0002552505600384}, "Walnuts; with shell": {"UZB": 1.534206902082269e-07, "USA": 7.019586331781206e-07, "CHL": 2.8499564294667648e-06, "TUR": 3.3535426449636295e-05}, "Pistachios": {"TUR": 1.7060557430231737e-05}, "Hazelnuts; with shell": {"TUR": 2.007047879078941e-06}, "Nuts nes": {"RUS": 1.40588864076423e-07, "LBN": 7.914934524708754e-07, "CHN": 1.6648963977047622e-06, "IRN": 2.9388662981498904e-06, "USA": 4.171348209000748e-06, "ESP": 4.358783793018496e-06, "MEX": 4.420471600370285e-06, "TKM": 1.6834020916960718e-05, "TUR": 2.075099095038929e-05}, "Soybeans": {"UKR": 3.8613259599932606e-05}, "Groundnuts; with shell": {"TUR": 1.468714878285226e-05, "CHN": 5.0878945377734446e-05}, "Coconuts": {"PNG": 1.028004819447063e-07, "IND": 2.282374036640253e-07, "CIV": 2.516276730606163e-07, "IDN": 1.102734869787392e-06, "PHL": 2.3679866764157445e-05}, "Olives": {"GRC": 4.090194613817369e-07, "ITA": 1.4927509244496737e-06, "ESP": 1.05815975459579e-05, "TUR": 1.9847257054306075e-05}, "Castor oil seed": {"IND": 1.7720685165707315e-06}, "Sunflower seed": {"TUR": 1.1552873391274973e-05, "UKR": 5.470821862604602e-05, "RUS": 0.0001904410200232}, "Rapeseed": {"BLR": 2.9678851044705386e-08, "RUS": 4.305541757424113e-08}, "Mustard seed": {"CAN": 1.3052833701777321e-08, "RUS": 3.273874256365402e-07, "UKR": 7.898146599655171e-07}, "Linseed": {"KAZ": 2.7643352609308007e-09, "UKR": 9.50289556725798e-09, "RUS": 5.350594911297515e-08}, "Oilseeds nes": {"RUS": 1.1058868091364787e-07, "AZE": 6.014923526057966e-06}, "Cabbages and other brassicas": {"TKM": 0.0005065137528497}, "Tomatoes": {"TKM": 0.0012372896363455}, "Cauliflowers and broccoli": {"TUR": 1.6914600364634566e-08}, "Pumpkins; squash and gourds": {"TUR": 3.1079698388767696e-10}, "Cucumbers and gherkins": {"TKM": 0.0001458734969241}, "Onions; dry": {"KAZ": 7.767237954141602e-06, "TJK": 9.192777089270224e-06, "TKM": 0.0004595042855421}, "Garlic": {"TKM": 3.483672314210376e-05}, "Carrots and turnips": {"TKM": 0.0002669656245808}, "Maize; green": {"UKR": 1.9200009182631778e-08, "HUN": 3.9537247921838134e-08, "USA": 7.664533238845298e-08, "CHN": 2.3010982481571376e-06, "THA": 8.873818912979279e-06}, "Mushrooms and truffles": {"CHN": 2.088916910283745e-07}, "Vegetables; fresh nes": {"TUR": 4.475497469696205e-06, "CHN": 1.83693363333292e-05, "TKM": 0.0001935466429789}, "Oranges": {"EGY": 1.2654197539913898e-07, "ZAF": 7.166189370997163e-07, "TUR": 1.3784426821858504e-05}, "Tangerines; mandarins; clementines; satsumas": {"TUR": 2.2455420822207604e-05}, "Lemons and limes": {"TUR": 9.97528554422118e-07}, "Grapefruit (inc. pomelos)": {"ISR": 1.158505345861107e-09, "CYP": 1.0681996673161872e-08, "CHN": 2.043686956053428e-08, "ZAF": 8.025960148149663e-08, "TUR": 4.1462336220450987e-07}, "Apples": {"TUR": 6.3697881236698165e-06, "TKM": 0.0008678039779974}, "Pears": {"TUR": 1.0874646328954723e-05}, "Quinces": {"TUR": 7.140105531191368e-08}, "Apricots": {"TUR": 2.3045450451622777e-05, "TKM": 0.0004617887352024}, "Cherries": {"TUR": 1.0108571265410434e-06}, "Peaches and nectarines": {"TUR": 5.228940235624424e-06, "TKM": 0.0003462447982768}, "Plums and sloes": {"TKM": 0.0003015937342056}, "Strawberries": {"TUR": 2.498076889578971e-08}, "Grapes": {"TKM": 0.0035439932419386}, "Watermelons": {"TKM": 0.0031610939762689}, "Figs": {"TUR": 4.122339167385938e-07}, "Mangoes; mangosteens; guavas": {"ISR": 2.547896044903132e-09, "MLI": 9.370980380159812e-09, "SEN": 4.021435186364562e-08, "MEX": 2.5286161794404336e-07, "DOM": 7.91826165804266e-07, "ECU": 8.148570237000187e-07, "BRA": 1.2097054265828144e-06, "CRI": 1.907442088382027e-06, "PER": 3.3543881296184463e-06, "CIV": 4.0946393397700286e-06}, "Avocados": {"ISR": 1.0637802930915483e-09, "BRA": 2.431199191455734e-09, "ESP": 3.3037547179047803e-09, "MEX": 4.481285084276038e-09, "KEN": 1.2610207625052884e-08, "ZAF": 8.994562317059836e-08, "PER": 1.089077659835068e-07, "CHL": 1.662741442784269e-07}, "Pineapples": {"IDN": 7.72309720122674e-09, "CHN": 2.6523998250422497e-08, "KEN": 5.5946755406136194e-08, "PHL": 5.91039828079415e-08, "PAN": 3.863361077137867e-07, "THA": 4.828719064861247e-07, "CRI": 4.099868996316603e-06}, "Dates": {"SAU": 5.7473751670674863e-08, "ISR": 1.1878096882498265e-07, "IRN": 1.5272304321011222e-06, "TUN": 1.6987814301999763e-06, "TUR": 4.907288895330019e-06}, "Persimmons": {"AZE": 1.574500706438472e-05, "ESP": 4.50172071870575e-05}, "Fruit; fresh nes": {"POL": 1.5928340161182236e-07, "GEO": 1.1694574393324846e-06, "ESP": 1.4971999409486748e-06, "CHN": 5.579079051985822e-06, "ECU": 7.157302152129411e-06, "AZE": 8.510012386011014e-06, "TUR": 9.720054850344227e-06}, "Coffee; green": {"MYS": 1.671745927403482e-05, "PER": 6.226271561933077e-05, "IND": 0.0001401199240001, "VNM": 0.0001974397599047, "COL": 0.0002080401824345, "UGA": 0.0002214531465488, "BRA": 0.0003139513389677, "IDN": 0.0004026156411143}, "Cocoa; beans": {"CMR": 4.691958604034784e-05, "NGA": 7.660721037604188e-05, "IDN": 9.38615549542511e-05, "GHA": 0.0003984765861466, "CIV": 0.0007597660274176}, "Tea": {"GEO": 1.3624574940066954e-05, "TUR": 1.567031419650482e-05, "IND": 2.828976009415393e-05, "LKA": 0.0007656179189756, "CHN": 0.0013391351559974}, "Pepper (piper spp.)": {"BRA": 1.6564949994658267e-06, "IND": 1.6958671667766266e-06, "MEX": 2.106373679584381e-06, "IDN": 8.765062630805624e-06, "LKA": 2.244142140715566e-05, "VNM": 2.6630792290500785e-05}, "Chillies and peppers; dry": {"IRN": 3.2926091541330424e-08, "UZB": 4.551892604387268e-08, "CHN": 1.5405593099298993e-07, "PER": 2.963788776207813e-07, "IND": 3.242425340450055e-07, "MEX": 3.829372701662891e-07, "TUR": 7.851432230691518e-07}, "Vanilla": {"TUR": 5.171076333116615e-06, "MDG": 1.793079820539771e-05}, "Cinnamon (cannella)": {"CHN": 1.0790660610338416e-08, "MDG": 1.2422471576224293e-07, "VNM": 1.778643202166801e-07, "IDN": 8.337599152602973e-07}, "Nutmeg; mace and cardamoms": {"GRD": 0.0, "LKA": 3.943139343904387e-07, "IND": 4.060550521663913e-07, "IDN": 1.103507986957639e-06, "GTM": 1.6957160738787627e-05}, "Anise; badian; fennel; coriander": {"RUS": 1.9580228890975472e-08, "IND": 5.95252817144192e-08, "SYR": 1.422429208259796e-07, "TUR": 2.6186060501413456e-07}, "Ginger": {"NGA": 1.2840925578198977e-08, "IND": 1.6224257528850145e-08, "ETH": 1.0638655504996312e-07, "CHN": 1.7144557705925706e-07}, "Spices nes": {"GEO": 1.5216098272651246e-07, "TUR": 2.223147131650216e-07, "AZE": 9.056898862854904e-07, "IND": 2.094959251311067e-06}, "Meat; cattle": {"DNK": 5.5747247876609975e-09, "SWE": 3.011243859203958e-09, "GBR": 1.747848529741334e-08, "MNG": 4.3614451233917003e-10, "DEU": 6.412841508983233e-07, "FRA": 2.4752595392876726e-07, "SRB": 1.6189566479662753e-09, "NOR": 1.769213008154849e-11, "UKR": 3.879161684698034e-05, "BGR": 7.25817145340983e-10, "USA": 1.3782472837555702e-06, "POL": 7.813691661982728e-06, "LUX": 4.7579905219863814e-11, "CAN": 3.6441410899237508e-09, "ROU": 4.396930306587888e-07, "ITA": 2.383075853415303e-07, "CHE": 8.100774412087836e-11, "RUS": 1.6414239516398659e-06, "THA": 2.9338261691686865e-09, "HUN": 1.0698128499384568e-06, "MDA": 7.492474715872338e-09,